station_id,timestamp,temperature,humidity,pressure,wind_speed,wind_direction,rainfall,solar_radiation,ingest_source,ingested_at
NCR001,2024-05-01T00:00:00Z,20.45,33.8,977.9,2.97,312.0,0.0,0.0,openmeteo_archive,2026-09-24T16:48:07.927368+00:00
NCR001,2024-05-01T01:00:00Z,21.5,41.9,979.3,4.39,311.0,0.0,37.7,openmeteo_archive,2026-09-24T16:48:07.927368+00:00
NCR001,2024-05-01T02:00:00Z,23.3,38.0,980.1,4.11,319.0,0.0,223.1,openmeteo_archive,2026-09-24T16:48:07.927368+00:00
NCR001,2024-05-01T03:00:00Z,25.65,32.6,980.5,4.89,319.0,0.0,414.0,openmeteo_archive,2026-09-24T16:48:07.927368+00:00
NCR001,2024-05-01T04:00:00Z,27.95,25.0,981.2,5.66,318.0,0.0,545.1,openmeteo_archive,2026-09-24T16:48:07.927368+00:00
NCR001,2024-05-01T05:00:00Z,30.1,17.3,981.1,6.29,314.0,0.0,628.4,openmeteo_archive,2026-09-24T16:48:07.927368+00:00
NCR001,2024-05-01T06:00:00Z,31.5,13.1,980.8,6.52,311.0,0.0,675.9,openmeteo_archive,2026-09-24T16:48:07.927368+00:00
NCR001,2024-05-01T07:00:00Z,32.3,11.9,980.3,6.34,308.0,0.0,696.3,openmeteo_archive,2026-09-24T16:48:07.927368+00:00
NCR001,2024-05-01T08:00:00Z,32.6,11.9,979.9,6.3,306.0,0.0,689.8,openmeteo_archive,2026-09-24T16:48:07.927368+00:00
NCR001,2024-05-01T09:00:00Z,32.65,12.1,979.3,6.28,301.0,0.0,659.2,openmeteo_archive,2026-09-24T16:48:07.927368+00:00
NCR001,2024-05-01T10:00:00Z,32.45,11.9,978.7,6.41,293.0,0.0,601.9,openmeteo_archive,2026-09-24T16:48:07.927368+00:00
NCR001,2024-05-01T11:00:00Z,31.7,12.9,978.5,6.56,291.0,0.0,506.9,openmeteo_archive,2026-09-24T16:48:07.927368+00:00
NCR001,2024-05-01T12:00:00Z,30.7,14.1,978.4,6.22,298.0,0.0,354.2,openmeteo_archive,2026-09-24T16:48:07.927368+00:00
NCR001,2024-05-01T13:00:00Z,29.8,13.8,978.8,4.75,319.0,0.0,149.6,openmeteo_archive,2026-09-24T16:48:07.927368+00:00
NCR001,2024-05-01T14:00:00Z,28.0,17.0,979.6,3.69,327.0,0.0,0.0,openmeteo_archive,2026-09-24T16:48:07.927368+00:00
NCR001,2024-05-01T15:00:00Z,26.75,19.7,979.9,3.36,330.0,0.0,0.0,openmeteo_archive,2026-09-24T16:48:07.927368+00:00
NCR001,2024-05-01T16:00:00Z,26.05,23.1,980.7,4.32,347.0,0.0,0.0,openmeteo_archive,2026-09-24T16:48:07.927368+00:00
NCR001,2024-05-01T17:00:00Z,24.55,26.7,980.9,2.67,347.0,0.0,0.0,openmeteo_archive,2026-09-24T16:48:07.927368+00:00
NCR001,2024-05-01T18:00:00Z,23.2,30.0,980.7,2.0,323.0,0.0,0.0,openmeteo_archive,2026-09-24T16:48:07.927368+00:00
NCR001,2024-05-01T19:00:00Z,22.45,32.0,980.6,2.7,309.0,0.0,0.0,openmeteo_archive,2026-09-24T16:48:07.927368+00:00
NCR001,2024-05-01T20:00:00Z,21.45,34.5,980.0,2.28,299.0,0.0,0.0,openmeteo_archive,2026-09-24T16:48:07.927368+00:00
NCR001,2024-05-01T21:00:00Z,20.65,36.6,979.6,2.15,292.0,0.0,0.0,openmeteo_archive,2026-09-24T16:48:07.927368+00:00
NCR001,2024-05-01T22:00:00Z,20.25,37.3,979.5,2.64,295.0,0.0,0.0,openmeteo_archive,2026-09-24T16:48:07.927368+00:00
NCR001,2024-05-01T23:00:00Z,19.8,37.6,979.3,2.56,291.0,0.0,0.0,openmeteo_archive,2026-09-24T16:48:07.927368+00:00
NCR001,2024-05-02T00:00:00Z,19.3,38.2,979.7,2.83,278.0,0.0,0.0,openmeteo_archive,2026-09-24T16:48:07.927368+00:00
NCR001,2024-05-02T01:00:00Z,20.55,41.0,980.6,3.23,286.0,0.0,37.2,openmeteo_archive,2026-09-24T16:48:07.927368+00:00
NCR001,2024-05-02T02:00:00Z,22.9,37.0,981.4,3.42,285.0,0.0,224.6,openmeteo_archive,2026-09-24T16:48:07.927368+00:00
NCR001,2024-05-02T03:00:00Z,26.0,31.8,981.6,3.68,292.0,0.0,418.2,openmeteo_archive,2026-09-24T16:48:07.927368+00:00
NCR001,2024-05-02T04:00:00Z,28.85,24.8,982.5,5.2,300.0,0.0,546.5,openmeteo_archive,2026-09-24T16:48:07.927368+00:00
NCR001,2024-05-02T05:00:00Z,30.8,20.3,982.3,4.83,320.0,0.0,617.4,openmeteo_archive,2026-09-24T16:48:07.927368+00:00
NCR001,2024-05-02T06:00:00Z,32.4,17.6,981.9,4.97,320.0,0.0,653.2,openmeteo_archive,2026-09-24T16:48:07.927368+00:00
NCR001,2024-05-02T07:00:00Z,33.7,15.3,981.4,5.12,321.0,0.0,642.8,openmeteo_archive,2026-09-24T16:48:07.927368+00:00
NCR001,2024-05-02T08:00:00Z,34.55,14.7,980.7,5.22,324.0,0.0,627.4,openmeteo_archive,2026-09-24T16:48:07.927368+00:00
NCR001,2024-05-02T09:00:00Z,34.9,15.9,980.0,5.4,321.0,0.0,644.8,openmeteo_archive,2026-09-24T16:48:07.927368+00:00
NCR001,2024-05-02T10:00:00Z,35.0,15.3,979.2,5.32,319.0,0.0,593.2,openmeteo_archive,2026-09-24T16:48:07.927368+00:00
NCR001,2024-05-02T11:00:00Z,34.6,15.6,978.7,5.23,317.0,0.0,497.5,openmeteo_archive,2026-09-24T16:48:07.927368+00:00
NCR001,2024-05-02T12:00:00Z,33.8,16.5,978.4,4.74,312.0,0.0,345.5,openmeteo_archive,2026-09-24T16:48:07.927368+00:00
NCR001,2024-05-02T13:00:00Z,32.4,19.0,979.4,3.42,308.0,0.0,143.0,openmeteo_archive,2026-09-24T16:48:07.927368+00:00
NCR001,2024-05-02T14:00:00Z,30.4,20.9,980.2,3.5,301.0,0.0,0.0,openmeteo_archive,2026-09-24T16:48:07.927368+00:00
NCR001,2024-05-02T15:00:00Z,29.3,21.6,980.5,2.76,316.0,0.0,0.0,openmeteo_archive,2026-09-24T16:48:07.927368+00:00
NCR001,2024-05-02T16:00:00Z,27.7,24.3,981.0,2.39,327.0,0.0,0.0,openmeteo_archive,2026-09-24T16:48:07.927368+00:00
NCR001,2024-05-02T17:00:00Z,26.35,27.2,981.3,2.82,293.0,0.0,0.0,openmeteo_archive,2026-09-24T16:48:07.927368+00:00
NCR001,2024-05-02T18:00:00Z,25.1,29.8,981.2,2.42,294.0,0.0,0.0,openmeteo_archive,2026-09-24T16:48:07.927368+00:00
NCR001,2024-05-02T19:00:00Z,23.7,32.5,980.8,2.01,297.0,0.0,0.0,openmeteo_archive,2026-09-24T16:48:07.927368+00:00
NCR001,2024-05-02T20:00:00Z,22.85,33.6,980.1,2.08,305.0,0.0,0.0,openmeteo_archive,2026-09-24T16:48:07.927368+00:00
NCR001,2024-05-02T21:00:00Z,22.2,33.7,979.9,2.05,313.0,0.0,0.0,openmeteo_archive,2026-09-24T16:48:07.927368+00:00
NCR001,2024-05-02T22:00:00Z,21.65,34.3,980.0,2.2,300.0,0.0,0.0,openmeteo_archive,2026-09-24T16:48:07.927368+00:00
NCR001,2024-05-02T23:00:00Z,21.15,35.0,980.1,2.33,295.0,0.0,0.0,openmeteo_archive,2026-09-24T16:48:07.927368+00:00
NCR001,2024-05-03T00:00:00Z,20.7,36.1,980.5,2.26,283.0,0.0,0.0,openmeteo_archive,2026-09-24T16:48:07.927368+00:00
NCR001,2024-05-03T01:00:00Z,22.6,36.1,981.1,2.55,296.0,0.0,36.8,openmeteo_archive,2026-09-24T16:48:07.927368+00:00
NCR001,2024-05-03T02:00:00Z,25.3,32.1,981.8,2.55,281.0,0.0,219.0,openmeteo_archive,2026-09-24T16:48:07.927368+00:00
NCR001,2024-05-03T03:00:00Z,28.6,27.0,982.7,3.0,270.0,0.0,410.2,openmeteo_archive,2026-09-24T16:48:07.927368+00:00
NCR001,2024-05-03T04:00:00Z,31.8,22.3,983.1,3.61,275.0,0.0,539.1,openmeteo_archive,2026-09-24T16:48:07.927368+00:00
NCR001,2024-05-03T05:00:00Z,34.4,17.0,983.0,4.55,289.0,0.0,606.5,openmeteo_archive,2026-09-24T16:48:07.927368+00:00
NCR001,2024-05-03T06:00:00Z,36.05,13.8,982.6,5.68,296.0,0.0,641.5,openmeteo_archive,2026-09-24T16:48:07.927368+00:00
NCR001,2024-05-03T07:00:00Z,37.2,12.2,981.8,6.47,302.0,0.0,676.0,openmeteo_archive,2026-09-24T16:48:07.927368+00:00
NCR001,2024-05-03T08:00:00Z,37.85,11.2,980.8,6.64,307.0,0.0,622.5,openmeteo_archive,2026-09-24T16:48:07.927368+00:00
NCR001,2024-05-03T09:00:00Z,38.05,11.1,980.2,6.28,307.0,0.0,583.5,openmeteo_archive,2026-09-24T16:48:07.927368+00:00
NCR001,2024-05-03T10:00:00Z,37.9,11.3,979.7,5.72,306.0,0.0,430.3,openmeteo_archive,2026-09-24T16:48:07.927368+00:00
NCR001,2024-05-03T11:00:00Z,37.5,11.7,979.6,5.35,303.0,0.0,417.5,openmeteo_archive,2026-09-24T16:48:07.927368+00:00
NCR001,2024-05-03T12:00:00Z,36.55,12.3,979.8,5.05,297.0,0.0,181.8,openmeteo_archive,2026-09-24T16:48:07.927368+00:00
NCR001,2024-05-03T13:00:00Z,34.65,15.1,980.7,3.71,297.0,0.0,0.0,openmeteo_archive,2026-09-24T16:48:07.927368+00:00
NCR001,2024-05-03T14:00:00Z,33.35,15.8,981.4,4.37,290.0,0.0,0.0,openmeteo_archive,2026-09-24T16:48:07.927368+00:00
NCR001,2024-05-03T15:00:00Z,31.7,17.5,981.8,3.38,304.0,0.0,0.0,openmeteo_archive,2026-09-24T16:48:07.927368+00:00
NCR001,2024-05-03T16:00:00Z,30.1,19.6,982.2,3.11,318.0,0.0,0.0,openmeteo_archive,2026-09-24T16:48:07.927368+00:00
NCR001,2024-05-03T17:00:00Z,29.4,20.5,982.2,3.26,320.0,0.0,0.0,openmeteo_archive,2026-09-24T16:48:07.927368+00:00
NCR001,2024-05-03T18:00:00Z,28.7,21.8,982.0,2.58,324.0,0.0,0.0,openmeteo_archive,2026-09-24T16:48:07.927368+00:00
NCR001,2024-05-03T19:00:00Z,28.5,22.7,981.4,2.55,318.0,0.0,0.0,openmeteo_archive,2026-09-24T16:48:07.927368+00:00
NCR001,2024-05-03T20:00:00Z,27.8,24.4,980.8,2.28,322.0,0.0,0.0,openmeteo_archive,2026-09-24T16:48:07.927368+00:00
NCR001,2024-05-03T21:00:00Z,27.7,25.1,980.5,2.01,333.0,0.0,0.0,openmeteo_archive,2026-09-24T16:48:07.927368+00:00
NCR001,2024-05-03T22:00:00Z,27.25,26.2,980.4,1.66,335.0,0.0,0.0,openmeteo_archive,2026-09-24T16:48:07.927368+00:00
NCR001,2024-05-03T23:00:00Z,26.5,29.6,980.4,2.55,349.0,0.0,0.0,openmeteo_archive,2026-09-24T16:48:07.927368+00:00
NCR001,2024-05-04T00:00:00Z,27.0,26.8,981.5,2.86,234.0,0.0,0.0,openmeteo_archive,2026-09-24T16:48:07.927368+00:00
NCR001,2024-05-04T01:00:00Z,26.6,30.1,982.9,3.11,276.0,0.0,0.0,openmeteo_archive,2026-09-24T16:48:07.927368+00:00
NCR001,2024-05-04T02:00:00Z,28.7,27.0,983.4,3.54,286.0,0.0,31.5,openmeteo_archive,2026-09-24T16:48:07.927368+00:00
NCR001,2024-05-04T03:00:00Z,31.2,22.9,984.0,4.2,308.0,0.0,167.8,openmeteo_archive,2026-09-24T16:48:07.927368+00:00
NCR001,2024-05-04T04:00:00Z,33.5,19.8,984.0,3.75,314.0,0.0,327.0,openmeteo_archive,2026-09-24T16:48:07.927368+00:00
NCR001,2024-05-04T05:00:00Z,37.25,14.5,983.8,4.04,318.0,0.0,581.1,openmeteo_archive,2026-09-24T16:48:07.927368+00:00
NCR001,2024-05-04T06:00:00Z,38.95,11.3,983.1,3.62,309.0,0.0,586.5,openmeteo_archive,2026-09-24T16:48:07.927368+00:00
NCR001,2024-05-04T07:00:00Z,40.0,10.1,982.3,3.13,297.0,0.0,623.8,openmeteo_archive,2026-09-24T16:48:07.927368+00:00
NCR001,2024-05-04T08:00:00Z,40.5,10.3,981.6,4.41,283.0,0.0,663.5,openmeteo_archive,2026-09-24T16:48:07.927368+00:00
NCR001,2024-05-04T09:00:00Z,40.55,10.0,980.6,4.49,282.0,0.0,628.7,openmeteo_archive,2026-09-24T16:48:07.927368+00:00
NCR001,2024-05-04T10:00:00Z,40.45,9.4,979.8,4.55,279.0,0.0,562.9,openmeteo_archive,2026-09-24T16:48:07.927368+00:00
NCR001,2024-05-04T11:00:00Z,39.75,9.6,979.2,4.49,282.0,0.0,439.5,openmeteo_archive,2026-09-24T16:48:07.927368+00:00
NCR001,2024-05-04T12:00:00Z,38.6,10.7,978.8,3.97,311.0,0.0,210.0,openmeteo_archive,2026-09-24T16:48:07.927368+00:00
NCR001,2024-05-04T13:00:00Z,36.0,13.1,978.7,2.02,340.0,0.0,130.3,openmeteo_archive,2026-09-24T16:48:07.927368+00:00
NCR001,2024-05-04T14:00:00Z,33.3,15.6,978.8,2.42,330.0,0.0,0.0,openmeteo_archive,2026-09-24T16:48:07.927368+00:00
NCR001,2024-05-04T15:00:00Z,31.6,18.8,979.0,2.48,310.0,0.0,0.0,openmeteo_archive,2026-09-24T16:48:07.927368+00:00
NCR001,2024-05-04T16:00:00Z,30.9,20.1,979.5,2.36,306.0,0.0,0.0,openmeteo_archive,2026-09-24T16:48:07.927368+00:00
NCR001,2024-05-04T17:00:00Z,30.25,20.3,979.3,2.4,268.0,0.0,0.0,openmeteo_archive,2026-09-24T16:48:07.927368+00:00
NCR001,2024-05-04T18:00:00Z,28.75,22.8,979.2,2.19,317.0,0.0,0.0,openmeteo_archive,2026-09-24T16:48:07.927368+00:00
NCR001,2024-05-04T19:00:00Z,27.65,24.9,978.3,2.06,337.0,0.0,0.0,openmeteo_archive,2026-09-24T16:48:07.927368+00:00
NCR001,2024-05-04T20:00:00Z,26.85,26.5,977.6,2.6,337.0,0.0,0.0,openmeteo_archive,2026-09-24T16:48:07.927368+00:00
NCR001,2024-05-04T21:00:00Z,26.4,28.0,976.9,2.47,328.0,0.0,0.0,openmeteo_archive,2026-09-24T16:48:07.927368+00:00
NCR001,2024-05-04T22:00:00Z,25.5,28.9,976.9,1.44,236.0,0.0,0.0,openmeteo_archive,2026-09-24T16:48:07.927368+00:00
NCR001,2024-05-04T23:00:00Z,25.9,27.7,977.1,2.79,249.0,0.0,0.0,openmeteo_archive,2026-09-24T16:48:07.927368+00:00
NCR001,2024-05-05T00:00:00Z,25.0,29.7,977.3,2.5,272.0,0.0,0.0,openmeteo_archive,2026-09-24T16:48:07.927368+00:00
NCR001,2024-05-05T01:00:00Z,26.5,30.2,977.6,3.31,267.0,0.0,44.9,openmeteo_archive,2026-09-24T16:48:07.927368+00:00
NCR001,2024-05-05T02:00:00Z,28.55,28.6,978.4,3.4,272.0,0.0,208.3,openmeteo_archive,2026-09-24T16:48:07.927368+00:00
NCR001,2024-05-05T03:00:00Z,31.4,24.5,979.1,3.4,294.0,0.0,388.6,openmeteo_archive,2026-09-24T16:48:07.927368+00:00
NCR001,2024-05-05T04:00:00Z,35.05,18.3,979.5,3.5,307.0,0.0,514.2,openmeteo_archive,2026-09-24T16:48:07.927368+00:00
NCR001,2024-05-05T05:00:00Z,38.0,13.1,979.3,3.68,317.0,0.0,593.4,openmeteo_archive,2026-09-24T16:48:07.927368+00:00
NCR001,2024-05-05T06:00:00Z,39.6,11.7,978.7,3.81,337.0,0.0,635.4,openmeteo_archive,2026-09-24T16:48:07.927368+00:00
NCR001,2024-05-05T07:00:00Z,40.4,12.1,978.1,4.29,332.0,0.0,652.9,openmeteo_archive,2026-09-24T16:48:07.927368+00:00
NCR001,2024-05-05T08:00:00Z,40.8,12.1,977.3,4.31,314.0,0.0,649.2,openmeteo_archive,2026-09-24T16:48:07.927368+00:00
NCR001,2024-05-05T09:00:00Z,40.9,11.9,976.5,4.49,302.0,0.0,622.4,openmeteo_archive,2026-09-24T16:48:07.927368+00:00
NCR001,2024-05-05T10:00:00Z,40.65,11.9,976.0,5.16,302.0,0.0,565.9,openmeteo_archive,2026-09-24T16:48:07.927368+00:00
NCR001,2024-05-05T11:00:00Z,40.0,11.9,975.4,5.33,300.0,0.0,472.9,openmeteo_archive,2026-09-24T16:48:07.927368+00:00
NCR001,2024-05-05T12:00:00Z,39.35,12.5,975.5,4.97,295.0,0.0,327.1,openmeteo_archive,2026-09-24T16:48:07.927368+00:00
NCR001,2024-05-05T13:00:00Z,37.8,14.3,975.9,3.22,300.0,0.0,134.0,openmeteo_archive,2026-09-24T16:48:07.927368+00:00
NCR001,2024-05-05T14:00:00Z,35.2,17.6,976.6,3.68,313.0,0.0,0.0,openmeteo_archive,2026-09-24T16:48:07.927368+00:00
NCR001,2024-05-05T15:00:00Z,33.55,19.6,977.1,3.18,314.0,0.0,0.0,openmeteo_archive,2026-09-24T16:48:07.927368+00:00
NCR001,2024-05-05T16:00:00Z,32.45,20.1,977.6,2.84,321.0,0.0,0.0,openmeteo_archive,2026-09-24T16:48:07.927368+00:00
NCR001,2024-05-05T17:00:00Z,30.9,21.2,977.9,2.58,324.0,0.0,0.0,openmeteo_archive,2026-09-24T16:48:07.927368+00:00
NCR001,2024-05-05T18:00:00Z,29.9,22.0,978.0,2.7,321.0,0.0,0.0,openmeteo_archive,2026-09-24T16:48:07.927368+00:00
NCR001,2024-05-05T19:00:00Z,29.55,22.9,977.8,3.19,328.0,0.0,0.0,openmeteo_archive,2026-09-24T16:48:07.927368+00:00
NCR001,2024-05-05T20:00:00Z,28.8,24.8,977.5,2.87,331.0,0.0,0.0,openmeteo_archive,2026-09-24T16:48:07.927368+00:00
NCR001,2024-05-05T21:00:00Z,28.35,26.5,977.3,3.04,333.0,0.0,0.0,openmeteo_archive,2026-09-24T16:48:07.927368+00:00
NCR001,2024-05-05T22:00:00Z,27.85,28.4,977.6,2.97,315.0,0.0,0.0,openmeteo_archive,2026-09-24T16:48:07.927368+00:00
NCR001,2024-05-05T23:00:00Z,26.85,30.8,978.0,2.33,301.0,0.0,0.0,openmeteo_archive,2026-09-24T16:48:07.927368+00:00
NCR001,2024-05-06T00:00:00Z,25.95,32.9,978.4,2.15,298.0,0.0,0.0,openmeteo_archive,2026-09-24T16:48:07.927368+00:00
NCR001,2024-05-06T01:00:00Z,27.9,32.5,979.6,2.11,301.0,0.0,44.5,openmeteo_archive,2026-09-24T16:48:07.927368+00:00
NCR001,2024-05-06T02:00:00Z,30.05,29.5,980.5,2.45,282.0,0.0,206.7,openmeteo_archive,2026-09-24T16:48:07.927368+00:00
NCR001,2024-05-06T03:00:00Z,32.8,25.7,981.3,2.66,290.0,0.0,383.0,openmeteo_archive,2026-09-24T16:48:07.927368+00:00
NCR001,2024-05-06T04:00:00Z,35.45,22.4,981.7,2.75,303.0,0.0,505.6,openmeteo_archive,2026-09-24T16:48:07.927368+00:00
NCR001,2024-05-06T05:00:00Z,37.6,18.9,981.8,3.11,315.0,0.0,581.5,openmeteo_archive,2026-09-24T16:48:07.927368+00:00
NCR001,2024-05-06T06:00:00Z,39.05,16.4,981.6,4.69,310.0,0.0,621.6,openmeteo_archive,2026-09-24T16:48:07.927368+00:00
NCR001,2024-05-06T07:00:00Z,39.75,15.0,980.9,5.06,308.0,0.0,592.6,openmeteo_archive,2026-09-24T16:48:07.927368+00:00
NCR001,2024-05-06T08:00:00Z,40.4,14.0,979.9,5.56,308.0,0.0,602.8,openmeteo_archive,2026-09-24T16:48:07.927368+00:00
NCR001,2024-05-06T09:00:00Z,40.6,13.5,979.2,6.34,308.0,0.0,583.6,openmeteo_archive,2026-09-24T16:48:07.927368+00:00
NCR001,2024-05-06T10:00:00Z,40.15,13.7,978.5,6.44,306.0,0.0,509.6,openmeteo_archive,2026-09-24T16:48:07.927368+00:00
NCR001,2024-05-06T11:00:00Z,39.6,14.5,978.0,5.72,297.0,0.0,365.8,openmeteo_archive,2026-09-24T16:48:07.927368+00:00
NCR001,2024-05-06T12:00:00Z,38.9,13.8,977.9,6.55,286.0,0.0,277.9,openmeteo_archive,2026-09-24T16:48:07.927368+00:00
NCR001,2024-05-06T13:00:00Z,37.45,15.1,978.4,4.61,297.0,0.0,118.0,openmeteo_archive,2026-09-24T16:48:07.927368+00:00
NCR001,2024-05-06T14:00:00Z,35.4,17.2,978.9,4.21,298.0,0.0,0.0,openmeteo_archive,2026-09-24T16:48:07.927368+00:00
NCR001,2024-05-06T15:00:00Z,33.95,18.9,979.3,3.08,306.0,0.0,0.0,openmeteo_archive,2026-09-24T16:48:07.927368+00:00
NCR001,2024-05-06T16:00:00Z,32.4,21.3,979.9,3.08,306.0,0.0,0.0,openmeteo_archive,2026-09-24T16:48:07.927368+00:00
NCR001,2024-05-06T17:00:00Z,31.55,22.8,980.0,2.69,318.0,0.0,0.0,openmeteo_archive,2026-09-24T16:48:07.927368+00:00
NCR001,2024-05-06T18:00:00Z,30.3,24.8,980.0,2.25,339.0,0.0,0.0,openmeteo_archive,2026-09-24T16:48:07.927368+00:00
NCR001,2024-05-06T19:00:00Z,28.7,27.6,979.6,2.51,5.0,0.0,0.0,openmeteo_archive,2026-09-24T16:48:07.927368+00:00
NCR001,2024-05-06T20:00:00Z,28.1,29.7,979.0,2.53,351.0,0.0,0.0,openmeteo_archive,2026-09-24T16:48:07.927368+00:00
NCR001,2024-05-06T21:00:00Z,26.8,32.3,978.9,2.2,300.0,0.0,0.0,openmeteo_archive,2026-09-24T16:48:07.927368+00:00
NCR001,2024-05-06T22:00:00Z,26.15,33.6,979.3,1.93,291.0,0.0,0.0,openmeteo_archive,2026-09-24T16:48:07.927368+00:00
NCR001,2024-05-06T23:00:00Z,29.0,27.0,979.8,1.34,333.0,0.0,0.0,openmeteo_archive,2026-09-24T16:48:07.927368+00:00
NCR001,2024-05-07T00:00:00Z,29.05,26.4,980.1,1.6,86.0,0.0,0.0,openmeteo_archive,2026-09-24T16:48:07.927368+00:00
NCR001,2024-05-07T01:00:00Z,27.85,35.7,980.9,1.24,194.0,0.0,44.0,openmeteo_archive,2026-09-24T16:48:07.927368+00:00
NCR001,2024-05-07T02:00:00Z,30.8,30.2,981.7,1.39,150.0,0.0,188.0,openmeteo_archive,2026-09-24T16:48:07.927368+00:00
NCR001,2024-05-07T03:00:00Z,33.65,25.9,982.5,0.41,14.0,0.0,289.7,openmeteo_archive,2026-09-24T16:48:07.927368+00:00
NCR001,2024-05-07T04:00:00Z,35.4,24.1,983.3,2.6,358.0,0.0,314.3,openmeteo_archive,2026-09-24T16:48:07.927368+00:00
NCR001,2024-05-07T05:00:00Z,37.25,21.1,983.2,2.56,39.0,0.0,467.4,openmeteo_archive,2026-09-24T16:48:07.927368+00:00
NCR001,2024-05-07T06:00:00Z,39.45,17.1,983.1,1.49,48.0,0.0,596.1,openmeteo_archive,2026-09-24T16:48:07.927368+00:00
NCR001,2024-05-07T07:00:00Z,40.55,14.2,982.4,1.0,6.0,0.0,573.5,openmeteo_archive,2026-09-24T16:48:07.927368+00:00
NCR001,2024-05-07T08:00:00Z,41.4,13.3,981.4,2.55,315.0,0.0,562.8,openmeteo_archive,2026-09-24T16:48:07.927368+00:00
NCR001,2024-05-07T09:00:00Z,41.3,12.8,980.5,3.5,307.0,0.0,521.6,openmeteo_archive,2026-09-24T16:48:07.927368+00:00
NCR001,2024-05-07T10:00:00Z,41.25,12.7,979.8,2.97,303.0,0.0,542.4,openmeteo_archive,2026-09-24T16:48:07.927368+00:00
NCR001,2024-05-07T11:00:00Z,41.05,12.3,979.8,3.47,319.0,0.0,451.4,openmeteo_archive,2026-09-24T16:48:07.927368+00:00
NCR001,2024-05-07T12:00:00Z,40.15,12.7,979.7,2.32,7.0,0.0,293.6,openmeteo_archive,2026-09-24T16:48:07.927368+00:00
NCR001,2024-05-07T13:00:00Z,37.9,16.2,979.8,2.94,35.0,0.0,112.1,openmeteo_archive,2026-09-24T16:48:07.927368+00:00
NCR001,2024-05-07T14:00:00Z,35.15,18.7,980.1,2.47,76.0,0.0,0.0,openmeteo_archive,2026-09-24T16:48:07.927368+00:00
NCR001,2024-05-07T15:00:00Z,33.2,29.2,981.0,5.02,96.0,0.0,0.0,openmeteo_archive,2026-09-24T16:48:07.927368+00:00
NCR001,2024-05-07T16:00:00Z,31.55,38.8,981.6,4.09,112.0,0.0,0.0,openmeteo_archive,2026-09-24T16:48:07.927368+00:00
NCR001,2024-05-07T17:00:00Z,30.9,39.8,981.8,3.72,144.0,0.0,0.0,openmeteo_archive,2026-09-24T16:48:07.927368+00:00
NCR001,2024-05-07T18:00:00Z,30.4,39.8,981.9,4.0,148.0,0.0,0.0,openmeteo_archive,2026-09-24T16:48:07.927368+00:00
NCR001,2024-05-07T19:00:00Z,28.75,44.9,982.0,1.71,111.0,0.0,0.0,openmeteo_archive,2026-09-24T16:48:07.927368+00:00
NCR001,2024-05-07T20:00:00Z,28.15,47.4,981.6,2.42,142.0,0.0,0.0,openmeteo_archive,2026-09-24T16:48:07.927368+00:00
NCR001,2024-05-07T21:00:00Z,27.75,49.0,981.2,2.61,148.0,0.0,0.0,openmeteo_archive,2026-09-24T16:48:07.927368+00:00
NCR001,2024-05-07T22:00:00Z,27.6,49.5,981.1,3.36,143.0,0.0,0.0,openmeteo_archive,2026-09-24T16:48:07.927368+00:00
NCR001,2024-05-07T23:00:00Z,27.5,50.0,981.3,4.34,151.0,0.0,0.0,openmeteo_archive,2026-09-24T16:48:07.927368+00:00
NCR002,2024-05-01T00:00:00Z,19.8,35.5,976.3,2.44,325.0,0.0,0.0,openmeteo_archive,2026-09-24T16:48:08.152623+00:00
NCR002,2024-05-01T01:00:00Z,21.05,42.7,977.6,3.96,313.0,0.0,38.3,openmeteo_archive,2026-09-24T16:48:08.152623+00:00
NCR002,2024-05-01T02:00:00Z,22.95,39.5,978.5,3.86,323.0,0.0,218.2,openmeteo_archive,2026-09-24T16:48:08.152623+00:00
NCR002,2024-05-01T03:00:00Z,25.15,34.7,979.0,4.33,320.0,0.0,411.9,openmeteo_archive,2026-09-24T16:48:08.152623+00:00
NCR002,2024-05-01T04:00:00Z,27.45,27.0,979.6,4.95,317.0,0.0,545.1,openmeteo_archive,2026-09-24T16:48:08.152623+00:00
NCR002,2024-05-01T05:00:00Z,29.7,18.3,979.6,5.66,315.0,0.0,629.2,openmeteo_archive,2026-09-24T16:48:08.152623+00:00
NCR002,2024-05-01T06:00:00Z,31.15,13.6,979.3,5.94,314.0,0.0,676.2,openmeteo_archive,2026-09-24T16:48:08.152623+00:00
NCR002,2024-05-01T07:00:00Z,32.0,12.5,978.8,5.81,312.0,0.0,696.1,openmeteo_archive,2026-09-24T16:48:08.152623+00:00
NCR002,2024-05-01T08:00:00Z,32.3,12.4,978.3,6.08,306.0,0.0,690.1,openmeteo_archive,2026-09-24T16:48:08.152623+00:00
NCR002,2024-05-01T09:00:00Z,32.15,12.9,977.8,6.31,297.0,0.0,660.3,openmeteo_archive,2026-09-24T16:48:08.152623+00:00
NCR002,2024-05-01T10:00:00Z,31.8,13.3,977.3,6.26,295.0,0.0,603.0,openmeteo_archive,2026-09-24T16:48:08.152623+00:00
NCR002,2024-05-01T11:00:00Z,31.3,13.8,977.0,5.82,299.0,0.0,506.7,openmeteo_archive,2026-09-24T16:48:08.152623+00:00
NCR002,2024-05-01T12:00:00Z,30.55,14.2,976.8,5.56,308.0,0.0,354.7,openmeteo_archive,2026-09-24T16:48:08.152623+00:00
NCR002,2024-05-01T13:00:00Z,29.35,14.5,977.1,3.77,328.0,0.0,153.1,openmeteo_archive,2026-09-24T16:48:08.152623+00:00
NCR002,2024-05-01T14:00:00Z,26.9,18.2,977.8,2.73,332.0,0.0,0.0,openmeteo_archive,2026-09-24T16:48:08.152623+00:00
NCR002,2024-05-01T15:00:00Z,25.0,22.2,978.2,2.0,323.0,0.0,0.0,openmeteo_archive,2026-09-24T16:48:08.152623+00:00
NCR002,2024-05-01T16:00:00Z,24.85,24.1,978.9,3.91,347.0,0.0,0.0,openmeteo_archive,2026-09-24T16:48:08.152623+00:00
NCR002,2024-05-01T17:00:00Z,23.75,27.8,979.2,2.44,341.0,0.0,0.0,openmeteo_archive,2026-09-24T16:48:08.152623+00:00
NCR002,2024-05-01T18:00:00Z,22.2,31.8,979.1,1.92,309.0,0.0,0.0,openmeteo_archive,2026-09-24T16:48:08.152623+00:00
NCR002,2024-05-01T19:00:00Z,21.35,34.3,978.8,2.33,295.0,0.0,0.0,openmeteo_archive,2026-09-24T16:48:08.152623+00:00
NCR002,2024-05-01T20:00:00Z,20.3,36.8,978.3,2.05,317.0,0.0,0.0,openmeteo_archive,2026-09-24T16:48:08.152623+00:00
NCR002,2024-05-01T21:00:00Z,19.45,38.5,977.9,1.91,317.0,0.0,0.0,openmeteo_archive,2026-09-24T16:48:08.152623+00:00
NCR002,2024-05-01T22:00:00Z,18.95,38.6,977.8,1.94,305.0,0.0,0.0,openmeteo_archive,2026-09-24T16:48:08.152623+00:00
NCR002,2024-05-01T23:00:00Z,18.6,38.5,977.8,1.94,282.0,0.0,0.0,openmeteo_archive,2026-09-24T16:48:08.152623+00:00
NCR002,2024-05-02T00:00:00Z,18.25,39.1,978.1,2.04,281.0,0.0,0.0,openmeteo_archive,2026-09-24T16:48:08.152623+00:00
NCR002,2024-05-02T01:00:00Z,20.3,41.1,978.9,2.28,293.0,0.0,37.8,openmeteo_archive,2026-09-24T16:48:08.152623+00:00
NCR002,2024-05-02T02:00:00Z,22.55,37.8,979.9,2.44,289.0,0.0,219.7,openmeteo_archive,2026-09-24T16:48:08.152623+00:00
NCR002,2024-05-02T03:00:00Z,25.45,33.1,980.2,2.79,291.0,0.0,414.1,openmeteo_archive,2026-09-24T16:48:08.152623+00:00
NCR002,2024-05-02T04:00:00Z,28.35,26.2,981.0,4.33,304.0,0.0,537.6,openmeteo_archive,2026-09-24T16:48:08.152623+00:00
NCR002,2024-05-02T05:00:00Z,30.35,21.2,980.7,4.17,316.0,0.0,601.2,openmeteo_archive,2026-09-24T16:48:08.152623+00:00
NCR002,2024-05-02T06:00:00Z,31.8,19.0,980.4,4.39,313.0,0.0,626.4,openmeteo_archive,2026-09-24T16:48:08.152623+00:00
NCR002,2024-05-02T07:00:00Z,33.05,16.4,979.8,4.53,319.0,0.0,608.6,openmeteo_archive,2026-09-24T16:48:08.152623+00:00
NCR002,2024-05-02T08:00:00Z,33.95,16.1,979.2,4.69,320.0,0.0,676.8,openmeteo_archive,2026-09-24T16:48:08.152623+00:00
NCR002,2024-05-02T09:00:00Z,34.3,17.1,978.6,5.03,319.0,0.0,650.5,openmeteo_archive,2026-09-24T16:48:08.152623+00:00
NCR002,2024-05-02T10:00:00Z,34.3,17.1,977.8,4.89,319.0,0.0,593.0,openmeteo_archive,2026-09-24T16:48:08.152623+00:00
NCR002,2024-05-02T11:00:00Z,34.1,16.7,977.2,4.53,319.0,0.0,497.4,openmeteo_archive,2026-09-24T16:48:08.152623+00:00
NCR002,2024-05-02T12:00:00Z,33.4,17.3,976.9,3.91,320.0,0.0,346.1,openmeteo_archive,2026-09-24T16:48:08.152623+00:00
NCR002,2024-05-02T13:00:00Z,30.95,22.8,977.8,1.93,339.0,0.0,146.6,openmeteo_archive,2026-09-24T16:48:08.152623+00:00
NCR002,2024-05-02T14:00:00Z,27.5,28.1,978.4,3.21,355.0,0.0,0.0,openmeteo_archive,2026-09-24T16:48:08.152623+00:00
NCR002,2024-05-02T15:00:00Z,28.05,25.9,978.8,2.3,326.0,0.0,0.0,openmeteo_archive,2026-09-24T16:48:08.152623+00:00
NCR002,2024-05-02T16:00:00Z,25.2,33.0,979.5,2.0,270.0,0.0,0.0,openmeteo_archive,2026-09-24T16:48:08.152623+00:00
NCR002,2024-05-02T17:00:00Z,23.8,37.2,979.6,2.51,293.0,0.0,0.0,openmeteo_archive,2026-09-24T16:48:08.152623+00:00
NCR002,2024-05-02T18:00:00Z,23.0,36.6,979.4,2.62,310.0,0.0,0.0,openmeteo_archive,2026-09-24T16:48:08.152623+00:00
NCR002,2024-05-02T19:00:00Z,22.2,37.3,979.0,2.64,331.0,0.0,0.0,openmeteo_archive,2026-09-24T16:48:08.152623+00:00
NCR002,2024-05-02T20:00:00Z,21.15,38.9,978.3,2.89,346.0,0.0,0.0,openmeteo_archive,2026-09-24T16:48:08.152623+00:00
NCR002,2024-05-02T21:00:00Z,20.4,40.0,978.2,3.09,331.0,0.0,0.0,openmeteo_archive,2026-09-24T16:48:08.152623+00:00
NCR002,2024-05-02T22:00:00Z,19.7,41.1,978.1,2.82,297.0,0.0,0.0,openmeteo_archive,2026-09-24T16:48:08.152623+00:00
NCR002,2024-05-02T23:00:00Z,18.8,43.3,978.3,3.02,304.0,0.0,0.0,openmeteo_archive,2026-09-24T16:48:08.152623+00:00
NCR002,2024-05-03T00:00:00Z,18.9,42.4,978.8,2.42,277.0,0.0,0.0,openmeteo_archive,2026-09-24T16:48:08.152623+00:00
NCR002,2024-05-03T01:00:00Z,21.15,44.2,979.5,1.5,274.0,0.0,37.3,openmeteo_archive,2026-09-24T16:48:08.152623+00:00
NCR002,2024-05-03T02:00:00Z,24.2,36.3,980.3,2.18,254.0,0.0,217.7,openmeteo_archive,2026-09-24T16:48:08.152623+00:00
NCR002,2024-05-03T03:00:00Z,27.55,30.8,981.2,2.45,258.0,0.0,408.2,openmeteo_archive,2026-09-24T16:48:08.152623+00:00
NCR002,2024-05-03T04:00:00Z,30.8,25.3,981.6,2.71,266.0,0.0,536.1,openmeteo_archive,2026-09-24T16:48:08.152623+00:00
NCR002,2024-05-03T05:00:00Z,33.35,20.5,981.6,3.34,279.0,0.0,600.0,openmeteo_archive,2026-09-24T16:48:08.152623+00:00
NCR002,2024-05-03T06:00:00Z,35.15,15.9,981.2,4.24,289.0,0.0,656.9,openmeteo_archive,2026-09-24T16:48:08.152623+00:00
NCR002,2024-05-03T07:00:00Z,36.45,13.5,980.3,5.33,300.0,0.0,671.7,openmeteo_archive,2026-09-24T16:48:08.152623+00:00
NCR002,2024-05-03T08:00:00Z,37.2,12.1,979.5,5.86,307.0,0.0,597.9,openmeteo_archive,2026-09-24T16:48:08.152623+00:00
NCR002,2024-05-03T09:00:00Z,37.35,12.0,978.7,5.72,306.0,0.0,576.9,openmeteo_archive,2026-09-24T16:48:08.152623+00:00
NCR002,2024-05-03T10:00:00Z,37.2,12.1,978.3,5.33,304.0,0.0,436.9,openmeteo_archive,2026-09-24T16:48:08.152623+00:00
NCR002,2024-05-03T11:00:00Z,36.85,12.1,978.3,5.1,298.0,0.0,407.8,openmeteo_archive,2026-09-24T16:48:08.152623+00:00
NCR002,2024-05-03T12:00:00Z,35.55,13.8,978.3,3.68,292.0,0.0,82.0,openmeteo_archive,2026-09-24T16:48:08.152623+00:00
NCR002,2024-05-03T13:00:00Z,33.5,16.1,979.2,3.33,311.0,0.0,0.0,openmeteo_archive,2026-09-24T16:48:08.152623+00:00
NCR002,2024-05-03T14:00:00Z,32.4,16.6,979.7,3.32,314.0,0.0,0.0,openmeteo_archive,2026-09-24T16:48:08.152623+00:00
NCR002,2024-05-03T15:00:00Z,31.05,17.7,980.0,3.11,318.0,0.0,0.0,openmeteo_archive,2026-09-24T16:48:08.152623+00:00
NCR002,2024-05-03T16:00:00Z,29.3,19.6,980.3,2.44,325.0,0.0,0.0,openmeteo_archive,2026-09-24T16:48:08.152623+00:00
NCR002,2024-05-03T17:00:00Z,28.55,20.5,980.5,2.82,337.0,0.0,0.0,openmeteo_archive,2026-09-24T16:48:08.152623+00:00
NCR002,2024-05-03T18:00:00Z,27.5,22.6,980.2,2.28,345.0,0.0,0.0,openmeteo_archive,2026-09-24T16:48:08.152623+00:00
NCR002,2024-05-03T19:00:00Z,26.7,24.8,979.6,2.16,347.0,0.0,0.0,openmeteo_archive,2026-09-24T16:48:08.152623+00:00
NCR002,2024-05-03T20:00:00Z,26.65,26.1,979.0,2.0,357.0,0.0,0.0,openmeteo_archive,2026-09-24T16:48:08.152623+00:00
NCR002,2024-05-03T21:00:00Z,26.2,29.6,978.8,2.52,353.0,0.0,0.0,openmeteo_archive,2026-09-24T16:48:08.152623+00:00
NCR002,2024-05-03T22:00:00Z,26.15,30.2,978.7,2.21,355.0,0.0,0.0,openmeteo_archive,2026-09-24T16:48:08.152623+00:00
NCR002,2024-05-03T23:00:00Z,27.5,25.8,979.0,1.26,342.0,0.0,0.0,openmeteo_archive,2026-09-24T16:48:08.152623+00:00
NCR002,2024-05-04T00:00:00Z,25.4,30.3,979.7,1.43,258.0,0.0,0.0,openmeteo_archive,2026-09-24T16:48:08.152623+00:00
NCR002,2024-05-04T01:00:00Z,25.75,32.5,981.3,2.02,279.0,0.0,0.0,openmeteo_archive,2026-09-24T16:48:08.152623+00:00
NCR002,2024-05-04T02:00:00Z,27.05,30.8,981.7,2.68,297.0,0.0,0.0,openmeteo_archive,2026-09-24T16:48:08.152623+00:00
NCR002,2024-05-04T03:00:00Z,29.7,27.2,982.3,3.11,303.0,0.0,65.0,openmeteo_archive,2026-09-24T16:48:08.152623+00:00
NCR002,2024-05-04T04:00:00Z,32.7,22.7,982.5,2.62,317.0,0.0,200.9,openmeteo_archive,2026-09-24T16:48:08.152623+00:00
NCR002,2024-05-04T05:00:00Z,35.75,18.0,982.3,2.76,314.0,0.0,558.9,openmeteo_archive,2026-09-24T16:48:08.152623+00:00
NCR002,2024-05-04T06:00:00Z,37.75,13.6,981.6,2.69,315.0,0.0,644.1,openmeteo_archive,2026-09-24T16:48:08.152623+00:00
NCR002,2024-05-04T07:00:00Z,38.95,11.6,980.9,2.96,282.0,0.0,659.6,openmeteo_archive,2026-09-24T16:48:08.152623+00:00
NCR002,2024-05-04T08:00:00Z,39.5,11.2,980.2,3.61,267.0,0.0,651.4,openmeteo_archive,2026-09-24T16:48:08.152623+00:00
NCR002,2024-05-04T09:00:00Z,39.6,11.0,979.3,3.93,263.0,0.0,624.3,openmeteo_archive,2026-09-24T16:48:08.152623+00:00
NCR002,2024-05-04T10:00:00Z,39.5,10.4,978.6,3.81,256.0,0.0,544.7,openmeteo_archive,2026-09-24T16:48:08.152623+00:00
NCR002,2024-05-04T11:00:00Z,38.8,10.8,977.7,2.69,255.0,0.0,338.3,openmeteo_archive,2026-09-24T16:48:08.152623+00:00
NCR002,2024-05-04T12:00:00Z,38.05,11.7,976.9,3.24,351.0,0.0,180.1,openmeteo_archive,2026-09-24T16:48:08.152623+00:00
NCR002,2024-05-04T13:00:00Z,34.55,15.8,976.8,2.21,355.0,0.0,119.0,openmeteo_archive,2026-09-24T16:48:08.152623+00:00
NCR002,2024-05-04T14:00:00Z,31.75,18.7,977.1,2.62,353.0,0.0,0.0,openmeteo_archive,2026-09-24T16:48:08.152623+00:00
NCR002,2024-05-04T15:00:00Z,31.4,18.5,977.3,2.5,2.0,0.0,0.0,openmeteo_archive,2026-09-24T16:48:08.152623+00:00
NCR002,2024-05-04T16:00:00Z,29.0,22.3,977.6,2.56,321.0,0.0,0.0,openmeteo_archive,2026-09-24T16:48:08.152623+00:00
NCR002,2024-05-04T17:00:00Z,27.3,27.1,977.6,2.32,277.0,0.0,0.0,openmeteo_archive,2026-09-24T16:48:08.152623+00:00
NCR002,2024-05-04T18:00:00Z,27.9,27.2,977.2,2.09,253.0,0.0,0.0,openmeteo_archive,2026-09-24T16:48:08.152623+00:00
NCR002,2024-05-04T19:00:00Z,26.7,28.3,976.4,2.42,353.0,0.0,0.0,openmeteo_archive,2026-09-24T16:48:08.152623+00:00
NCR002,2024-05-04T20:00:00Z,26.1,28.7,975.8,2.92,6.0,0.0,0.0,openmeteo_archive,2026-09-24T16:48:08.152623+00:00
NCR002,2024-05-04T21:00:00Z,24.65,31.8,975.6,1.98,229.0,0.0,0.0,openmeteo_archive,2026-09-24T16:48:08.152623+00:00
NCR002,2024-05-04T22:00:00Z,24.05,34.8,975.3,2.88,236.0,0.0,0.0,openmeteo_archive,2026-09-24T16:48:08.152623+00:00
NCR002,2024-05-04T23:00:00Z,23.85,34.3,975.3,2.11,265.0,0.0,0.0,openmeteo_archive,2026-09-24T16:48:08.152623+00:00
NCR002,2024-05-05T00:00:00Z,23.0,36.8,975.6,2.2,270.0,0.0,0.0,openmeteo_archive,2026-09-24T16:48:08.152623+00:00
NCR002,2024-05-05T01:00:00Z,26.1,32.3,976.1,2.81,266.0,0.0,36.5,openmeteo_archive,2026-09-24T16:48:08.152623+00:00
NCR002,2024-05-05T02:00:00Z,27.95,33.5,976.9,3.18,283.0,0.0,203.5,openmeteo_archive,2026-09-24T16:48:08.152623+00:00
NCR002,2024-05-05T03:00:00Z,30.7,28.0,977.5,3.01,291.0,0.0,384.4,openmeteo_archive,2026-09-24T16:48:08.152623+00:00
NCR002,2024-05-05T04:00:00Z,33.65,21.7,977.9,3.14,307.0,0.0,509.7,openmeteo_archive,2026-09-24T16:48:08.152623+00:00
NCR002,2024-05-05T05:00:00Z,36.8,16.2,977.7,3.32,316.0,0.0,590.6,openmeteo_archive,2026-09-24T16:48:08.152623+00:00
NCR002,2024-05-05T06:00:00Z,38.85,12.5,977.2,3.61,326.0,0.0,636.7,openmeteo_archive,2026-09-24T16:48:08.152623+00:00
NCR002,2024-05-05T07:00:00Z,39.85,12.2,976.6,3.9,337.0,0.0,654.7,openmeteo_archive,2026-09-24T16:48:08.152623+00:00
NCR002,2024-05-05T08:00:00Z,40.25,12.4,975.9,3.5,323.0,0.0,649.6,openmeteo_archive,2026-09-24T16:48:08.152623+00:00
NCR002,2024-05-05T09:00:00Z,40.4,12.3,975.0,3.48,309.0,0.0,623.5,openmeteo_archive,2026-09-24T16:48:08.152623+00:00
NCR002,2024-05-05T10:00:00Z,40.2,12.5,974.4,4.0,307.0,0.0,567.1,openmeteo_archive,2026-09-24T16:48:08.152623+00:00
NCR002,2024-05-05T11:00:00Z,39.6,12.7,973.9,4.78,307.0,0.0,472.9,openmeteo_archive,2026-09-24T16:48:08.152623+00:00
NCR002,2024-05-05T12:00:00Z,38.6,13.5,974.0,4.66,293.0,0.0,327.8,openmeteo_archive,2026-09-24T16:48:08.152623+00:00
NCR002,2024-05-05T13:00:00Z,36.0,17.6,974.3,2.39,327.0,0.0,132.7,openmeteo_archive,2026-09-24T16:48:08.152623+00:00
NCR002,2024-05-05T14:00:00Z,34.7,17.1,974.9,4.92,308.0,0.0,0.0,openmeteo_archive,2026-09-24T16:48:08.152623+00:00
NCR002,2024-05-05T15:00:00Z,33.6,17.8,975.4,3.66,325.0,0.0,0.0,openmeteo_archive,2026-09-24T16:48:08.152623+00:00
NCR002,2024-05-05T16:00:00Z,31.35,21.4,975.9,2.69,338.0,0.0,0.0,openmeteo_archive,2026-09-24T16:48:08.152623+00:00
NCR002,2024-05-05T17:00:00Z,30.15,23.7,976.2,2.79,339.0,0.0,0.0,openmeteo_archive,2026-09-24T16:48:08.152623+00:00
NCR002,2024-05-05T18:00:00Z,29.15,24.8,976.3,2.65,349.0,0.0,0.0,openmeteo_archive,2026-09-24T16:48:08.152623+00:00
NCR002,2024-05-05T19:00:00Z,28.5,25.8,976.0,2.82,343.0,0.0,0.0,openmeteo_archive,2026-09-24T16:48:08.152623+00:00
NCR002,2024-05-05T20:00:00Z,27.55,27.8,975.8,2.35,348.0,0.0,0.0,openmeteo_archive,2026-09-24T16:48:08.152623+00:00
NCR002,2024-05-05T21:00:00Z,26.65,30.1,975.7,2.31,342.0,0.0,0.0,openmeteo_archive,2026-09-24T16:48:08.152623+00:00
NCR002,2024-05-05T22:00:00Z,26.75,30.7,976.1,2.56,329.0,0.0,0.0,openmeteo_archive,2026-09-24T16:48:08.152623+00:00
NCR002,2024-05-05T23:00:00Z,25.4,34.0,976.4,2.47,328.0,0.0,0.0,openmeteo_archive,2026-09-24T16:48:08.152623+00:00
NCR002,2024-05-06T00:00:00Z,24.1,38.4,976.6,2.94,305.0,0.0,0.0,openmeteo_archive,2026-09-24T16:48:08.152623+00:00
NCR002,2024-05-06T01:00:00Z,26.65,36.2,978.0,1.65,284.0,0.0,36.1,openmeteo_archive,2026-09-24T16:48:08.152623+00:00
NCR002,2024-05-06T02:00:00Z,28.75,33.1,979.0,2.28,285.0,0.0,201.8,openmeteo_archive,2026-09-24T16:48:08.152623+00:00
NCR002,2024-05-06T03:00:00Z,31.65,28.2,979.8,2.18,286.0,0.0,378.9,openmeteo_archive,2026-09-24T16:48:08.152623+00:00
NCR002,2024-05-06T04:00:00Z,34.55,24.3,980.2,2.15,292.0,0.0,502.6,openmeteo_archive,2026-09-24T16:48:08.152623+00:00
NCR002,2024-05-06T05:00:00Z,36.75,21.0,980.3,2.25,302.0,0.0,579.9,openmeteo_archive,2026-09-24T16:48:08.152623+00:00
NCR002,2024-05-06T06:00:00Z,38.25,18.3,980.1,3.84,309.0,0.0,627.3,openmeteo_archive,2026-09-24T16:48:08.152623+00:00
NCR002,2024-05-06T07:00:00Z,39.15,15.8,979.5,4.88,314.0,0.0,614.0,openmeteo_archive,2026-09-24T16:48:08.152623+00:00
NCR002,2024-05-06T08:00:00Z,39.75,15.1,978.6,5.02,313.0,0.0,584.6,openmeteo_archive,2026-09-24T16:48:08.152623+00:00
NCR002,2024-05-06T09:00:00Z,40.1,14.6,977.7,5.72,306.0,0.0,600.5,openmeteo_archive,2026-09-24T16:48:08.152623+00:00
NCR002,2024-05-06T10:00:00Z,39.7,14.4,977.0,6.27,304.0,0.0,501.9,openmeteo_archive,2026-09-24T16:48:08.152623+00:00
NCR002,2024-05-06T11:00:00Z,38.9,15.1,976.6,6.05,301.0,0.0,281.5,openmeteo_archive,2026-09-24T16:48:08.152623+00:00
NCR002,2024-05-06T12:00:00Z,38.2,14.6,976.6,6.6,302.0,0.0,252.7,openmeteo_archive,2026-09-24T16:48:08.152623+00:00
NCR002,2024-05-06T13:00:00Z,36.45,16.4,976.9,4.7,308.0,0.0,126.6,openmeteo_archive,2026-09-24T16:48:08.152623+00:00
NCR002,2024-05-06T14:00:00Z,34.65,17.9,977.2,3.89,318.0,0.0,0.0,openmeteo_archive,2026-09-24T16:48:08.152623+00:00
NCR002,2024-05-06T15:00:00Z,33.7,19.0,977.6,3.7,322.0,0.0,0.0,openmeteo_archive,2026-09-24T16:48:08.152623+00:00
NCR002,2024-05-06T16:00:00Z,33.45,19.2,978.2,3.75,316.0,0.0,0.0,openmeteo_archive,2026-09-24T16:48:08.152623+00:00
NCR002,2024-05-06T17:00:00Z,31.25,22.6,978.3,2.5,344.0,0.0,0.0,openmeteo_archive,2026-09-24T16:48:08.152623+00:00
NCR002,2024-05-06T18:00:00Z,29.25,26.3,978.1,2.16,13.0,0.0,0.0,openmeteo_archive,2026-09-24T16:48:08.152623+00:00
NCR002,2024-05-06T19:00:00Z,27.85,29.6,977.8,2.82,17.0,0.0,0.0,openmeteo_archive,2026-09-24T16:48:08.152623+00:00
NCR002,2024-05-06T20:00:00Z,28.45,29.0,977.5,2.01,333.0,0.0,0.0,openmeteo_archive,2026-09-24T16:48:08.152623+00:00
NCR002,2024-05-06T21:00:00Z,25.65,36.0,977.3,2.24,280.0,0.0,0.0,openmeteo_archive,2026-09-24T16:48:08.152623+00:00
NCR002,2024-05-06T22:00:00Z,27.65,30.5,977.5,1.77,16.0,0.0,0.0,openmeteo_archive,2026-09-24T16:48:08.152623+00:00
NCR002,2024-05-06T23:00:00Z,25.9,33.0,977.7,1.89,58.0,0.0,0.0,openmeteo_archive,2026-09-24T16:48:08.152623+00:00
NCR002,2024-05-07T00:00:00Z,25.75,32.1,978.0,2.44,55.0,0.0,0.0,openmeteo_archive,2026-09-24T16:48:08.152623+00:00
NCR002,2024-05-07T01:00:00Z,27.25,36.8,979.1,1.22,171.0,0.0,35.7,openmeteo_archive,2026-09-24T16:48:08.152623+00:00
NCR002,2024-05-07T02:00:00Z,30.2,32.8,979.9,1.8,183.0,0.0,186.4,openmeteo_archive,2026-09-24T16:48:08.152623+00:00
NCR002,2024-05-07T03:00:00Z,33.55,27.2,980.7,0.71,225.0,0.0,351.3,openmeteo_archive,2026-09-24T16:48:08.152623+00:00
NCR002,2024-05-07T04:00:00Z,35.7,24.4,981.5,2.28,331.0,0.0,467.7,openmeteo_archive,2026-09-24T16:48:08.152623+00:00
NCR002,2024-05-07T05:00:00Z,37.25,21.5,981.5,2.28,337.0,0.0,539.2,openmeteo_archive,2026-09-24T16:48:08.152623+00:00
NCR002,2024-05-07T06:00:00Z,39.15,18.6,981.4,1.7,3.0,0.0,607.2,openmeteo_archive,2026-09-24T16:48:08.152623+00:00
NCR002,2024-05-07T07:00:00Z,40.1,15.2,980.9,1.49,318.0,0.0,525.2,openmeteo_archive,2026-09-24T16:48:08.152623+00:00
NCR002,2024-05-07T08:00:00Z,40.6,13.8,979.8,2.82,287.0,0.0,524.9,openmeteo_archive,2026-09-24T16:48:08.152623+00:00
NCR002,2024-05-07T09:00:00Z,40.6,13.5,979.0,2.91,297.0,0.0,545.2,openmeteo_archive,2026-09-24T16:48:08.152623+00:00
NCR002,2024-05-07T10:00:00Z,40.8,13.2,978.2,1.88,335.0,0.0,541.1,openmeteo_archive,2026-09-24T16:48:08.152623+00:00
NCR002,2024-05-07T11:00:00Z,40.7,13.1,978.0,2.72,354.0,0.0,456.3,openmeteo_archive,2026-09-24T16:48:08.152623+00:00
NCR002,2024-05-07T12:00:00Z,39.6,13.4,978.0,3.19,328.0,0.0,311.1,openmeteo_archive,2026-09-24T16:48:08.152623+00:00
NCR002,2024-05-07T13:00:00Z,35.85,27.8,977.8,1.79,27.0,0.0,115.8,openmeteo_archive,2026-09-24T16:48:08.152623+00:00
NCR002,2024-05-07T14:00:00Z,35.1,20.2,978.2,3.68,43.0,0.0,0.0,openmeteo_archive,2026-09-24T16:48:08.152623+00:00
NCR002,2024-05-07T15:00:00Z,34.3,20.4,978.9,4.52,72.0,0.0,0.0,openmeteo_archive,2026-09-24T16:48:08.152623+00:00
NCR002,2024-05-07T16:00:00Z,31.9,32.5,980.0,3.32,111.0,0.0,0.0,openmeteo_archive,2026-09-24T16:48:08.152623+00:00
NCR002,2024-05-07T17:00:00Z,30.75,38.2,980.1,3.58,120.0,0.0,0.0,openmeteo_archive,2026-09-24T16:48:08.152623+00:00
NCR002,2024-05-07T18:00:00Z,30.45,39.3,980.3,4.1,137.0,0.0,0.0,openmeteo_archive,2026-09-24T16:48:08.152623+00:00
NCR002,2024-05-07T19:00:00Z,29.3,43.6,980.0,3.76,151.0,0.0,0.0,openmeteo_archive,2026-09-24T16:48:08.152623+00:00
NCR002,2024-05-07T20:00:00Z,28.15,47.7,979.8,2.38,112.0,0.0,0.0,openmeteo_archive,2026-09-24T16:48:08.152623+00:00
NCR002,2024-05-07T21:00:00Z,27.65,49.4,979.5,2.8,125.0,0.0,0.0,openmeteo_archive,2026-09-24T16:48:08.152623+00:00
NCR002,2024-05-07T22:00:00Z,27.7,48.8,979.5,3.62,141.0,0.0,0.0,openmeteo_archive,2026-09-24T16:48:08.152623+00:00
NCR002,2024-05-07T23:00:00Z,27.45,49.3,979.6,4.55,147.0,0.0,0.0,openmeteo_archive,2026-09-24T16:48:08.152623+00:00
NCR003,2024-05-01T00:00:00Z,21.05,31.5,979.1,3.83,319.0,0.0,0.0,openmeteo_archive,2026-09-24T16:48:08.368340+00:00
NCR003,2024-05-01T01:00:00Z,21.9,38.7,980.5,4.39,317.0,0.0,46.5,openmeteo_archive,2026-09-24T16:48:08.368340+00:00
NCR003,2024-05-01T02:00:00Z,23.65,36.9,981.3,5.14,323.0,0.0,227.8,openmeteo_archive,2026-09-24T16:48:08.368340+00:00
NCR003,2024-05-01T03:00:00Z,26.2,31.1,981.7,5.08,324.0,0.0,415.6,openmeteo_archive,2026-09-24T16:48:08.368340+00:00
NCR003,2024-05-01T04:00:00Z,28.8,22.7,982.3,6.12,322.0,0.0,544.6,openmeteo_archive,2026-09-24T16:48:08.368340+00:00
NCR003,2024-05-01T05:00:00Z,30.8,16.0,982.2,6.72,317.0,0.0,626.8,openmeteo_archive,2026-09-24T16:48:08.368340+00:00
NCR003,2024-05-01T06:00:00Z,32.1,12.8,981.9,6.79,313.0,0.0,676.0,openmeteo_archive,2026-09-24T16:48:08.368340+00:00
NCR003,2024-05-01T07:00:00Z,33.05,10.7,981.5,6.17,310.0,0.0,697.0,openmeteo_archive,2026-09-24T16:48:08.368340+00:00
NCR003,2024-05-01T08:00:00Z,33.3,10.8,981.0,6.1,311.0,0.0,693.2,openmeteo_archive,2026-09-24T16:48:08.368340+00:00
NCR003,2024-05-01T09:00:00Z,33.25,11.1,980.4,6.1,305.0,0.0,662.3,openmeteo_archive,2026-09-24T16:48:08.368340+00:00
NCR003,2024-05-01T10:00:00Z,32.95,11.3,979.9,6.11,302.0,0.0,603.4,openmeteo_archive,2026-09-24T16:48:08.368340+00:00
NCR003,2024-05-01T11:00:00Z,32.35,11.9,979.7,6.17,297.0,0.0,505.8,openmeteo_archive,2026-09-24T16:48:08.368340+00:00
NCR003,2024-05-01T12:00:00Z,31.2,13.2,979.6,6.13,298.0,0.0,352.0,openmeteo_archive,2026-09-24T16:48:08.368340+00:00
NCR003,2024-05-01T13:00:00Z,30.0,12.6,980.0,4.38,325.0,0.0,147.1,openmeteo_archive,2026-09-24T16:48:08.368340+00:00
NCR003,2024-05-01T14:00:00Z,28.0,15.6,980.8,3.54,331.0,0.0,0.0,openmeteo_archive,2026-09-24T16:48:08.368340+00:00
NCR003,2024-05-01T15:00:00Z,27.05,18.2,981.3,3.36,330.0,0.0,0.0,openmeteo_archive,2026-09-24T16:48:08.368340+00:00
NCR003,2024-05-01T16:00:00Z,26.45,20.9,981.8,4.88,345.0,0.0,0.0,openmeteo_archive,2026-09-24T16:48:08.368340+00:00
NCR003,2024-05-01T17:00:00Z,25.15,24.9,982.2,3.47,348.0,0.0,0.0,openmeteo_archive,2026-09-24T16:48:08.368340+00:00
NCR003,2024-05-01T18:00:00Z,23.6,28.4,982.0,2.31,342.0,0.0,0.0,openmeteo_archive,2026-09-24T16:48:08.368340+00:00
NCR003,2024-05-01T19:00:00Z,22.45,31.4,981.8,2.48,320.0,0.0,0.0,openmeteo_archive,2026-09-24T16:48:08.368340+00:00
NCR003,2024-05-01T20:00:00Z,21.85,33.1,981.3,2.62,310.0,0.0,0.0,openmeteo_archive,2026-09-24T16:48:08.368340+00:00
NCR003,2024-05-01T21:00:00Z,21.1,35.1,980.9,2.28,308.0,0.0,0.0,openmeteo_archive,2026-09-24T16:48:08.368340+00:00
NCR003,2024-05-01T22:00:00Z,20.55,36.7,980.8,2.69,301.0,0.0,0.0,openmeteo_archive,2026-09-24T16:48:08.368340+00:00
NCR003,2024-05-01T23:00:00Z,20.15,37.7,980.6,2.59,298.0,0.0,0.0,openmeteo_archive,2026-09-24T16:48:08.368340+00:00
NCR003,2024-05-02T00:00:00Z,19.75,38.1,981.0,2.62,288.0,0.0,0.0,openmeteo_archive,2026-09-24T16:48:08.368340+00:00
NCR003,2024-05-02T01:00:00Z,21.1,39.8,981.8,3.1,291.0,0.0,45.9,openmeteo_archive,2026-09-24T16:48:08.368340+00:00
NCR003,2024-05-02T02:00:00Z,23.55,34.6,982.7,3.18,283.0,0.0,229.3,openmeteo_archive,2026-09-24T16:48:08.368340+00:00
NCR003,2024-05-02T03:00:00Z,26.65,30.1,982.9,3.62,298.0,0.0,421.8,openmeteo_archive,2026-09-24T16:48:08.368340+00:00
NCR003,2024-05-02T04:00:00Z,29.4,23.3,983.8,4.85,302.0,0.0,550.4,openmeteo_archive,2026-09-24T16:48:08.368340+00:00
NCR003,2024-05-02T05:00:00Z,31.3,19.2,983.5,4.48,321.0,0.0,624.4,openmeteo_archive,2026-09-24T16:48:08.368340+00:00
NCR003,2024-05-02T06:00:00Z,32.9,17.0,983.1,4.5,323.0,0.0,658.8,openmeteo_archive,2026-09-24T16:48:08.368340+00:00
NCR003,2024-05-02T07:00:00Z,34.2,14.7,982.6,4.7,322.0,0.0,654.8,openmeteo_archive,2026-09-24T16:48:08.368340+00:00
NCR003,2024-05-02T08:00:00Z,35.1,13.1,981.8,4.86,323.0,0.0,629.7,openmeteo_archive,2026-09-24T16:48:08.368340+00:00
NCR003,2024-05-02T09:00:00Z,35.4,14.2,981.1,5.1,318.0,0.0,644.6,openmeteo_archive,2026-09-24T16:48:08.368340+00:00
NCR003,2024-05-02T10:00:00Z,35.45,14.9,980.3,5.16,314.0,0.0,594.7,openmeteo_archive,2026-09-24T16:48:08.368340+00:00
NCR003,2024-05-02T11:00:00Z,35.25,14.9,979.8,5.02,313.0,0.0,496.4,openmeteo_archive,2026-09-24T16:48:08.368340+00:00
NCR003,2024-05-02T12:00:00Z,34.4,15.9,979.5,4.8,306.0,0.0,343.3,openmeteo_archive,2026-09-24T16:48:08.368340+00:00
NCR003,2024-05-02T13:00:00Z,32.4,18.9,980.5,2.41,312.0,0.0,145.6,openmeteo_archive,2026-09-24T16:48:08.368340+00:00
NCR003,2024-05-02T14:00:00Z,29.55,22.7,981.3,2.12,289.0,0.0,0.0,openmeteo_archive,2026-09-24T16:48:08.368340+00:00
NCR003,2024-05-02T15:00:00Z,29.05,22.4,981.8,3.05,293.0,0.0,0.0,openmeteo_archive,2026-09-24T16:48:08.368340+00:00
NCR003,2024-05-02T16:00:00Z,28.25,22.5,982.4,2.77,319.0,0.0,0.0,openmeteo_archive,2026-09-24T16:48:08.368340+00:00
NCR003,2024-05-02T17:00:00Z,26.75,24.8,982.4,2.34,320.0,0.0,0.0,openmeteo_archive,2026-09-24T16:48:08.368340+00:00
NCR003,2024-05-02T18:00:00Z,25.65,27.2,982.5,2.78,300.0,0.0,0.0,openmeteo_archive,2026-09-24T16:48:08.368340+00:00
NCR003,2024-05-02T19:00:00Z,24.45,29.8,982.2,2.3,304.0,0.0,0.0,openmeteo_archive,2026-09-24T16:48:08.368340+00:00
NCR003,2024-05-02T20:00:00Z,22.75,33.2,981.4,1.92,309.0,0.0,0.0,openmeteo_archive,2026-09-24T16:48:08.368340+00:00
NCR003,2024-05-02T21:00:00Z,22.25,33.7,981.3,2.12,315.0,0.0,0.0,openmeteo_archive,2026-09-24T16:48:08.368340+00:00
NCR003,2024-05-02T22:00:00Z,21.65,34.0,981.2,2.08,305.0,0.0,0.0,openmeteo_archive,2026-09-24T16:48:08.368340+00:00
NCR003,2024-05-02T23:00:00Z,21.6,33.4,981.4,2.58,306.0,0.0,0.0,openmeteo_archive,2026-09-24T16:48:08.368340+00:00
NCR003,2024-05-03T00:00:00Z,21.2,33.9,981.9,2.33,301.0,0.0,0.0,openmeteo_archive,2026-09-24T16:48:08.368340+00:00
NCR003,2024-05-03T01:00:00Z,23.05,33.9,982.5,2.47,302.0,0.0,45.4,openmeteo_archive,2026-09-24T16:48:08.368340+00:00
NCR003,2024-05-03T02:00:00Z,26.05,29.7,983.1,2.64,295.0,0.0,223.7,openmeteo_archive,2026-09-24T16:48:08.368340+00:00
NCR003,2024-05-03T03:00:00Z,29.65,24.4,983.9,2.75,289.0,0.0,413.9,openmeteo_archive,2026-09-24T16:48:08.368340+00:00
NCR003,2024-05-03T04:00:00Z,32.95,19.4,984.3,3.73,290.0,0.0,541.5,openmeteo_archive,2026-09-24T16:48:08.368340+00:00
NCR003,2024-05-03T05:00:00Z,35.2,14.2,984.3,4.66,301.0,0.0,613.5,openmeteo_archive,2026-09-24T16:48:08.368340+00:00
NCR003,2024-05-03T06:00:00Z,36.6,12.7,983.7,5.8,302.0,0.0,643.8,openmeteo_archive,2026-09-24T16:48:08.368340+00:00
NCR003,2024-05-03T07:00:00Z,37.6,11.9,982.9,6.46,305.0,0.0,675.7,openmeteo_archive,2026-09-24T16:48:08.368340+00:00
NCR003,2024-05-03T08:00:00Z,38.25,10.9,982.1,6.42,307.0,0.0,632.1,openmeteo_archive,2026-09-24T16:48:08.368340+00:00
NCR003,2024-05-03T09:00:00Z,38.5,10.7,981.3,6.33,309.0,0.0,596.6,openmeteo_archive,2026-09-24T16:48:08.368340+00:00
NCR003,2024-05-03T10:00:00Z,38.3,10.9,980.8,5.6,311.0,0.0,459.9,openmeteo_archive,2026-09-24T16:48:08.368340+00:00
NCR003,2024-05-03T11:00:00Z,37.9,11.2,980.8,5.36,307.0,0.0,411.1,openmeteo_archive,2026-09-24T16:48:08.368340+00:00
NCR003,2024-05-03T12:00:00Z,37.05,11.8,981.0,4.75,300.0,0.0,229.6,openmeteo_archive,2026-09-24T16:48:08.368340+00:00
NCR003,2024-05-03T13:00:00Z,35.25,14.0,981.8,2.78,308.0,0.0,0.0,openmeteo_archive,2026-09-24T16:48:08.368340+00:00
NCR003,2024-05-03T14:00:00Z,33.9,15.3,982.5,3.94,294.0,0.0,0.0,openmeteo_archive,2026-09-24T16:48:08.368340+00:00
NCR003,2024-05-03T15:00:00Z,32.9,15.8,983.1,4.1,304.0,0.0,0.0,openmeteo_archive,2026-09-24T16:48:08.368340+00:00
NCR003,2024-05-03T16:00:00Z,31.45,17.3,983.4,3.4,317.0,0.0,0.0,openmeteo_archive,2026-09-24T16:48:08.368340+00:00
NCR003,2024-05-03T17:00:00Z,30.05,19.1,983.4,3.41,320.0,0.0,0.0,openmeteo_archive,2026-09-24T16:48:08.368340+00:00
NCR003,2024-05-03T18:00:00Z,29.4,19.9,983.2,2.92,322.0,0.0,0.0,openmeteo_archive,2026-09-24T16:48:08.368340+00:00
NCR003,2024-05-03T19:00:00Z,28.95,21.0,982.6,2.62,320.0,0.0,0.0,openmeteo_archive,2026-09-24T16:48:08.368340+00:00
NCR003,2024-05-03T20:00:00Z,27.6,23.3,982.1,2.34,320.0,0.0,0.0,openmeteo_archive,2026-09-24T16:48:08.368340+00:00
NCR003,2024-05-03T21:00:00Z,27.9,23.5,981.8,1.94,325.0,0.0,0.0,openmeteo_archive,2026-09-24T16:48:08.368340+00:00
NCR003,2024-05-03T22:00:00Z,27.4,24.6,981.8,1.72,324.0,0.0,0.0,openmeteo_archive,2026-09-24T16:48:08.368340+00:00
NCR003,2024-05-03T23:00:00Z,26.8,26.3,981.8,1.78,322.0,0.0,0.0,openmeteo_archive,2026-09-24T16:48:08.368340+00:00
NCR003,2024-05-04T00:00:00Z,26.95,25.8,982.5,1.2,222.0,0.0,0.0,openmeteo_archive,2026-09-24T16:48:08.368340+00:00
NCR003,2024-05-04T01:00:00Z,27.25,27.5,984.1,3.32,286.0,0.0,0.0,openmeteo_archive,2026-09-24T16:48:08.368340+00:00
NCR003,2024-05-04T02:00:00Z,29.65,24.7,984.6,4.14,307.0,0.0,27.7,openmeteo_archive,2026-09-24T16:48:08.368340+00:00
NCR003,2024-05-04T03:00:00Z,31.65,21.3,985.1,4.58,324.0,0.0,138.7,openmeteo_archive,2026-09-24T16:48:08.368340+00:00
NCR003,2024-05-04T04:00:00Z,32.95,20.5,985.2,3.83,311.0,0.0,135.0,openmeteo_archive,2026-09-24T16:48:08.368340+00:00
NCR003,2024-05-04T05:00:00Z,37.2,15.0,985.0,3.83,311.0,0.0,539.9,openmeteo_archive,2026-09-24T16:48:08.368340+00:00
NCR003,2024-05-04T06:00:00Z,39.25,9.7,984.3,3.61,312.0,0.0,380.8,openmeteo_archive,2026-09-24T16:48:08.368340+00:00
NCR003,2024-05-04T07:00:00Z,40.45,8.7,983.4,2.68,297.0,0.0,575.1,openmeteo_archive,2026-09-24T16:48:08.368340+00:00
NCR003,2024-05-04T08:00:00Z,41.3,8.6,982.7,3.18,283.0,0.0,643.9,openmeteo_archive,2026-09-24T16:48:08.368340+00:00
NCR003,2024-05-04T09:00:00Z,41.25,9.2,981.6,4.85,284.0,0.0,629.5,openmeteo_archive,2026-09-24T16:48:08.368340+00:00
NCR003,2024-05-04T10:00:00Z,40.85,9.3,981.0,4.97,285.0,0.0,570.8,openmeteo_archive,2026-09-24T16:48:08.368340+00:00
NCR003,2024-05-04T11:00:00Z,40.15,9.2,980.4,5.01,273.0,0.0,482.6,openmeteo_archive,2026-09-24T16:48:08.368340+00:00
NCR003,2024-05-04T12:00:00Z,39.4,9.6,980.2,3.5,272.0,0.0,284.6,openmeteo_archive,2026-09-24T16:48:08.368340+00:00
NCR003,2024-05-04T13:00:00Z,35.25,17.3,979.9,2.78,300.0,0.0,132.6,openmeteo_archive,2026-09-24T16:48:08.368340+00:00
NCR003,2024-05-04T14:00:00Z,32.35,15.9,980.0,3.45,330.0,0.0,0.0,openmeteo_archive,2026-09-24T16:48:08.368340+00:00
NCR003,2024-05-04T15:00:00Z,31.0,17.9,980.2,3.33,303.0,0.0,0.0,openmeteo_archive,2026-09-24T16:48:08.368340+00:00
NCR003,2024-05-04T16:00:00Z,30.2,19.6,980.6,2.25,302.0,0.0,0.0,openmeteo_archive,2026-09-24T16:48:08.368340+00:00
NCR003,2024-05-04T17:00:00Z,30.05,20.1,980.5,2.55,281.0,0.0,0.0,openmeteo_archive,2026-09-24T16:48:08.368340+00:00
NCR003,2024-05-04T18:00:00Z,28.95,21.7,980.5,2.43,351.0,0.0,0.0,openmeteo_archive,2026-09-24T16:48:08.368340+00:00
NCR003,2024-05-04T19:00:00Z,26.9,26.3,979.5,2.77,311.0,0.0,0.0,openmeteo_archive,2026-09-24T16:48:08.368340+00:00
NCR003,2024-05-04T20:00:00Z,27.2,25.7,978.9,2.2,321.0,0.0,0.0,openmeteo_archive,2026-09-24T16:48:08.368340+00:00
NCR003,2024-05-04T21:00:00Z,27.0,26.1,978.3,1.7,298.0,0.0,0.0,openmeteo_archive,2026-09-24T16:48:08.368340+00:00
NCR003,2024-05-04T22:00:00Z,25.45,28.1,978.2,1.78,232.0,0.0,0.0,openmeteo_archive,2026-09-24T16:48:08.368340+00:00
NCR003,2024-05-04T23:00:00Z,25.65,27.1,978.2,2.04,259.0,0.0,0.0,openmeteo_archive,2026-09-24T16:48:08.368340+00:00
NCR003,2024-05-05T00:00:00Z,25.55,27.4,978.5,2.37,298.0,0.0,0.0,openmeteo_archive,2026-09-24T16:48:08.368340+00:00
NCR003,2024-05-05T01:00:00Z,27.6,26.1,978.8,3.01,285.0,0.0,44.4,openmeteo_archive,2026-09-24T16:48:08.368340+00:00
NCR003,2024-05-05T02:00:00Z,30.05,24.4,979.5,3.4,294.0,0.0,213.1,openmeteo_archive,2026-09-24T16:48:08.368340+00:00
NCR003,2024-05-05T03:00:00Z,32.95,21.2,980.1,3.64,302.0,0.0,392.4,openmeteo_archive,2026-09-24T16:48:08.368340+00:00
NCR003,2024-05-05T04:00:00Z,35.95,16.1,980.6,3.96,313.0,0.0,515.2,openmeteo_archive,2026-09-24T16:48:08.368340+00:00
NCR003,2024-05-05T05:00:00Z,38.8,11.2,980.3,3.92,322.0,0.0,594.4,openmeteo_archive,2026-09-24T16:48:08.368340+00:00
NCR003,2024-05-05T06:00:00Z,40.2,10.6,979.7,4.02,341.0,0.0,633.4,openmeteo_archive,2026-09-24T16:48:08.368340+00:00
NCR003,2024-05-05T07:00:00Z,40.85,11.5,979.2,3.79,342.0,0.0,654.6,openmeteo_archive,2026-09-24T16:48:08.368340+00:00
NCR003,2024-05-05T08:00:00Z,41.25,11.6,978.4,3.69,327.0,0.0,650.5,openmeteo_archive,2026-09-24T16:48:08.368340+00:00
NCR003,2024-05-05T09:00:00Z,41.4,11.4,977.5,4.17,314.0,0.0,622.1,openmeteo_archive,2026-09-24T16:48:08.368340+00:00
NCR003,2024-05-05T10:00:00Z,41.15,11.4,977.0,4.74,305.0,0.0,566.1,openmeteo_archive,2026-09-24T16:48:08.368340+00:00
NCR003,2024-05-05T11:00:00Z,40.5,11.6,976.4,5.38,305.0,0.0,473.4,openmeteo_archive,2026-09-24T16:48:08.368340+00:00
NCR003,2024-05-05T12:00:00Z,39.55,12.0,976.6,5.02,305.0,0.0,324.7,openmeteo_archive,2026-09-24T16:48:08.368340+00:00
NCR003,2024-05-05T13:00:00Z,37.55,14.7,977.1,2.62,317.0,0.0,131.3,openmeteo_archive,2026-09-24T16:48:08.368340+00:00
NCR003,2024-05-05T14:00:00Z,34.4,17.5,977.6,2.42,330.0,0.0,0.0,openmeteo_archive,2026-09-24T16:48:08.368340+00:00
NCR003,2024-05-05T15:00:00Z,33.1,18.6,978.3,2.64,323.0,0.0,0.0,openmeteo_archive,2026-09-24T16:48:08.368340+00:00
NCR003,2024-05-05T16:00:00Z,32.1,20.1,978.7,2.86,324.0,0.0,0.0,openmeteo_archive,2026-09-24T16:48:08.368340+00:00
NCR003,2024-05-05T17:00:00Z,31.5,19.8,978.9,3.23,338.0,0.0,0.0,openmeteo_archive,2026-09-24T16:48:08.368340+00:00
NCR003,2024-05-05T18:00:00Z,30.25,20.7,979.1,2.77,334.0,0.0,0.0,openmeteo_archive,2026-09-24T16:48:08.368340+00:00
NCR003,2024-05-05T19:00:00Z,29.35,22.3,978.9,2.88,326.0,0.0,0.0,openmeteo_archive,2026-09-24T16:48:08.368340+00:00
NCR003,2024-05-05T20:00:00Z,29.4,23.4,978.7,3.58,333.0,0.0,0.0,openmeteo_archive,2026-09-24T16:48:08.368340+00:00
NCR003,2024-05-05T21:00:00Z,28.8,25.1,978.6,3.49,333.0,0.0,0.0,openmeteo_archive,2026-09-24T16:48:08.368340+00:00
NCR003,2024-05-05T22:00:00Z,28.25,26.9,978.8,3.5,329.0,0.0,0.0,openmeteo_archive,2026-09-24T16:48:08.368340+00:00
NCR003,2024-05-05T23:00:00Z,27.5,28.8,979.3,3.04,314.0,0.0,0.0,openmeteo_archive,2026-09-24T16:48:08.368340+00:00
NCR003,2024-05-06T00:00:00Z,26.75,30.8,979.6,2.7,309.0,0.0,0.0,openmeteo_archive,2026-09-24T16:48:08.368340+00:00
NCR003,2024-05-06T01:00:00Z,28.25,31.5,980.8,2.76,316.0,0.0,43.9,openmeteo_archive,2026-09-24T16:48:08.368340+00:00
NCR003,2024-05-06T02:00:00Z,30.65,28.3,981.6,2.47,302.0,0.0,211.4,openmeteo_archive,2026-09-24T16:48:08.368340+00:00
NCR003,2024-05-06T03:00:00Z,33.7,24.3,982.5,2.78,308.0,0.0,386.8,openmeteo_archive,2026-09-24T16:48:08.368340+00:00
NCR003,2024-05-06T04:00:00Z,36.45,20.7,982.9,3.18,316.0,0.0,508.1,openmeteo_archive,2026-09-24T16:48:08.368340+00:00
NCR003,2024-05-06T05:00:00Z,38.4,17.2,983.0,3.92,322.0,0.0,583.8,openmeteo_archive,2026-09-24T16:48:08.368340+00:00
NCR003,2024-05-06T06:00:00Z,39.45,15.2,982.8,4.53,315.0,0.0,601.4,openmeteo_archive,2026-09-24T16:48:08.368340+00:00
NCR003,2024-05-06T07:00:00Z,40.0,14.2,982.1,4.84,308.0,0.0,552.3,openmeteo_archive,2026-09-24T16:48:08.368340+00:00
NCR003,2024-05-06T08:00:00Z,40.55,13.6,981.2,5.06,308.0,0.0,607.2,openmeteo_archive,2026-09-24T16:48:08.368340+00:00
NCR003,2024-05-06T09:00:00Z,40.95,13.2,980.3,5.38,312.0,0.0,597.9,openmeteo_archive,2026-09-24T16:48:08.368340+00:00
NCR003,2024-05-06T10:00:00Z,40.5,13.2,979.5,6.3,312.0,0.0,485.0,openmeteo_archive,2026-09-24T16:48:08.368340+00:00
NCR003,2024-05-06T11:00:00Z,39.9,13.9,979.2,6.12,308.0,0.0,401.8,openmeteo_archive,2026-09-24T16:48:08.368340+00:00
NCR003,2024-05-06T12:00:00Z,39.35,14.4,979.1,4.83,297.0,0.0,251.1,openmeteo_archive,2026-09-24T16:48:08.368340+00:00
NCR003,2024-05-06T13:00:00Z,37.45,15.1,979.6,2.64,323.0,0.0,120.1,openmeteo_archive,2026-09-24T16:48:08.368340+00:00
NCR003,2024-05-06T14:00:00Z,35.2,17.3,980.1,3.06,308.0,0.0,0.0,openmeteo_archive,2026-09-24T16:48:08.368340+00:00
NCR003,2024-05-06T15:00:00Z,33.95,18.9,980.5,3.42,308.0,0.0,0.0,openmeteo_archive,2026-09-24T16:48:08.368340+00:00
NCR003,2024-05-06T16:00:00Z,32.8,20.4,981.1,2.7,309.0,0.0,0.0,openmeteo_archive,2026-09-24T16:48:08.368340+00:00
NCR003,2024-05-06T17:00:00Z,31.9,22.0,981.3,3.05,311.0,0.0,0.0,openmeteo_archive,2026-09-24T16:48:08.368340+00:00
NCR003,2024-05-06T18:00:00Z,30.0,24.9,981.3,2.02,340.0,0.0,0.0,openmeteo_archive,2026-09-24T16:48:08.368340+00:00
NCR003,2024-05-06T19:00:00Z,28.4,27.9,980.9,2.21,355.0,0.0,0.0,openmeteo_archive,2026-09-24T16:48:08.368340+00:00
NCR003,2024-05-06T20:00:00Z,27.05,31.3,980.2,2.71,356.0,0.0,0.0,openmeteo_archive,2026-09-24T16:48:08.368340+00:00
NCR003,2024-05-06T21:00:00Z,26.6,31.7,980.2,1.78,322.0,0.0,0.0,openmeteo_archive,2026-09-24T16:48:08.368340+00:00
NCR003,2024-05-06T22:00:00Z,25.85,33.6,980.6,2.15,338.0,0.0,0.0,openmeteo_archive,2026-09-24T16:48:08.368340+00:00
NCR003,2024-05-06T23:00:00Z,26.55,32.4,981.0,1.49,340.0,0.0,0.0,openmeteo_archive,2026-09-24T16:48:08.368340+00:00
NCR003,2024-05-07T00:00:00Z,26.45,32.5,981.2,1.51,8.0,0.0,0.0,openmeteo_archive,2026-09-24T16:48:08.368340+00:00
NCR003,2024-05-07T01:00:00Z,27.4,34.3,982.2,2.28,165.0,0.0,43.4,openmeteo_archive,2026-09-24T16:48:08.368340+00:00
NCR003,2024-05-07T02:00:00Z,30.25,30.0,983.1,1.43,168.0,0.0,182.7,openmeteo_archive,2026-09-24T16:48:08.368340+00:00
NCR003,2024-05-07T03:00:00Z,33.15,25.2,983.7,0.45,153.0,0.0,194.7,openmeteo_archive,2026-09-24T16:48:08.368340+00:00
NCR003,2024-05-07T04:00:00Z,36.05,22.0,984.5,3.3,35.0,0.0,355.5,openmeteo_archive,2026-09-24T16:48:08.368340+00:00
NCR003,2024-05-07T05:00:00Z,37.35,20.9,984.5,2.92,52.0,0.0,449.4,openmeteo_archive,2026-09-24T16:48:08.368340+00:00
NCR003,2024-05-07T06:00:00Z,39.5,17.9,984.5,1.1,95.0,0.0,618.9,openmeteo_archive,2026-09-24T16:48:08.368340+00:00
NCR003,2024-05-07T07:00:00Z,40.6,13.5,983.8,0.67,243.0,0.0,544.5,openmeteo_archive,2026-09-24T16:48:08.368340+00:00
NCR003,2024-05-07T08:00:00Z,41.05,13.3,982.6,0.76,337.0,0.0,554.7,openmeteo_archive,2026-09-24T16:48:08.368340+00:00
NCR003,2024-05-07T09:00:00Z,41.85,12.8,981.6,2.32,353.0,0.0,507.7,openmeteo_archive,2026-09-24T16:48:08.368340+00:00
NCR003,2024-05-07T10:00:00Z,42.3,12.3,981.0,3.9,337.0,0.0,536.0,openmeteo_archive,2026-09-24T16:48:08.368340+00:00
NCR003,2024-05-07T11:00:00Z,38.7,20.4,981.4,5.46,66.0,0.0,402.6,openmeteo_archive,2026-09-24T16:48:08.368340+00:00
NCR003,2024-05-07T12:00:00Z,37.3,20.8,981.5,5.6,90.0,0.0,252.6,openmeteo_archive,2026-09-24T16:48:08.368340+00:00
NCR003,2024-05-07T13:00:00Z,37.4,17.2,981.0,3.92,38.0,0.0,109.1,openmeteo_archive,2026-09-24T16:48:08.368340+00:00
NCR003,2024-05-07T14:00:00Z,35.25,22.6,981.8,5.05,63.0,0.0,0.0,openmeteo_archive,2026-09-24T16:48:08.368340+00:00
NCR003,2024-05-07T15:00:00Z,32.7,37.2,982.4,4.62,95.0,0.0,0.0,openmeteo_archive,2026-09-24T16:48:08.368340+00:00
NCR003,2024-05-07T16:00:00Z,31.7,39.1,983.0,3.47,102.0,0.0,0.0,openmeteo_archive,2026-09-24T16:48:08.368340+00:00
NCR003,2024-05-07T17:00:00Z,30.65,40.7,983.2,2.77,139.0,0.0,0.0,openmeteo_archive,2026-09-24T16:48:08.368340+00:00
NCR003,2024-05-07T18:00:00Z,30.0,42.6,983.4,3.0,150.0,0.0,0.0,openmeteo_archive,2026-09-24T16:48:08.368340+00:00
NCR003,2024-05-07T19:00:00Z,28.5,47.3,983.2,1.77,133.0,0.0,0.0,openmeteo_archive,2026-09-24T16:48:08.368340+00:00
NCR003,2024-05-07T20:00:00Z,27.35,51.2,982.9,2.12,135.0,0.0,0.0,openmeteo_archive,2026-09-24T16:48:08.368340+00:00
NCR003,2024-05-07T21:00:00Z,27.55,50.6,982.7,2.06,141.0,0.0,0.0,openmeteo_archive,2026-09-24T16:48:08.368340+00:00
NCR003,2024-05-07T22:00:00Z,27.2,52.0,982.8,2.97,135.0,0.0,0.0,openmeteo_archive,2026-09-24T16:48:08.368340+00:00
NCR003,2024-05-07T23:00:00Z,27.2,51.7,982.8,3.45,150.0,0.0,0.0,openmeteo_archive,2026-09-24T16:48:08.368340+00:00
NCR004,2024-05-01T00:00:00Z,21.1,31.5,978.4,4.2,322.0,0.0,0.0,openmeteo_archive,2026-09-24T16:48:08.588736+00:00
NCR004,2024-05-01T01:00:00Z,21.95,39.0,979.7,5.02,317.0,0.0,37.5,openmeteo_archive,2026-09-24T16:48:08.588736+00:00
NCR004,2024-05-01T02:00:00Z,23.8,36.2,980.6,5.24,325.0,0.0,225.4,openmeteo_archive,2026-09-24T16:48:08.588736+00:00
NCR004,2024-05-01T03:00:00Z,26.35,30.2,981.0,5.2,322.0,0.0,414.6,openmeteo_archive,2026-09-24T16:48:08.588736+00:00
NCR004,2024-05-01T04:00:00Z,28.85,21.8,981.6,6.33,321.0,0.0,543.8,openmeteo_archive,2026-09-24T16:48:08.588736+00:00
NCR004,2024-05-01T05:00:00Z,30.8,15.5,981.5,6.72,317.0,0.0,627.3,openmeteo_archive,2026-09-24T16:48:08.588736+00:00
NCR004,2024-05-01T06:00:00Z,32.15,12.3,981.3,6.66,311.0,0.0,675.1,openmeteo_archive,2026-09-24T16:48:08.588736+00:00
NCR004,2024-05-01T07:00:00Z,33.05,10.4,980.8,6.2,308.0,0.0,696.9,openmeteo_archive,2026-09-24T16:48:08.588736+00:00
NCR004,2024-05-01T08:00:00Z,33.35,10.5,980.3,6.06,308.0,0.0,691.8,openmeteo_archive,2026-09-24T16:48:08.588736+00:00
NCR004,2024-05-01T09:00:00Z,33.3,10.9,979.8,6.11,302.0,0.0,660.6,openmeteo_archive,2026-09-24T16:48:08.588736+00:00
NCR004,2024-05-01T10:00:00Z,32.9,11.0,979.3,6.28,292.0,0.0,602.7,openmeteo_archive,2026-09-24T16:48:08.588736+00:00
NCR004,2024-05-01T11:00:00Z,32.1,12.0,979.1,6.61,288.0,0.0,506.5,openmeteo_archive,2026-09-24T16:48:08.588736+00:00
NCR004,2024-05-01T12:00:00Z,31.1,13.1,978.9,6.15,292.0,0.0,351.0,openmeteo_archive,2026-09-24T16:48:08.588736+00:00
NCR004,2024-05-01T13:00:00Z,30.25,12.1,979.3,4.34,322.0,0.0,151.5,openmeteo_archive,2026-09-24T16:48:08.588736+00:00
NCR004,2024-05-01T14:00:00Z,28.2,15.3,980.1,3.67,331.0,0.0,0.0,openmeteo_archive,2026-09-24T16:48:08.588736+00:00
NCR004,2024-05-01T15:00:00Z,26.95,18.1,980.5,2.86,335.0,0.0,0.0,openmeteo_archive,2026-09-24T16:48:08.588736+00:00
NCR004,2024-05-01T16:00:00Z,26.2,20.7,981.1,4.75,338.0,0.0,0.0,openmeteo_archive,2026-09-24T16:48:08.588736+00:00
NCR004,2024-05-01T17:00:00Z,25.55,24.3,981.4,4.13,353.0,0.0,0.0,openmeteo_archive,2026-09-24T16:48:08.588736+00:00
NCR004,2024-05-01T18:00:00Z,23.95,27.7,981.3,2.42,330.0,0.0,0.0,openmeteo_archive,2026-09-24T16:48:08.588736+00:00
NCR004,2024-05-01T19:00:00Z,22.9,30.1,981.0,2.69,312.0,0.0,0.0,openmeteo_archive,2026-09-24T16:48:08.588736+00:00
NCR004,2024-05-01T20:00:00Z,22.2,32.1,980.6,3.06,308.0,0.0,0.0,openmeteo_archive,2026-09-24T16:48:08.588736+00:00
NCR004,2024-05-01T21:00:00Z,21.4,34.1,980.1,2.77,311.0,0.0,0.0,openmeteo_archive,2026-09-24T16:48:08.588736+00:00
NCR004,2024-05-01T22:00:00Z,20.75,35.9,980.1,2.97,303.0,0.0,0.0,openmeteo_archive,2026-09-24T16:48:08.588736+00:00
NCR004,2024-05-01T23:00:00Z,20.4,36.2,980.0,2.95,294.0,0.0,0.0,openmeteo_archive,2026-09-24T16:48:08.588736+00:00
NCR004,2024-05-02T00:00:00Z,20.0,36.2,980.3,3.16,288.0,0.0,0.0,openmeteo_archive,2026-09-24T16:48:08.588736+00:00
NCR004,2024-05-02T01:00:00Z,21.5,37.7,981.1,3.45,292.0,0.0,46.2,openmeteo_archive,2026-09-24T16:48:08.588736+00:00
NCR004,2024-05-02T02:00:00Z,23.9,33.1,982.0,3.51,290.0,0.0,226.9,openmeteo_archive,2026-09-24T16:48:08.588736+00:00
NCR004,2024-05-02T03:00:00Z,26.85,29.0,982.2,3.81,300.0,0.0,418.8,openmeteo_archive,2026-09-24T16:48:08.588736+00:00
NCR004,2024-05-02T04:00:00Z,29.35,22.7,983.1,4.91,303.0,0.0,546.7,openmeteo_archive,2026-09-24T16:48:08.588736+00:00
NCR004,2024-05-02T05:00:00Z,31.25,18.9,982.8,4.42,322.0,0.0,618.7,openmeteo_archive,2026-09-24T16:48:08.588736+00:00
NCR004,2024-05-02T06:00:00Z,32.85,16.6,982.4,4.47,320.0,0.0,649.2,openmeteo_archive,2026-09-24T16:48:08.588736+00:00
NCR004,2024-05-02T07:00:00Z,34.1,14.4,981.9,4.68,318.0,0.0,634.1,openmeteo_archive,2026-09-24T16:48:08.588736+00:00
NCR004,2024-05-02T08:00:00Z,35.0,13.0,981.2,4.9,321.0,0.0,644.0,openmeteo_archive,2026-09-24T16:48:08.588736+00:00
NCR004,2024-05-02T09:00:00Z,35.35,13.8,980.5,5.24,318.0,0.0,651.9,openmeteo_archive,2026-09-24T16:48:08.588736+00:00
NCR004,2024-05-02T10:00:00Z,35.25,14.6,979.7,5.38,318.0,0.0,593.9,openmeteo_archive,2026-09-24T16:48:08.588736+00:00
NCR004,2024-05-02T11:00:00Z,34.95,14.7,979.2,5.16,316.0,0.0,497.1,openmeteo_archive,2026-09-24T16:48:08.588736+00:00
NCR004,2024-05-02T12:00:00Z,34.0,15.7,979.0,4.88,313.0,0.0,344.8,openmeteo_archive,2026-09-24T16:48:08.588736+00:00
NCR004,2024-05-02T13:00:00Z,32.55,18.4,979.9,3.06,308.0,0.0,144.8,openmeteo_archive,2026-09-24T16:48:08.588736+00:00
NCR004,2024-05-02T14:00:00Z,30.4,21.0,980.8,2.97,290.0,0.0,0.0,openmeteo_archive,2026-09-24T16:48:08.588736+00:00
NCR004,2024-05-02T15:00:00Z,29.6,20.9,981.2,3.28,301.0,0.0,0.0,openmeteo_archive,2026-09-24T16:48:08.588736+00:00
NCR004,2024-05-02T16:00:00Z,28.45,21.9,981.7,2.56,329.0,0.0,0.0,openmeteo_archive,2026-09-24T16:48:08.588736+00:00
NCR004,2024-05-02T17:00:00Z,27.05,24.1,981.8,2.64,299.0,0.0,0.0,openmeteo_archive,2026-09-24T16:48:08.588736+00:00
NCR004,2024-05-02T18:00:00Z,26.05,26.9,981.9,3.31,295.0,0.0,0.0,openmeteo_archive,2026-09-24T16:48:08.588736+00:00
NCR004,2024-05-02T19:00:00Z,25.2,28.4,981.5,2.84,309.0,0.0,0.0,openmeteo_archive,2026-09-24T16:48:08.588736+00:00
NCR004,2024-05-02T20:00:00Z,23.9,30.4,980.7,2.26,315.0,0.0,0.0,openmeteo_archive,2026-09-24T16:48:08.588736+00:00
NCR004,2024-05-02T21:00:00Z,23.15,31.2,980.7,2.48,313.0,0.0,0.0,openmeteo_archive,2026-09-24T16:48:08.588736+00:00
NCR004,2024-05-02T22:00:00Z,22.6,31.3,980.5,2.41,312.0,0.0,0.0,openmeteo_archive,2026-09-24T16:48:08.588736+00:00
NCR004,2024-05-02T23:00:00Z,22.25,31.4,980.7,2.91,311.0,0.0,0.0,openmeteo_archive,2026-09-24T16:48:08.588736+00:00
NCR004,2024-05-03T00:00:00Z,21.9,31.8,981.2,2.78,300.0,0.0,0.0,openmeteo_archive,2026-09-24T16:48:08.588736+00:00
NCR004,2024-05-03T01:00:00Z,23.6,32.6,981.8,2.8,305.0,0.0,45.7,openmeteo_archive,2026-09-24T16:48:08.588736+00:00
NCR004,2024-05-03T02:00:00Z,26.65,28.1,982.5,2.87,299.0,0.0,221.4,openmeteo_archive,2026-09-24T16:48:08.588736+00:00
NCR004,2024-05-03T03:00:00Z,30.1,23.2,983.3,3.13,287.0,0.0,412.9,openmeteo_archive,2026-09-24T16:48:08.588736+00:00
NCR004,2024-05-03T04:00:00Z,33.05,18.9,983.7,3.79,288.0,0.0,539.3,openmeteo_archive,2026-09-24T16:48:08.588736+00:00
NCR004,2024-05-03T05:00:00Z,35.3,13.6,983.6,4.7,297.0,0.0,611.5,openmeteo_archive,2026-09-24T16:48:08.588736+00:00
NCR004,2024-05-03T06:00:00Z,36.55,12.2,983.1,5.77,298.0,0.0,660.1,openmeteo_archive,2026-09-24T16:48:08.588736+00:00
NCR004,2024-05-03T07:00:00Z,37.5,11.8,982.3,6.33,301.0,0.0,676.6,openmeteo_archive,2026-09-24T16:48:08.588736+00:00
NCR004,2024-05-03T08:00:00Z,38.25,10.6,981.4,6.36,307.0,0.0,626.6,openmeteo_archive,2026-09-24T16:48:08.588736+00:00
NCR004,2024-05-03T09:00:00Z,38.5,10.4,980.6,6.28,307.0,0.0,591.6,openmeteo_archive,2026-09-24T16:48:08.588736+00:00
NCR004,2024-05-03T10:00:00Z,38.3,10.5,980.2,5.64,307.0,0.0,452.9,openmeteo_archive,2026-09-24T16:48:08.588736+00:00
NCR004,2024-05-03T11:00:00Z,37.85,10.9,980.2,5.41,304.0,0.0,418.6,openmeteo_archive,2026-09-24T16:48:08.588736+00:00
NCR004,2024-05-03T12:00:00Z,36.95,11.6,980.3,4.92,299.0,0.0,175.4,openmeteo_archive,2026-09-24T16:48:08.588736+00:00
NCR004,2024-05-03T13:00:00Z,35.3,13.4,981.2,3.16,305.0,0.0,0.0,openmeteo_archive,2026-09-24T16:48:08.588736+00:00
NCR004,2024-05-03T14:00:00Z,34.0,14.8,981.9,4.11,296.0,0.0,0.0,openmeteo_archive,2026-09-24T16:48:08.588736+00:00
NCR004,2024-05-03T15:00:00Z,32.7,15.6,982.4,3.7,308.0,0.0,0.0,openmeteo_archive,2026-09-24T16:48:08.588736+00:00
NCR004,2024-05-03T16:00:00Z,31.25,17.1,982.7,3.33,319.0,0.0,0.0,openmeteo_archive,2026-09-24T16:48:08.588736+00:00
NCR004,2024-05-03T17:00:00Z,30.05,18.6,982.8,3.62,321.0,0.0,0.0,openmeteo_archive,2026-09-24T16:48:08.588736+00:00
NCR004,2024-05-03T18:00:00Z,29.65,19.4,982.5,3.22,324.0,0.0,0.0,openmeteo_archive,2026-09-24T16:48:08.588736+00:00
NCR004,2024-05-03T19:00:00Z,29.35,20.3,981.9,3.08,324.0,0.0,0.0,openmeteo_archive,2026-09-24T16:48:08.588736+00:00
NCR004,2024-05-03T20:00:00Z,27.95,22.7,981.3,2.61,328.0,0.0,0.0,openmeteo_archive,2026-09-24T16:48:08.588736+00:00
NCR004,2024-05-03T21:00:00Z,28.45,22.4,981.1,2.2,330.0,0.0,0.0,openmeteo_archive,2026-09-24T16:48:08.588736+00:00
NCR004,2024-05-03T22:00:00Z,28.1,23.2,981.1,2.16,326.0,0.0,0.0,openmeteo_archive,2026-09-24T16:48:08.588736+00:00
NCR004,2024-05-03T23:00:00Z,27.5,24.4,981.1,1.66,327.0,0.0,0.0,openmeteo_archive,2026-09-24T16:48:08.588736+00:00
NCR004,2024-05-04T00:00:00Z,27.25,25.0,982.0,1.32,261.0,0.0,0.0,openmeteo_archive,2026-09-24T16:48:08.588736+00:00
NCR004,2024-05-04T01:00:00Z,27.75,26.5,983.4,3.33,303.0,0.0,0.0,openmeteo_archive,2026-09-24T16:48:08.588736+00:00
NCR004,2024-05-04T02:00:00Z,30.05,23.5,983.8,4.2,308.0,0.0,20.9,openmeteo_archive,2026-09-24T16:48:08.588736+00:00
NCR004,2024-05-04T03:00:00Z,32.15,20.5,984.4,4.46,316.0,0.0,104.8,openmeteo_archive,2026-09-24T16:48:08.588736+00:00
NCR004,2024-05-04T04:00:00Z,32.75,19.9,984.6,3.75,314.0,0.0,45.6,openmeteo_archive,2026-09-24T16:48:08.588736+00:00
NCR004,2024-05-04T05:00:00Z,37.5,13.7,984.4,3.68,313.0,0.0,599.5,openmeteo_archive,2026-09-24T16:48:08.588736+00:00
NCR004,2024-05-04T06:00:00Z,39.1,9.8,983.6,3.55,310.0,0.0,388.4,openmeteo_archive,2026-09-24T16:48:08.588736+00:00
NCR004,2024-05-04T07:00:00Z,40.4,8.6,982.7,2.4,287.0,0.0,570.9,openmeteo_archive,2026-09-24T16:48:08.588736+00:00
NCR004,2024-05-04T08:00:00Z,41.3,8.3,982.0,3.71,267.0,0.0,655.0,openmeteo_archive,2026-09-24T16:48:08.588736+00:00
NCR004,2024-05-04T09:00:00Z,41.1,8.8,981.0,4.9,271.0,0.0,630.1,openmeteo_archive,2026-09-24T16:48:08.588736+00:00
NCR004,2024-05-04T10:00:00Z,40.75,8.9,980.4,5.2,270.0,0.0,567.5,openmeteo_archive,2026-09-24T16:48:08.588736+00:00
NCR004,2024-05-04T11:00:00Z,39.8,9.4,979.9,5.22,265.0,0.0,448.9,openmeteo_archive,2026-09-24T16:48:08.588736+00:00
NCR004,2024-05-04T12:00:00Z,38.85,9.9,979.5,3.92,264.0,0.0,288.7,openmeteo_archive,2026-09-24T16:48:08.588736+00:00
NCR004,2024-05-04T13:00:00Z,35.75,14.6,979.2,2.36,324.0,0.0,126.8,openmeteo_archive,2026-09-24T16:48:08.588736+00:00
NCR004,2024-05-04T14:00:00Z,32.85,14.6,979.4,2.71,356.0,0.0,0.0,openmeteo_archive,2026-09-24T16:48:08.588736+00:00
NCR004,2024-05-04T15:00:00Z,31.35,16.5,979.5,2.78,322.0,0.0,0.0,openmeteo_archive,2026-09-24T16:48:08.588736+00:00
NCR004,2024-05-04T16:00:00Z,30.9,17.9,980.0,2.08,305.0,0.0,0.0,openmeteo_archive,2026-09-24T16:48:08.588736+00:00
NCR004,2024-05-04T17:00:00Z,30.7,19.0,980.0,2.56,309.0,0.0,0.0,openmeteo_archive,2026-09-24T16:48:08.588736+00:00
NCR004,2024-05-04T18:00:00Z,29.2,20.7,979.6,2.06,284.0,0.0,0.0,openmeteo_archive,2026-09-24T16:48:08.588736+00:00
NCR004,2024-05-04T19:00:00Z,27.2,23.9,978.9,2.22,352.0,0.0,0.0,openmeteo_archive,2026-09-24T16:48:08.588736+00:00
NCR004,2024-05-04T20:00:00Z,26.85,25.1,978.1,2.19,313.0,0.0,0.0,openmeteo_archive,2026-09-24T16:48:08.588736+00:00
NCR004,2024-05-04T21:00:00Z,26.4,26.2,977.7,2.2,300.0,0.0,0.0,openmeteo_archive,2026-09-24T16:48:08.588736+00:00
NCR004,2024-05-04T22:00:00Z,26.55,25.5,977.7,2.64,241.0,0.0,0.0,openmeteo_archive,2026-09-24T16:48:08.588736+00:00
NCR004,2024-05-04T23:00:00Z,26.2,26.2,977.5,2.04,281.0,0.0,0.0,openmeteo_archive,2026-09-24T16:48:08.588736+00:00
NCR004,2024-05-05T00:00:00Z,26.15,26.4,977.8,3.08,283.0,0.0,0.0,openmeteo_archive,2026-09-24T16:48:08.588736+00:00
NCR004,2024-05-05T01:00:00Z,28.1,25.1,978.1,3.77,281.0,0.0,44.7,openmeteo_archive,2026-09-24T16:48:08.588736+00:00
NCR004,2024-05-05T02:00:00Z,30.3,23.5,978.8,3.98,288.0,0.0,210.7,openmeteo_archive,2026-09-24T16:48:08.588736+00:00
NCR004,2024-05-05T03:00:00Z,33.2,20.4,979.5,3.98,295.0,0.0,391.3,openmeteo_archive,2026-09-24T16:48:08.588736+00:00
NCR004,2024-05-05T04:00:00Z,36.0,16.1,979.9,4.18,312.0,0.0,513.0,openmeteo_archive,2026-09-24T16:48:08.588736+00:00
NCR004,2024-05-05T05:00:00Z,38.85,11.0,979.7,3.84,321.0,0.0,592.4,openmeteo_archive,2026-09-24T16:48:08.588736+00:00
NCR004,2024-05-05T06:00:00Z,40.35,9.7,979.1,3.64,339.0,0.0,630.3,openmeteo_archive,2026-09-24T16:48:08.588736+00:00
NCR004,2024-05-05T07:00:00Z,41.1,10.5,978.5,3.61,341.0,0.0,654.5,openmeteo_archive,2026-09-24T16:48:08.588736+00:00
NCR004,2024-05-05T08:00:00Z,41.4,11.2,977.7,3.91,328.0,0.0,651.2,openmeteo_archive,2026-09-24T16:48:08.588736+00:00
NCR004,2024-05-05T09:00:00Z,41.35,11.2,976.8,4.74,312.0,0.0,621.5,openmeteo_archive,2026-09-24T16:48:08.588736+00:00
NCR004,2024-05-05T10:00:00Z,41.05,11.2,976.3,5.08,302.0,0.0,565.4,openmeteo_archive,2026-09-24T16:48:08.588736+00:00
NCR004,2024-05-05T11:00:00Z,40.45,11.6,975.9,5.28,299.0,0.0,472.5,openmeteo_archive,2026-09-24T16:48:08.588736+00:00
NCR004,2024-05-05T12:00:00Z,39.45,12.0,975.9,5.08,302.0,0.0,323.9,openmeteo_archive,2026-09-24T16:48:08.588736+00:00
NCR004,2024-05-05T13:00:00Z,38.0,13.9,976.4,3.54,313.0,0.0,130.7,openmeteo_archive,2026-09-24T16:48:08.588736+00:00
NCR004,2024-05-05T14:00:00Z,35.35,16.3,977.0,2.97,312.0,0.0,0.0,openmeteo_archive,2026-09-24T16:48:08.588736+00:00
NCR004,2024-05-05T15:00:00Z,33.65,18.6,977.6,3.14,323.0,0.0,0.0,openmeteo_archive,2026-09-24T16:48:08.588736+00:00
NCR004,2024-05-05T16:00:00Z,32.9,19.4,978.0,3.45,330.0,0.0,0.0,openmeteo_archive,2026-09-24T16:48:08.588736+00:00
NCR004,2024-05-05T17:00:00Z,32.3,18.9,978.3,3.8,333.0,0.0,0.0,openmeteo_archive,2026-09-24T16:48:08.588736+00:00
NCR004,2024-05-05T18:00:00Z,30.9,20.2,978.5,3.22,330.0,0.0,0.0,openmeteo_archive,2026-09-24T16:48:08.588736+00:00
NCR004,2024-05-05T19:00:00Z,29.9,21.6,978.3,3.5,329.0,0.0,0.0,openmeteo_archive,2026-09-24T16:48:08.588736+00:00
NCR004,2024-05-05T20:00:00Z,29.8,22.7,978.0,4.02,333.0,0.0,0.0,openmeteo_archive,2026-09-24T16:48:08.588736+00:00
NCR004,2024-05-05T21:00:00Z,29.3,24.3,977.8,4.02,333.0,0.0,0.0,openmeteo_archive,2026-09-24T16:48:08.588736+00:00
NCR004,2024-05-05T22:00:00Z,28.65,26.2,978.2,3.97,326.0,0.0,0.0,openmeteo_archive,2026-09-24T16:48:08.588736+00:00
NCR004,2024-05-05T23:00:00Z,28.15,27.8,978.6,3.75,318.0,0.0,0.0,openmeteo_archive,2026-09-24T16:48:08.588736+00:00
NCR004,2024-05-06T00:00:00Z,27.35,29.5,978.9,3.19,311.0,0.0,0.0,openmeteo_archive,2026-09-24T16:48:08.588736+00:00
NCR004,2024-05-06T01:00:00Z,28.9,29.8,980.1,3.19,319.0,0.0,44.2,openmeteo_archive,2026-09-24T16:48:08.588736+00:00
NCR004,2024-05-06T02:00:00Z,31.1,27.0,981.1,2.88,304.0,0.0,205.6,openmeteo_archive,2026-09-24T16:48:08.588736+00:00
NCR004,2024-05-06T03:00:00Z,33.9,23.3,981.9,2.92,308.0,0.0,383.8,openmeteo_archive,2026-09-24T16:48:08.588736+00:00
NCR004,2024-05-06T04:00:00Z,36.6,20.0,982.3,3.04,316.0,0.0,505.9,openmeteo_archive,2026-09-24T16:48:08.588736+00:00
NCR004,2024-05-06T05:00:00Z,38.5,16.6,982.3,3.76,320.0,0.0,581.8,openmeteo_archive,2026-09-24T16:48:08.588736+00:00
NCR004,2024-05-06T06:00:00Z,39.6,14.7,982.1,4.74,314.0,0.0,599.4,openmeteo_archive,2026-09-24T16:48:08.588736+00:00
NCR004,2024-05-06T07:00:00Z,40.05,14.0,981.4,5.22,306.0,0.0,554.2,openmeteo_archive,2026-09-24T16:48:08.588736+00:00
NCR004,2024-05-06T08:00:00Z,40.65,13.3,980.5,5.35,303.0,0.0,595.5,openmeteo_archive,2026-09-24T16:48:08.588736+00:00
NCR004,2024-05-06T09:00:00Z,41.0,12.8,979.6,5.69,304.0,0.0,596.2,openmeteo_archive,2026-09-24T16:48:08.588736+00:00
NCR004,2024-05-06T10:00:00Z,40.55,13.0,978.8,6.52,306.0,0.0,466.4,openmeteo_archive,2026-09-24T16:48:08.588736+00:00
NCR004,2024-05-06T11:00:00Z,39.8,13.6,978.6,6.38,305.0,0.0,352.0,openmeteo_archive,2026-09-24T16:48:08.588736+00:00
NCR004,2024-05-06T12:00:00Z,39.15,14.1,978.5,5.59,297.0,0.0,223.9,openmeteo_archive,2026-09-24T16:48:08.588736+00:00
NCR004,2024-05-06T13:00:00Z,37.7,14.7,978.9,3.32,314.0,0.0,124.5,openmeteo_archive,2026-09-24T16:48:08.588736+00:00
NCR004,2024-05-06T14:00:00Z,35.65,16.7,979.4,4.05,310.0,0.0,0.0,openmeteo_archive,2026-09-24T16:48:08.588736+00:00
NCR004,2024-05-06T15:00:00Z,34.65,17.7,979.9,4.24,317.0,0.0,0.0,openmeteo_archive,2026-09-24T16:48:08.588736+00:00
NCR004,2024-05-06T16:00:00Z,33.3,19.4,980.4,2.97,312.0,0.0,0.0,openmeteo_archive,2026-09-24T16:48:08.588736+00:00
NCR004,2024-05-06T17:00:00Z,32.05,21.4,980.7,3.47,319.0,0.0,0.0,openmeteo_archive,2026-09-24T16:48:08.588736+00:00
NCR004,2024-05-06T18:00:00Z,31.25,22.4,980.6,2.59,332.0,0.0,0.0,openmeteo_archive,2026-09-24T16:48:08.588736+00:00
NCR004,2024-05-06T19:00:00Z,29.8,24.6,980.2,2.14,349.0,0.0,0.0,openmeteo_archive,2026-09-24T16:48:08.588736+00:00
NCR004,2024-05-06T20:00:00Z,28.05,28.0,979.6,2.38,345.0,0.0,0.0,openmeteo_archive,2026-09-24T16:48:08.588736+00:00
NCR004,2024-05-06T21:00:00Z,27.9,28.4,979.5,1.7,315.0,0.0,0.0,openmeteo_archive,2026-09-24T16:48:08.588736+00:00
NCR004,2024-05-06T22:00:00Z,27.3,29.4,979.9,1.92,321.0,0.0,0.0,openmeteo_archive,2026-09-24T16:48:08.588736+00:00
NCR004,2024-05-06T23:00:00Z,25.95,32.5,980.2,2.45,348.0,0.0,0.0,openmeteo_archive,2026-09-24T16:48:08.588736+00:00
NCR004,2024-05-07T00:00:00Z,25.4,33.5,980.4,2.41,5.0,0.0,0.0,openmeteo_archive,2026-09-24T16:48:08.588736+00:00
NCR004,2024-05-07T01:00:00Z,27.9,33.0,981.5,2.1,180.0,0.0,43.7,openmeteo_archive,2026-09-24T16:48:08.588736+00:00
NCR004,2024-05-07T02:00:00Z,31.25,27.3,982.3,1.99,162.0,0.0,173.4,openmeteo_archive,2026-09-24T16:48:08.588736+00:00
NCR004,2024-05-07T03:00:00Z,34.1,23.2,982.9,1.2,132.0,0.0,155.3,openmeteo_archive,2026-09-24T16:48:08.588736+00:00
NCR004,2024-05-07T04:00:00Z,37.0,20.1,983.7,0.81,30.0,0.0,360.3,openmeteo_archive,2026-09-24T16:48:08.588736+00:00
NCR004,2024-05-07T05:00:00Z,37.95,19.6,983.7,3.41,32.0,0.0,444.9,openmeteo_archive,2026-09-24T16:48:08.588736+00:00
NCR004,2024-05-07T06:00:00Z,39.55,16.5,983.7,1.3,86.0,0.0,601.9,openmeteo_archive,2026-09-24T16:48:08.588736+00:00
NCR004,2024-05-07T07:00:00Z,40.55,13.5,983.0,0.81,173.0,0.0,520.9,openmeteo_archive,2026-09-24T16:48:08.588736+00:00
NCR004,2024-05-07T08:00:00Z,41.55,12.9,981.8,0.51,281.0,0.0,581.4,openmeteo_archive,2026-09-24T16:48:08.588736+00:00
NCR004,2024-05-07T09:00:00Z,42.35,12.4,980.8,2.13,311.0,0.0,515.1,openmeteo_archive,2026-09-24T16:48:08.588736+00:00
NCR004,2024-05-07T10:00:00Z,41.85,12.0,980.2,3.82,315.0,0.0,532.8,openmeteo_archive,2026-09-24T16:48:08.588736+00:00
NCR004,2024-05-07T11:00:00Z,41.15,11.8,980.4,3.2,340.0,0.0,415.0,openmeteo_archive,2026-09-24T16:48:08.588736+00:00
NCR004,2024-05-07T12:00:00Z,37.65,20.8,980.6,5.8,90.0,0.0,266.3,openmeteo_archive,2026-09-24T16:48:08.588736+00:00
NCR004,2024-05-07T13:00:00Z,37.85,16.0,980.3,2.2,30.0,0.0,108.5,openmeteo_archive,2026-09-24T16:48:08.588736+00:00
NCR004,2024-05-07T14:00:00Z,35.85,18.3,980.9,3.61,42.0,0.0,0.0,openmeteo_archive,2026-09-24T16:48:08.588736+00:00
NCR004,2024-05-07T15:00:00Z,33.3,33.5,981.5,4.5,90.0,0.0,0.0,openmeteo_archive,2026-09-24T16:48:08.588736+00:00
NCR004,2024-05-07T16:00:00Z,31.75,37.9,982.3,2.72,96.0,0.0,0.0,openmeteo_archive,2026-09-24T16:48:08.588736+00:00
NCR004,2024-05-07T17:00:00Z,30.8,40.0,982.5,2.42,142.0,0.0,0.0,openmeteo_archive,2026-09-24T16:48:08.588736+00:00
NCR004,2024-05-07T18:00:00Z,30.25,41.6,982.7,3.0,150.0,0.0,0.0,openmeteo_archive,2026-09-24T16:48:08.588736+00:00
NCR004,2024-05-07T19:00:00Z,29.2,44.6,982.5,2.15,158.0,0.0,0.0,openmeteo_archive,2026-09-24T16:48:08.588736+00:00
NCR004,2024-05-07T20:00:00Z,27.55,50.2,982.3,2.06,104.0,0.0,0.0,openmeteo_archive,2026-09-24T16:48:08.588736+00:00
NCR004,2024-05-07T21:00:00Z,27.7,49.9,981.9,1.86,144.0,0.0,0.0,openmeteo_archive,2026-09-24T16:48:08.588736+00:00
NCR004,2024-05-07T22:00:00Z,27.3,51.4,982.2,2.48,130.0,0.0,0.0,openmeteo_archive,2026-09-24T16:48:08.588736+00:00
NCR004,2024-05-07T23:00:00Z,27.05,51.8,982.1,3.27,157.0,0.0,0.0,openmeteo_archive,2026-09-24T16:48:08.588736+00:00
NCR005,2024-05-01T00:00:00Z,20.6,32.7,977.2,3.4,313.0,0.0,0.0,openmeteo_archive,2026-09-24T16:48:08.788827+00:00
NCR005,2024-05-01T01:00:00Z,21.45,40.4,978.6,4.31,314.0,0.0,46.2,openmeteo_archive,2026-09-24T16:48:08.788827+00:00
NCR005,2024-05-01T02:00:00Z,23.45,38.1,979.5,4.32,318.0,0.0,230.2,openmeteo_archive,2026-09-24T16:48:08.788827+00:00
NCR005,2024-05-01T03:00:00Z,26.0,31.8,979.9,4.82,318.0,0.0,420.8,openmeteo_archive,2026-09-24T16:48:08.788827+00:00
NCR005,2024-05-01T04:00:00Z,28.6,23.3,980.5,5.95,318.0,0.0,548.5,openmeteo_archive,2026-09-24T16:48:08.788827+00:00
NCR005,2024-05-01T05:00:00Z,30.6,16.5,980.4,6.44,313.0,0.0,629.1,openmeteo_archive,2026-09-24T16:48:08.788827+00:00
NCR005,2024-05-01T06:00:00Z,31.85,13.4,980.2,6.92,307.0,0.0,678.3,openmeteo_archive,2026-09-24T16:48:08.788827+00:00
NCR005,2024-05-01T07:00:00Z,32.55,11.7,979.7,6.52,302.0,0.0,699.4,openmeteo_archive,2026-09-24T16:48:08.788827+00:00
NCR005,2024-05-01T08:00:00Z,32.85,11.6,979.3,6.27,304.0,0.0,694.8,openmeteo_archive,2026-09-24T16:48:08.788827+00:00
NCR005,2024-05-01T09:00:00Z,32.8,11.9,978.7,6.31,297.0,0.0,664.1,openmeteo_archive,2026-09-24T16:48:08.788827+00:00
NCR005,2024-05-01T10:00:00Z,32.5,12.2,978.2,6.14,289.0,0.0,605.5,openmeteo_archive,2026-09-24T16:48:08.788827+00:00
NCR005,2024-05-01T11:00:00Z,31.9,12.3,977.9,6.71,287.0,0.0,508.3,openmeteo_archive,2026-09-24T16:48:08.788827+00:00
NCR005,2024-05-01T12:00:00Z,30.65,13.9,977.9,6.87,291.0,0.0,355.2,openmeteo_archive,2026-09-24T16:48:08.788827+00:00
NCR005,2024-05-01T13:00:00Z,29.6,13.3,978.3,4.74,314.0,0.0,152.8,openmeteo_archive,2026-09-24T16:48:08.788827+00:00
NCR005,2024-05-01T14:00:00Z,28.05,15.8,979.2,3.96,313.0,0.0,0.0,openmeteo_archive,2026-09-24T16:48:08.788827+00:00
NCR005,2024-05-01T15:00:00Z,27.55,18.1,979.6,4.61,319.0,0.0,0.0,openmeteo_archive,2026-09-24T16:48:08.788827+00:00
NCR005,2024-05-01T16:00:00Z,26.15,22.0,980.1,4.32,355.0,0.0,0.0,openmeteo_archive,2026-09-24T16:48:08.788827+00:00
NCR005,2024-05-01T17:00:00Z,24.5,26.4,980.4,2.92,354.0,0.0,0.0,openmeteo_archive,2026-09-24T16:48:08.788827+00:00
NCR005,2024-05-01T18:00:00Z,23.1,30.4,980.1,2.11,355.0,0.0,0.0,openmeteo_archive,2026-09-24T16:48:08.788827+00:00
NCR005,2024-05-01T19:00:00Z,22.05,33.3,979.9,2.22,324.0,0.0,0.0,openmeteo_archive,2026-09-24T16:48:08.788827+00:00
NCR005,2024-05-01T20:00:00Z,21.15,35.4,979.4,2.19,313.0,0.0,0.0,openmeteo_archive,2026-09-24T16:48:08.788827+00:00
NCR005,2024-05-01T21:00:00Z,20.3,37.7,978.9,2.08,305.0,0.0,0.0,openmeteo_archive,2026-09-24T16:48:08.788827+00:00
NCR005,2024-05-01T22:00:00Z,19.8,39.0,978.9,2.42,300.0,0.0,0.0,openmeteo_archive,2026-09-24T16:48:08.788827+00:00
NCR005,2024-05-01T23:00:00Z,19.3,40.2,978.8,2.46,297.0,0.0,0.0,openmeteo_archive,2026-09-24T16:48:08.788827+00:00
NCR005,2024-05-02T00:00:00Z,18.85,41.3,979.1,2.46,297.0,0.0,0.0,openmeteo_archive,2026-09-24T16:48:08.788827+00:00
NCR005,2024-05-02T01:00:00Z,20.5,43.5,979.8,3.23,286.0,0.0,45.6,openmeteo_archive,2026-09-24T16:48:08.788827+00:00
NCR005,2024-05-02T02:00:00Z,23.15,38.1,980.7,3.42,285.0,0.0,235.1,openmeteo_archive,2026-09-24T16:48:08.788827+00:00
NCR005,2024-05-02T03:00:00Z,26.3,32.2,981.0,3.72,294.0,0.0,427.0,openmeteo_archive,2026-09-24T16:48:08.788827+00:00
NCR005,2024-05-02T04:00:00Z,29.05,25.3,981.8,4.88,298.0,0.0,552.8,openmeteo_archive,2026-09-24T16:48:08.788827+00:00
NCR005,2024-05-02T05:00:00Z,31.0,20.5,981.7,4.68,312.0,0.0,627.8,openmeteo_archive,2026-09-24T16:48:08.788827+00:00
NCR005,2024-05-02T06:00:00Z,32.65,17.7,981.3,4.6,316.0,0.0,669.7,openmeteo_archive,2026-09-24T16:48:08.788827+00:00
NCR005,2024-05-02T07:00:00Z,33.95,15.3,980.8,4.88,316.0,0.0,666.5,openmeteo_archive,2026-09-24T16:48:08.788827+00:00
NCR005,2024-05-02T08:00:00Z,34.85,13.9,980.1,5.02,317.0,0.0,640.6,openmeteo_archive,2026-09-24T16:48:08.788827+00:00
NCR005,2024-05-02T09:00:00Z,35.25,14.7,979.2,4.88,314.0,0.0,616.0,openmeteo_archive,2026-09-24T16:48:08.788827+00:00
NCR005,2024-05-02T10:00:00Z,35.4,15.2,978.5,4.74,312.0,0.0,595.4,openmeteo_archive,2026-09-24T16:48:08.788827+00:00
NCR005,2024-05-02T11:00:00Z,35.1,15.4,978.0,4.75,319.0,0.0,498.8,openmeteo_archive,2026-09-24T16:48:08.788827+00:00
NCR005,2024-05-02T12:00:00Z,34.25,16.3,977.7,4.22,324.0,0.0,344.0,openmeteo_archive,2026-09-24T16:48:08.788827+00:00
NCR005,2024-05-02T13:00:00Z,31.7,20.4,978.7,2.09,343.0,0.0,146.1,openmeteo_archive,2026-09-24T16:48:08.788827+00:00
NCR005,2024-05-02T14:00:00Z,27.85,27.7,979.4,2.69,318.0,0.0,0.0,openmeteo_archive,2026-09-24T16:48:08.788827+00:00
NCR005,2024-05-02T15:00:00Z,27.3,27.4,979.9,2.31,288.0,0.0,0.0,openmeteo_archive,2026-09-24T16:48:08.788827+00:00
NCR005,2024-05-02T16:00:00Z,27.2,25.1,980.6,2.97,315.0,0.0,0.0,openmeteo_archive,2026-09-24T16:48:08.788827+00:00
NCR005,2024-05-02T17:00:00Z,26.3,25.8,980.6,2.69,329.0,0.0,0.0,openmeteo_archive,2026-09-24T16:48:08.788827+00:00
NCR005,2024-05-02T18:00:00Z,25.15,27.6,980.7,2.69,318.0,0.0,0.0,openmeteo_archive,2026-09-24T16:48:08.788827+00:00
NCR005,2024-05-02T19:00:00Z,23.7,30.2,980.3,2.2,309.0,0.0,0.0,openmeteo_archive,2026-09-24T16:48:08.788827+00:00
NCR005,2024-05-02T20:00:00Z,22.35,32.7,979.6,1.98,315.0,0.0,0.0,openmeteo_archive,2026-09-24T16:48:08.788827+00:00
NCR005,2024-05-02T21:00:00Z,22.05,32.2,979.5,2.34,320.0,0.0,0.0,openmeteo_archive,2026-09-24T16:48:08.788827+00:00
NCR005,2024-05-02T22:00:00Z,21.45,32.6,979.3,2.26,315.0,0.0,0.0,openmeteo_archive,2026-09-24T16:48:08.788827+00:00
NCR005,2024-05-02T23:00:00Z,21.0,33.7,979.5,2.33,301.0,0.0,0.0,openmeteo_archive,2026-09-24T16:48:08.788827+00:00
NCR005,2024-05-03T00:00:00Z,20.65,34.8,980.0,2.47,302.0,0.0,0.0,openmeteo_archive,2026-09-24T16:48:08.788827+00:00
NCR005,2024-05-03T01:00:00Z,22.6,35.3,980.6,2.64,307.0,0.0,45.0,openmeteo_archive,2026-09-24T16:48:08.788827+00:00
NCR005,2024-05-03T02:00:00Z,25.45,32.0,981.2,2.64,295.0,0.0,229.5,openmeteo_archive,2026-09-24T16:48:08.788827+00:00
NCR005,2024-05-03T03:00:00Z,29.1,26.8,981.9,2.79,285.0,0.0,417.0,openmeteo_archive,2026-09-24T16:48:08.788827+00:00
NCR005,2024-05-03T04:00:00Z,32.45,21.4,982.4,3.98,288.0,0.0,543.9,openmeteo_archive,2026-09-24T16:48:08.788827+00:00
NCR005,2024-05-03T05:00:00Z,34.8,16.0,982.4,4.79,296.0,0.0,613.3,openmeteo_archive,2026-09-24T16:48:08.788827+00:00
NCR005,2024-05-03T06:00:00Z,36.2,13.5,981.9,6.23,300.0,0.0,602.8,openmeteo_archive,2026-09-24T16:48:08.788827+00:00
NCR005,2024-05-03T07:00:00Z,37.25,12.3,981.1,6.93,303.0,0.0,664.7,openmeteo_archive,2026-09-24T16:48:08.788827+00:00
NCR005,2024-05-03T08:00:00Z,37.9,11.5,980.2,7.02,306.0,0.0,622.1,openmeteo_archive,2026-09-24T16:48:08.788827+00:00
NCR005,2024-05-03T09:00:00Z,38.1,11.5,979.5,6.64,307.0,0.0,612.9,openmeteo_archive,2026-09-24T16:48:08.788827+00:00
NCR005,2024-05-03T10:00:00Z,37.95,11.6,979.0,5.94,306.0,0.0,456.6,openmeteo_archive,2026-09-24T16:48:08.788827+00:00
NCR005,2024-05-03T11:00:00Z,37.65,11.6,978.9,5.73,299.0,0.0,406.7,openmeteo_archive,2026-09-24T16:48:08.788827+00:00
NCR005,2024-05-03T12:00:00Z,36.95,11.9,979.1,4.97,295.0,0.0,279.0,openmeteo_archive,2026-09-24T16:48:08.788827+00:00
NCR005,2024-05-03T13:00:00Z,34.85,14.5,980.0,3.04,316.0,0.0,0.0,openmeteo_archive,2026-09-24T16:48:08.788827+00:00
NCR005,2024-05-03T14:00:00Z,32.95,16.3,980.6,2.68,297.0,0.0,0.0,openmeteo_archive,2026-09-24T16:48:08.788827+00:00
NCR005,2024-05-03T15:00:00Z,31.75,18.3,981.3,3.54,286.0,0.0,0.0,openmeteo_archive,2026-09-24T16:48:08.788827+00:00
NCR005,2024-05-03T16:00:00Z,30.65,19.0,981.7,3.33,311.0,0.0,0.0,openmeteo_archive,2026-09-24T16:48:08.788827+00:00
NCR005,2024-05-03T17:00:00Z,29.45,20.0,981.6,3.19,319.0,0.0,0.0,openmeteo_archive,2026-09-24T16:48:08.788827+00:00
NCR005,2024-05-03T18:00:00Z,28.8,21.0,981.4,2.88,326.0,0.0,0.0,openmeteo_archive,2026-09-24T16:48:08.788827+00:00
NCR005,2024-05-03T19:00:00Z,28.35,22.1,980.8,2.55,318.0,0.0,0.0,openmeteo_archive,2026-09-24T16:48:08.788827+00:00
NCR005,2024-05-03T20:00:00Z,27.8,23.4,980.3,2.33,317.0,0.0,0.0,openmeteo_archive,2026-09-24T16:48:08.788827+00:00
NCR005,2024-05-03T21:00:00Z,27.75,23.7,980.0,2.33,335.0,0.0,0.0,openmeteo_archive,2026-09-24T16:48:08.788827+00:00
NCR005,2024-05-03T22:00:00Z,27.35,24.4,980.0,2.1,335.0,0.0,0.0,openmeteo_archive,2026-09-24T16:48:08.788827+00:00
NCR005,2024-05-03T23:00:00Z,26.7,26.3,979.9,1.75,329.0,0.0,0.0,openmeteo_archive,2026-09-24T16:48:08.788827+00:00
NCR005,2024-05-04T00:00:00Z,27.05,26.4,980.3,1.62,68.0,0.0,0.0,openmeteo_archive,2026-09-24T16:48:08.788827+00:00
NCR005,2024-05-04T01:00:00Z,26.75,29.6,982.2,3.57,281.0,0.0,0.0,openmeteo_archive,2026-09-24T16:48:08.788827+00:00
NCR005,2024-05-04T02:00:00Z,28.65,27.2,982.8,3.91,302.0,0.0,34.5,openmeteo_archive,2026-09-24T16:48:08.788827+00:00
NCR005,2024-05-04T03:00:00Z,31.15,23.4,983.4,3.89,318.0,0.0,188.6,openmeteo_archive,2026-09-24T16:48:08.788827+00:00
NCR005,2024-05-04T04:00:00Z,33.85,20.9,983.3,4.25,300.0,0.0,348.9,openmeteo_archive,2026-09-24T16:48:08.788827+00:00
NCR005,2024-05-04T05:00:00Z,36.6,17.1,983.2,4.33,310.0,0.0,450.4,openmeteo_archive,2026-09-24T16:48:08.788827+00:00
NCR005,2024-05-04T06:00:00Z,39.2,10.4,982.6,4.17,316.0,0.0,539.4,openmeteo_archive,2026-09-24T16:48:08.788827+00:00
NCR005,2024-05-04T07:00:00Z,40.25,9.3,981.7,3.05,302.0,0.0,627.8,openmeteo_archive,2026-09-24T16:48:08.788827+00:00
NCR005,2024-05-04T08:00:00Z,40.6,9.7,980.9,3.7,289.0,0.0,569.3,openmeteo_archive,2026-09-24T16:48:08.788827+00:00
NCR005,2024-05-04T09:00:00Z,40.8,10.0,979.9,4.7,294.0,0.0,622.3,openmeteo_archive,2026-09-24T16:48:08.788827+00:00
NCR005,2024-05-04T10:00:00Z,40.6,9.9,979.2,5.22,287.0,0.0,574.1,openmeteo_archive,2026-09-24T16:48:08.788827+00:00
NCR005,2024-05-04T11:00:00Z,39.9,9.8,978.6,5.45,277.0,0.0,475.1,openmeteo_archive,2026-09-24T16:48:08.788827+00:00
NCR005,2024-05-04T12:00:00Z,38.55,11.0,978.5,5.36,284.0,0.0,258.4,openmeteo_archive,2026-09-24T16:48:08.788827+00:00
NCR005,2024-05-04T13:00:00Z,36.7,12.4,978.4,3.3,270.0,0.0,133.0,openmeteo_archive,2026-09-24T16:48:08.788827+00:00
NCR005,2024-05-04T14:00:00Z,33.45,15.2,978.4,2.37,298.0,0.0,0.0,openmeteo_archive,2026-09-24T16:48:08.788827+00:00
NCR005,2024-05-04T15:00:00Z,31.6,18.8,978.5,2.4,315.0,0.0,0.0,openmeteo_archive,2026-09-24T16:48:08.788827+00:00
NCR005,2024-05-04T16:00:00Z,30.05,21.2,978.6,2.28,285.0,0.0,0.0,openmeteo_archive,2026-09-24T16:48:08.788827+00:00
NCR005,2024-05-04T17:00:00Z,28.25,24.0,978.9,2.24,333.0,0.0,0.0,openmeteo_archive,2026-09-24T16:48:08.788827+00:00
NCR005,2024-05-04T18:00:00Z,27.2,25.9,978.7,3.0,334.0,0.0,0.0,openmeteo_archive,2026-09-24T16:48:08.788827+00:00
NCR005,2024-05-04T19:00:00Z,27.25,24.9,977.6,2.11,329.0,0.0,0.0,openmeteo_archive,2026-09-24T16:48:08.788827+00:00
NCR005,2024-05-04T20:00:00Z,26.1,28.2,977.0,2.73,332.0,0.0,0.0,openmeteo_archive,2026-09-24T16:48:08.788827+00:00
NCR005,2024-05-04T21:00:00Z,25.6,30.0,976.4,2.62,353.0,0.0,0.0,openmeteo_archive,2026-09-24T16:48:08.788827+00:00
NCR005,2024-05-04T22:00:00Z,27.15,25.9,976.3,1.12,280.0,0.0,0.0,openmeteo_archive,2026-09-24T16:48:08.788827+00:00
NCR005,2024-05-04T23:00:00Z,24.65,30.5,976.5,1.98,225.0,0.0,0.0,openmeteo_archive,2026-09-24T16:48:08.788827+00:00
NCR005,2024-05-05T00:00:00Z,25.05,29.3,976.8,2.75,280.0,0.0,0.0,openmeteo_archive,2026-09-24T16:48:08.788827+00:00
NCR005,2024-05-05T01:00:00Z,26.15,31.1,977.0,2.94,288.0,0.0,44.0,openmeteo_archive,2026-09-24T16:48:08.788827+00:00
NCR005,2024-05-05T02:00:00Z,29.0,28.2,977.7,3.16,288.0,0.0,215.4,openmeteo_archive,2026-09-24T16:48:08.788827+00:00
NCR005,2024-05-05T03:00:00Z,31.95,23.9,978.4,3.19,302.0,0.0,397.5,openmeteo_archive,2026-09-24T16:48:08.788827+00:00
NCR005,2024-05-05T04:00:00Z,35.45,18.1,978.9,3.58,306.0,0.0,520.6,openmeteo_archive,2026-09-24T16:48:08.788827+00:00
NCR005,2024-05-05T05:00:00Z,38.2,13.2,978.7,3.68,315.0,0.0,597.8,openmeteo_archive,2026-09-24T16:48:08.788827+00:00
NCR005,2024-05-05T06:00:00Z,39.55,12.9,978.1,3.8,333.0,0.0,639.9,openmeteo_archive,2026-09-24T16:48:08.788827+00:00
NCR005,2024-05-05T07:00:00Z,40.6,12.9,977.5,3.96,317.0,0.0,655.9,openmeteo_archive,2026-09-24T16:48:08.788827+00:00
NCR005,2024-05-05T08:00:00Z,41.05,12.1,976.6,4.08,306.0,0.0,651.0,openmeteo_archive,2026-09-24T16:48:08.788827+00:00
NCR005,2024-05-05T09:00:00Z,41.15,11.9,975.8,4.25,300.0,0.0,624.9,openmeteo_archive,2026-09-24T16:48:08.788827+00:00
NCR005,2024-05-05T10:00:00Z,40.9,11.9,975.2,5.02,293.0,0.0,569.4,openmeteo_archive,2026-09-24T16:48:08.788827+00:00
NCR005,2024-05-05T11:00:00Z,40.0,12.1,974.8,5.81,297.0,0.0,475.7,openmeteo_archive,2026-09-24T16:48:08.788827+00:00
NCR005,2024-05-05T12:00:00Z,39.1,12.5,974.9,5.1,312.0,0.0,327.8,openmeteo_archive,2026-09-24T16:48:08.788827+00:00
NCR005,2024-05-05T13:00:00Z,36.95,15.1,975.4,3.89,331.0,0.0,136.8,openmeteo_archive,2026-09-24T16:48:08.788827+00:00
NCR005,2024-05-05T14:00:00Z,35.3,15.7,975.9,4.12,337.0,0.0,0.0,openmeteo_archive,2026-09-24T16:48:08.788827+00:00
NCR005,2024-05-05T15:00:00Z,33.6,17.4,976.5,3.22,330.0,0.0,0.0,openmeteo_archive,2026-09-24T16:48:08.788827+00:00
NCR005,2024-05-05T16:00:00Z,31.65,19.6,977.0,3.0,323.0,0.0,0.0,openmeteo_archive,2026-09-24T16:48:08.788827+00:00
NCR005,2024-05-05T17:00:00Z,30.65,20.2,977.2,3.0,334.0,0.0,0.0,openmeteo_archive,2026-09-24T16:48:08.788827+00:00
NCR005,2024-05-05T18:00:00Z,29.8,21.5,977.4,2.75,341.0,0.0,0.0,openmeteo_archive,2026-09-24T16:48:08.788827+00:00
NCR005,2024-05-05T19:00:00Z,29.5,22.9,977.1,3.36,337.0,0.0,0.0,openmeteo_archive,2026-09-24T16:48:08.788827+00:00
NCR005,2024-05-05T20:00:00Z,29.05,24.4,976.9,3.22,334.0,0.0,0.0,openmeteo_archive,2026-09-24T16:48:08.788827+00:00
NCR005,2024-05-05T21:00:00Z,28.2,26.6,976.7,2.91,333.0,0.0,0.0,openmeteo_archive,2026-09-24T16:48:08.788827+00:00
NCR005,2024-05-05T22:00:00Z,27.35,28.8,977.1,2.69,329.0,0.0,0.0,openmeteo_archive,2026-09-24T16:48:08.788827+00:00
NCR005,2024-05-05T23:00:00Z,26.4,31.2,977.4,2.41,318.0,0.0,0.0,openmeteo_archive,2026-09-24T16:48:08.788827+00:00
NCR005,2024-05-06T00:00:00Z,25.65,33.2,977.8,2.42,308.0,0.0,0.0,openmeteo_archive,2026-09-24T16:48:08.788827+00:00
NCR005,2024-05-06T01:00:00Z,27.75,33.2,979.0,2.56,321.0,0.0,43.6,openmeteo_archive,2026-09-24T16:48:08.788827+00:00
NCR005,2024-05-06T02:00:00Z,30.3,30.3,979.8,2.5,307.0,0.0,213.7,openmeteo_archive,2026-09-24T16:48:08.788827+00:00
NCR005,2024-05-06T03:00:00Z,33.1,26.3,980.6,2.78,300.0,0.0,392.0,openmeteo_archive,2026-09-24T16:48:08.788827+00:00
NCR005,2024-05-06T04:00:00Z,35.85,22.6,981.1,3.19,302.0,0.0,513.5,openmeteo_archive,2026-09-24T16:48:08.788827+00:00
NCR005,2024-05-06T05:00:00Z,37.9,18.8,981.2,3.64,307.0,0.0,587.2,openmeteo_archive,2026-09-24T16:48:08.788827+00:00
NCR005,2024-05-06T06:00:00Z,39.25,15.8,981.0,4.17,300.0,0.0,613.3,openmeteo_archive,2026-09-24T16:48:08.788827+00:00
NCR005,2024-05-06T07:00:00Z,39.8,14.8,980.3,4.7,294.0,0.0,564.8,openmeteo_archive,2026-09-24T16:48:08.788827+00:00
NCR005,2024-05-06T08:00:00Z,40.4,14.0,979.4,5.2,293.0,0.0,620.1,openmeteo_archive,2026-09-24T16:48:08.788827+00:00
NCR005,2024-05-06T09:00:00Z,40.55,13.5,978.6,5.82,299.0,0.0,609.6,openmeteo_archive,2026-09-24T16:48:08.788827+00:00
NCR005,2024-05-06T10:00:00Z,40.3,13.6,977.8,6.23,300.0,0.0,545.2,openmeteo_archive,2026-09-24T16:48:08.788827+00:00
NCR005,2024-05-06T11:00:00Z,39.7,14.2,977.4,6.36,300.0,0.0,445.1,openmeteo_archive,2026-09-24T16:48:08.788827+00:00
NCR005,2024-05-06T12:00:00Z,39.2,14.8,977.3,4.65,298.0,0.0,304.8,openmeteo_archive,2026-09-24T16:48:08.788827+00:00
NCR005,2024-05-06T13:00:00Z,36.7,16.2,977.8,2.28,285.0,0.0,115.4,openmeteo_archive,2026-09-24T16:48:08.788827+00:00
NCR005,2024-05-06T14:00:00Z,34.3,18.5,978.3,2.56,301.0,0.0,0.0,openmeteo_archive,2026-09-24T16:48:08.788827+00:00
NCR005,2024-05-06T15:00:00Z,32.9,20.6,978.7,2.75,289.0,0.0,0.0,openmeteo_archive,2026-09-24T16:48:08.788827+00:00
NCR005,2024-05-06T16:00:00Z,31.85,22.2,979.3,2.6,293.0,0.0,0.0,openmeteo_archive,2026-09-24T16:48:08.788827+00:00
NCR005,2024-05-06T17:00:00Z,30.5,24.4,979.5,2.36,306.0,0.0,0.0,openmeteo_archive,2026-09-24T16:48:08.788827+00:00
NCR005,2024-05-06T18:00:00Z,29.15,26.6,979.6,2.2,330.0,0.0,0.0,openmeteo_archive,2026-09-24T16:48:08.788827+00:00
NCR005,2024-05-06T19:00:00Z,28.05,27.7,979.1,2.06,346.0,0.0,0.0,openmeteo_archive,2026-09-24T16:48:08.788827+00:00
NCR005,2024-05-06T20:00:00Z,27.0,29.9,978.4,2.33,350.0,0.0,0.0,openmeteo_archive,2026-09-24T16:48:08.788827+00:00
NCR005,2024-05-06T21:00:00Z,26.5,30.3,978.4,2.0,357.0,0.0,0.0,openmeteo_archive,2026-09-24T16:48:08.788827+00:00
NCR005,2024-05-06T22:00:00Z,25.25,33.6,978.8,2.4,2.0,0.0,0.0,openmeteo_archive,2026-09-24T16:48:08.788827+00:00
NCR005,2024-05-06T23:00:00Z,27.2,28.0,979.2,1.43,12.0,0.0,0.0,openmeteo_archive,2026-09-24T16:48:08.788827+00:00
NCR005,2024-05-07T00:00:00Z,25.8,31.3,979.5,1.55,75.0,0.0,0.0,openmeteo_archive,2026-09-24T16:48:08.788827+00:00
NCR005,2024-05-07T01:00:00Z,27.0,34.7,980.4,2.78,128.0,0.0,43.1,openmeteo_archive,2026-09-24T16:48:08.788827+00:00
NCR005,2024-05-07T02:00:00Z,29.6,31.1,981.3,1.22,145.0,0.0,208.8,openmeteo_archive,2026-09-24T16:48:08.788827+00:00
NCR005,2024-05-07T03:00:00Z,32.8,26.5,982.2,1.13,45.0,0.0,360.7,openmeteo_archive,2026-09-24T16:48:08.788827+00:00
NCR005,2024-05-07T04:00:00Z,34.8,24.8,983.0,3.14,59.0,0.0,398.7,openmeteo_archive,2026-09-24T16:48:08.788827+00:00
NCR005,2024-05-07T05:00:00Z,37.15,23.0,983.0,3.06,79.0,0.0,524.9,openmeteo_archive,2026-09-24T16:48:08.788827+00:00
NCR005,2024-05-07T06:00:00Z,39.0,20.0,982.8,2.4,88.0,0.0,626.5,openmeteo_archive,2026-09-24T16:48:08.788827+00:00
NCR005,2024-05-07T07:00:00Z,40.1,16.1,982.0,0.36,236.0,0.0,585.8,openmeteo_archive,2026-09-24T16:48:08.788827+00:00
NCR005,2024-05-07T08:00:00Z,40.7,14.4,981.1,2.02,303.0,0.0,510.4,openmeteo_archive,2026-09-24T16:48:08.788827+00:00
NCR005,2024-05-07T09:00:00Z,41.2,13.7,980.1,2.97,318.0,0.0,513.8,openmeteo_archive,2026-09-24T16:48:08.788827+00:00
NCR005,2024-05-07T10:00:00Z,40.85,13.2,979.8,3.77,22.0,0.0,552.2,openmeteo_archive,2026-09-24T16:48:08.788827+00:00
NCR005,2024-05-07T11:00:00Z,37.0,25.6,980.0,7.12,79.0,0.0,417.9,openmeteo_archive,2026-09-24T16:48:08.788827+00:00
NCR005,2024-05-07T12:00:00Z,36.4,25.5,979.9,6.0,89.0,0.0,279.5,openmeteo_archive,2026-09-24T16:48:08.788827+00:00
NCR005,2024-05-07T13:00:00Z,37.2,17.0,979.6,3.05,32.0,0.0,124.3,openmeteo_archive,2026-09-24T16:48:08.788827+00:00
NCR005,2024-05-07T14:00:00Z,33.75,30.0,980.1,5.21,93.0,0.0,0.0,openmeteo_archive,2026-09-24T16:48:08.788827+00:00
NCR005,2024-05-07T15:00:00Z,32.35,36.4,980.7,3.86,100.0,0.0,0.0,openmeteo_archive,2026-09-24T16:48:08.788827+00:00
NCR005,2024-05-07T16:00:00Z,31.45,38.3,981.2,3.29,110.0,0.0,0.0,openmeteo_archive,2026-09-24T16:48:08.788827+00:00
NCR005,2024-05-07T17:00:00Z,30.7,38.6,981.2,2.9,136.0,0.0,0.0,openmeteo_archive,2026-09-24T16:48:08.788827+00:00
NCR005,2024-05-07T18:00:00Z,29.7,41.1,981.7,2.3,146.0,0.0,0.0,openmeteo_archive,2026-09-24T16:48:08.788827+00:00
NCR005,2024-05-07T19:00:00Z,27.65,48.8,981.6,2.56,121.0,0.0,0.0,openmeteo_archive,2026-09-24T16:48:08.788827+00:00
NCR005,2024-05-07T20:00:00Z,27.75,48.2,981.2,1.89,148.0,0.0,0.0,openmeteo_archive,2026-09-24T16:48:08.788827+00:00
NCR005,2024-05-07T21:00:00Z,27.05,51.2,980.9,2.06,141.0,0.0,0.0,openmeteo_archive,2026-09-24T16:48:08.788827+00:00
NCR005,2024-05-07T22:00:00Z,26.85,52.4,980.9,3.19,148.0,0.0,0.0,openmeteo_archive,2026-09-24T16:48:08.788827+00:00
NCR005,2024-05-07T23:00:00Z,26.75,53.1,981.1,3.47,139.0,0.0,0.0,openmeteo_archive,2026-09-24T16:48:08.788827+00:00
NCR006,2024-05-01T00:00:00Z,20.95,34.0,975.7,3.33,311.0,0.0,0.0,openmeteo_archive,2026-09-24T16:48:09.016020+00:00
NCR006,2024-05-01T01:00:00Z,21.6,40.8,977.2,4.28,307.0,0.0,54.2,openmeteo_archive,2026-09-24T16:48:09.016020+00:00
NCR006,2024-05-01T02:00:00Z,23.45,37.2,978.1,4.39,317.0,0.0,244.2,openmeteo_archive,2026-09-24T16:48:09.016020+00:00
NCR006,2024-05-01T03:00:00Z,26.35,29.8,978.4,4.95,313.0,0.0,432.2,openmeteo_archive,2026-09-24T16:48:09.016020+00:00
NCR006,2024-05-01T04:00:00Z,29.0,21.1,979.1,6.01,313.0,0.0,558.5,openmeteo_archive,2026-09-24T16:48:09.016020+00:00
NCR006,2024-05-01T05:00:00Z,31.2,14.7,979.0,6.14,307.0,0.0,635.6,openmeteo_archive,2026-09-24T16:48:09.016020+00:00
NCR006,2024-05-01T06:00:00Z,32.25,12.9,978.8,6.35,303.0,0.0,684.9,openmeteo_archive,2026-09-24T16:48:09.016020+00:00
NCR006,2024-05-01T07:00:00Z,33.1,10.8,978.3,6.35,296.0,0.0,705.4,openmeteo_archive,2026-09-24T16:48:09.016020+00:00
NCR006,2024-05-01T08:00:00Z,33.5,9.1,977.7,6.28,292.0,0.0,702.5,openmeteo_archive,2026-09-24T16:48:09.016020+00:00
NCR006,2024-05-01T09:00:00Z,33.4,9.2,977.0,6.32,293.0,0.0,674.0,openmeteo_archive,2026-09-24T16:48:09.016020+00:00
NCR006,2024-05-01T10:00:00Z,33.05,10.3,976.6,6.39,287.0,0.0,617.1,openmeteo_archive,2026-09-24T16:48:09.016020+00:00
NCR006,2024-05-01T11:00:00Z,32.1,11.9,976.4,6.33,286.0,0.0,519.2,openmeteo_archive,2026-09-24T16:48:09.016020+00:00
NCR006,2024-05-01T12:00:00Z,31.1,12.8,976.4,5.82,289.0,0.0,360.2,openmeteo_archive,2026-09-24T16:48:09.016020+00:00
NCR006,2024-05-01T13:00:00Z,29.75,12.5,977.0,3.19,302.0,0.0,154.7,openmeteo_archive,2026-09-24T16:48:09.016020+00:00
NCR006,2024-05-01T14:00:00Z,26.8,15.7,977.8,2.05,317.0,0.0,0.0,openmeteo_archive,2026-09-24T16:48:09.016020+00:00
NCR006,2024-05-01T15:00:00Z,26.2,20.6,978.6,3.24,326.0,0.0,0.0,openmeteo_archive,2026-09-24T16:48:09.016020+00:00
NCR006,2024-05-01T16:00:00Z,25.35,26.1,979.1,3.01,345.0,0.0,0.0,openmeteo_archive,2026-09-24T16:48:09.016020+00:00
NCR006,2024-05-01T17:00:00Z,24.05,29.6,979.2,2.16,347.0,0.0,0.0,openmeteo_archive,2026-09-24T16:48:09.016020+00:00
NCR006,2024-05-01T18:00:00Z,23.05,32.3,978.9,2.09,343.0,0.0,0.0,openmeteo_archive,2026-09-24T16:48:09.016020+00:00
NCR006,2024-05-01T19:00:00Z,22.2,34.9,978.5,2.24,333.0,0.0,0.0,openmeteo_archive,2026-09-24T16:48:09.016020+00:00
NCR006,2024-05-01T20:00:00Z,21.5,36.9,978.0,2.41,318.0,0.0,0.0,openmeteo_archive,2026-09-24T16:48:09.016020+00:00
NCR006,2024-05-01T21:00:00Z,21.05,37.9,977.7,2.55,312.0,0.0,0.0,openmeteo_archive,2026-09-24T16:48:09.016020+00:00
NCR006,2024-05-01T22:00:00Z,20.7,38.7,977.5,2.86,306.0,0.0,0.0,openmeteo_archive,2026-09-24T16:48:09.016020+00:00
NCR006,2024-05-01T23:00:00Z,20.1,40.6,977.5,2.8,305.0,0.0,0.0,openmeteo_archive,2026-09-24T16:48:09.016020+00:00
NCR006,2024-05-02T00:00:00Z,19.6,42.2,977.5,2.61,302.0,0.0,0.0,openmeteo_archive,2026-09-24T16:48:09.016020+00:00
NCR006,2024-05-02T01:00:00Z,21.3,41.1,978.3,3.76,287.0,0.0,53.6,openmeteo_archive,2026-09-24T16:48:09.016020+00:00
NCR006,2024-05-02T02:00:00Z,23.65,36.0,979.3,3.67,296.0,0.0,248.9,openmeteo_archive,2026-09-24T16:48:09.016020+00:00
NCR006,2024-05-02T03:00:00Z,26.65,30.0,979.7,4.04,312.0,0.0,440.2,openmeteo_archive,2026-09-24T16:48:09.016020+00:00
NCR006,2024-05-02T04:00:00Z,29.35,24.1,980.2,4.17,314.0,0.0,565.7,openmeteo_archive,2026-09-24T16:48:09.016020+00:00
NCR006,2024-05-02T05:00:00Z,31.75,17.9,980.4,4.44,306.0,0.0,641.5,openmeteo_archive,2026-09-24T16:48:09.016020+00:00
NCR006,2024-05-02T06:00:00Z,33.5,14.7,979.9,4.46,316.0,0.0,683.8,openmeteo_archive,2026-09-24T16:48:09.016020+00:00
NCR006,2024-05-02T07:00:00Z,34.8,12.4,979.5,4.89,319.0,0.0,701.4,openmeteo_archive,2026-09-24T16:48:09.016020+00:00
NCR006,2024-05-02T08:00:00Z,35.55,11.5,978.7,5.16,324.0,0.0,694.3,openmeteo_archive,2026-09-24T16:48:09.016020+00:00
NCR006,2024-05-02T09:00:00Z,35.85,11.8,977.8,5.19,326.0,0.0,632.5,openmeteo_archive,2026-09-24T16:48:09.016020+00:00
NCR006,2024-05-02T10:00:00Z,35.75,13.4,977.0,5.14,323.0,0.0,593.8,openmeteo_archive,2026-09-24T16:48:09.016020+00:00
NCR006,2024-05-02T11:00:00Z,35.1,14.6,976.7,5.42,322.0,0.0,509.7,openmeteo_archive,2026-09-24T16:48:09.016020+00:00
NCR006,2024-05-02T12:00:00Z,34.05,15.7,976.5,5.0,323.0,0.0,353.7,openmeteo_archive,2026-09-24T16:48:09.016020+00:00
NCR006,2024-05-02T13:00:00Z,32.2,18.4,977.5,3.28,329.0,0.0,153.1,openmeteo_archive,2026-09-24T16:48:09.016020+00:00
NCR006,2024-05-02T14:00:00Z,28.8,23.1,978.1,2.2,321.0,0.0,0.0,openmeteo_archive,2026-09-24T16:48:09.016020+00:00
NCR006,2024-05-02T15:00:00Z,27.9,25.0,978.6,2.2,330.0,0.0,0.0,openmeteo_archive,2026-09-24T16:48:09.016020+00:00
NCR006,2024-05-02T16:00:00Z,27.05,27.0,979.3,2.41,318.0,0.0,0.0,openmeteo_archive,2026-09-24T16:48:09.016020+00:00
NCR006,2024-05-02T17:00:00Z,25.5,30.2,979.4,2.14,307.0,0.0,0.0,openmeteo_archive,2026-09-24T16:48:09.016020+00:00
NCR006,2024-05-02T18:00:00Z,25.15,29.0,979.4,3.04,316.0,0.0,0.0,openmeteo_archive,2026-09-24T16:48:09.016020+00:00
NCR006,2024-05-02T19:00:00Z,24.8,25.7,979.0,3.04,316.0,0.0,0.0,openmeteo_archive,2026-09-24T16:48:09.016020+00:00
NCR006,2024-05-02T20:00:00Z,23.95,26.1,978.4,2.83,318.0,0.0,0.0,openmeteo_archive,2026-09-24T16:48:09.016020+00:00
NCR006,2024-05-02T21:00:00Z,23.3,27.2,978.2,2.77,319.0,0.0,0.0,openmeteo_archive,2026-09-24T16:48:09.016020+00:00
NCR006,2024-05-02T22:00:00Z,22.75,28.8,978.1,2.72,324.0,0.0,0.0,openmeteo_archive,2026-09-24T16:48:09.016020+00:00
NCR006,2024-05-02T23:00:00Z,21.85,31.5,978.1,2.27,311.0,0.0,0.0,openmeteo_archive,2026-09-24T16:48:09.016020+00:00
NCR006,2024-05-03T00:00:00Z,21.4,33.3,978.5,2.4,287.0,0.0,0.0,openmeteo_archive,2026-09-24T16:48:09.016020+00:00
NCR006,2024-05-03T01:00:00Z,23.75,34.0,979.2,3.44,306.0,0.0,53.0,openmeteo_archive,2026-09-24T16:48:09.016020+00:00
NCR006,2024-05-03T02:00:00Z,26.5,29.3,979.8,3.38,289.0,0.0,243.3,openmeteo_archive,2026-09-24T16:48:09.016020+00:00
NCR006,2024-05-03T03:00:00Z,29.95,23.6,980.4,3.68,292.0,0.0,434.2,openmeteo_archive,2026-09-24T16:48:09.016020+00:00
NCR006,2024-05-03T04:00:00Z,33.35,17.9,980.9,4.88,298.0,0.0,558.2,openmeteo_archive,2026-09-24T16:48:09.016020+00:00
NCR006,2024-05-03T05:00:00Z,35.45,13.0,980.8,6.55,304.0,0.0,630.6,openmeteo_archive,2026-09-24T16:48:09.016020+00:00
NCR006,2024-05-03T06:00:00Z,36.9,10.7,980.3,6.58,306.0,0.0,651.5,openmeteo_archive,2026-09-24T16:48:09.016020+00:00
NCR006,2024-05-03T07:00:00Z,37.95,9.4,979.5,6.54,309.0,0.0,695.3,openmeteo_archive,2026-09-24T16:48:09.016020+00:00
NCR006,2024-05-03T08:00:00Z,38.6,8.8,978.7,6.52,311.0,0.0,665.3,openmeteo_archive,2026-09-24T16:48:09.016020+00:00
NCR006,2024-05-03T09:00:00Z,38.9,8.7,978.0,6.51,314.0,0.0,637.3,openmeteo_archive,2026-09-24T16:48:09.016020+00:00
NCR006,2024-05-03T10:00:00Z,38.8,8.8,977.5,6.01,314.0,0.0,545.9,openmeteo_archive,2026-09-24T16:48:09.016020+00:00
NCR006,2024-05-03T11:00:00Z,38.3,9.0,977.4,5.81,312.0,0.0,380.5,openmeteo_archive,2026-09-24T16:48:09.016020+00:00
NCR006,2024-05-03T12:00:00Z,37.5,9.8,977.6,5.52,312.0,0.0,211.9,openmeteo_archive,2026-09-24T16:48:09.016020+00:00
NCR006,2024-05-03T13:00:00Z,35.6,12.5,979.0,3.78,323.0,0.0,0.0,openmeteo_archive,2026-09-24T16:48:09.016020+00:00
NCR006,2024-05-03T14:00:00Z,33.75,14.2,979.4,3.09,335.0,0.0,0.0,openmeteo_archive,2026-09-24T16:48:09.016020+00:00
NCR006,2024-05-03T15:00:00Z,32.35,15.7,980.1,2.69,318.0,0.0,0.0,openmeteo_archive,2026-09-24T16:48:09.016020+00:00
NCR006,2024-05-03T16:00:00Z,31.35,16.9,980.5,2.7,321.0,0.0,0.0,openmeteo_archive,2026-09-24T16:48:09.016020+00:00
NCR006,2024-05-03T17:00:00Z,30.3,18.7,980.5,2.83,315.0,0.0,0.0,openmeteo_archive,2026-09-24T16:48:09.016020+00:00
NCR006,2024-05-03T18:00:00Z,29.45,20.4,980.2,2.58,306.0,0.0,0.0,openmeteo_archive,2026-09-24T16:48:09.016020+00:00
NCR006,2024-05-03T19:00:00Z,29.05,21.3,979.4,2.46,297.0,0.0,0.0,openmeteo_archive,2026-09-24T16:48:09.016020+00:00
NCR006,2024-05-03T20:00:00Z,27.4,23.6,979.1,2.42,294.0,0.0,0.0,openmeteo_archive,2026-09-24T16:48:09.016020+00:00
NCR006,2024-05-03T21:00:00Z,27.4,23.5,978.9,2.11,301.0,0.0,0.0,openmeteo_archive,2026-09-24T16:48:09.016020+00:00
NCR006,2024-05-03T22:00:00Z,27.15,23.9,978.7,1.84,299.0,0.0,0.0,openmeteo_archive,2026-09-24T16:48:09.016020+00:00
NCR006,2024-05-03T23:00:00Z,26.85,24.2,978.7,1.75,301.0,0.0,0.0,openmeteo_archive,2026-09-24T16:48:09.016020+00:00
NCR006,2024-05-04T00:00:00Z,26.55,24.5,979.6,2.97,340.0,0.0,0.0,openmeteo_archive,2026-09-24T16:48:09.016020+00:00
NCR006,2024-05-04T01:00:00Z,27.2,25.2,981.2,3.77,302.0,0.0,0.0,openmeteo_archive,2026-09-24T16:48:09.016020+00:00
NCR006,2024-05-04T02:00:00Z,29.35,23.6,981.8,4.24,317.0,0.0,98.5,openmeteo_archive,2026-09-24T16:48:09.016020+00:00
NCR006,2024-05-04T03:00:00Z,31.45,23.8,981.9,4.05,327.0,0.0,77.7,openmeteo_archive,2026-09-24T16:48:09.016020+00:00
NCR006,2024-05-04T04:00:00Z,33.65,21.3,981.9,3.61,355.0,0.0,226.5,openmeteo_archive,2026-09-24T16:48:09.016020+00:00
NCR006,2024-05-04T05:00:00Z,37.05,16.6,981.9,2.91,344.0,0.0,588.4,openmeteo_archive,2026-09-24T16:48:09.016020+00:00
NCR006,2024-05-04T06:00:00Z,39.4,11.1,981.3,3.0,323.0,0.0,521.1,openmeteo_archive,2026-09-24T16:48:09.016020+00:00
NCR006,2024-05-04T07:00:00Z,41.0,8.7,980.4,3.83,311.0,0.0,667.7,openmeteo_archive,2026-09-24T16:48:09.016020+00:00
NCR006,2024-05-04T08:00:00Z,41.25,8.7,979.5,4.5,307.0,0.0,557.9,openmeteo_archive,2026-09-24T16:48:09.016020+00:00
NCR006,2024-05-04T09:00:00Z,41.3,8.9,978.5,4.94,291.0,0.0,582.4,openmeteo_archive,2026-09-24T16:48:09.016020+00:00
NCR006,2024-05-04T10:00:00Z,41.1,9.7,977.7,4.95,284.0,0.0,568.5,openmeteo_archive,2026-09-24T16:48:09.016020+00:00
NCR006,2024-05-04T11:00:00Z,40.55,9.7,976.9,5.22,265.0,0.0,472.5,openmeteo_archive,2026-09-24T16:48:09.016020+00:00
NCR006,2024-05-04T12:00:00Z,38.95,9.7,977.0,7.33,259.0,0.0,328.8,openmeteo_archive,2026-09-24T16:48:09.016020+00:00
NCR006,2024-05-04T13:00:00Z,38.0,11.4,976.9,5.51,267.0,0.0,124.1,openmeteo_archive,2026-09-24T16:48:09.016020+00:00
NCR006,2024-05-04T14:00:00Z,36.35,13.0,977.3,5.0,268.0,0.0,0.0,openmeteo_archive,2026-09-24T16:48:09.016020+00:00
NCR006,2024-05-04T15:00:00Z,33.4,15.6,977.5,2.64,331.0,0.0,0.0,openmeteo_archive,2026-09-24T16:48:09.016020+00:00
NCR006,2024-05-04T16:00:00Z,32.0,18.6,977.8,2.6,358.0,0.0,0.0,openmeteo_archive,2026-09-24T16:48:09.016020+00:00
NCR006,2024-05-04T17:00:00Z,29.45,23.2,977.7,3.04,343.0,0.0,0.0,openmeteo_archive,2026-09-24T16:48:09.016020+00:00
NCR006,2024-05-04T18:00:00Z,28.7,23.8,977.6,1.8,273.0,0.0,0.0,openmeteo_archive,2026-09-24T16:48:09.016020+00:00
NCR006,2024-05-04T19:00:00Z,28.1,23.6,976.7,2.02,279.0,0.0,0.0,openmeteo_archive,2026-09-24T16:48:09.016020+00:00
NCR006,2024-05-04T20:00:00Z,27.15,25.0,975.9,1.92,309.0,0.0,0.0,openmeteo_archive,2026-09-24T16:48:09.016020+00:00
NCR006,2024-05-04T21:00:00Z,26.2,27.0,975.2,2.14,307.0,0.0,0.0,openmeteo_archive,2026-09-24T16:48:09.016020+00:00
NCR006,2024-05-04T22:00:00Z,25.95,28.0,974.8,1.98,315.0,0.0,0.0,openmeteo_archive,2026-09-24T16:48:09.016020+00:00
NCR006,2024-05-04T23:00:00Z,25.5,29.1,974.7,2.01,297.0,0.0,0.0,openmeteo_archive,2026-09-24T16:48:09.016020+00:00
NCR006,2024-05-05T00:00:00Z,25.1,29.9,975.1,2.26,283.0,0.0,0.0,openmeteo_archive,2026-09-24T16:48:09.016020+00:00
NCR006,2024-05-05T01:00:00Z,26.65,27.4,975.8,2.8,272.0,0.0,51.8,openmeteo_archive,2026-09-24T16:48:09.016020+00:00
NCR006,2024-05-05T02:00:00Z,29.3,23.4,976.6,2.66,304.0,0.0,232.5,openmeteo_archive,2026-09-24T16:48:09.016020+00:00
NCR006,2024-05-05T03:00:00Z,32.6,18.8,977.2,2.33,313.0,0.0,414.7,openmeteo_archive,2026-09-24T16:48:09.016020+00:00
NCR006,2024-05-05T04:00:00Z,35.9,14.3,977.5,2.48,320.0,0.0,534.9,openmeteo_archive,2026-09-24T16:48:09.016020+00:00
NCR006,2024-05-05T05:00:00Z,38.75,11.7,977.5,3.31,331.0,0.0,607.8,openmeteo_archive,2026-09-24T16:48:09.016020+00:00
NCR006,2024-05-05T06:00:00Z,40.25,11.7,976.8,5.16,338.0,0.0,649.6,openmeteo_archive,2026-09-24T16:48:09.016020+00:00
NCR006,2024-05-05T07:00:00Z,40.9,11.3,976.3,5.1,325.0,0.0,668.0,openmeteo_archive,2026-09-24T16:48:09.016020+00:00
NCR006,2024-05-05T08:00:00Z,41.35,11.0,975.4,5.02,316.0,0.0,661.7,openmeteo_archive,2026-09-24T16:48:09.016020+00:00
NCR006,2024-05-05T09:00:00Z,41.6,10.4,974.4,5.04,309.0,0.0,634.6,openmeteo_archive,2026-09-24T16:48:09.016020+00:00
NCR006,2024-05-05T10:00:00Z,41.4,10.5,973.8,5.59,314.0,0.0,579.3,openmeteo_archive,2026-09-24T16:48:09.016020+00:00
NCR006,2024-05-05T11:00:00Z,40.55,10.8,973.3,6.3,313.0,0.0,484.6,openmeteo_archive,2026-09-24T16:48:09.016020+00:00
NCR006,2024-05-05T12:00:00Z,39.55,11.7,973.4,6.04,309.0,0.0,334.8,openmeteo_archive,2026-09-24T16:48:09.016020+00:00
NCR006,2024-05-05T13:00:00Z,37.75,12.9,974.3,4.83,326.0,0.0,138.3,openmeteo_archive,2026-09-24T16:48:09.016020+00:00
NCR006,2024-05-05T14:00:00Z,35.2,15.0,974.8,3.55,328.0,0.0,0.0,openmeteo_archive,2026-09-24T16:48:09.016020+00:00
NCR006,2024-05-05T15:00:00Z,33.9,15.8,975.3,3.85,332.0,0.0,0.0,openmeteo_archive,2026-09-24T16:48:09.016020+00:00
NCR006,2024-05-05T16:00:00Z,32.85,17.1,975.8,3.67,334.0,0.0,0.0,openmeteo_archive,2026-09-24T16:48:09.016020+00:00
NCR006,2024-05-05T17:00:00Z,31.85,18.8,976.0,3.54,331.0,0.0,0.0,openmeteo_archive,2026-09-24T16:48:09.016020+00:00
NCR006,2024-05-05T18:00:00Z,31.75,20.2,976.1,4.08,329.0,0.0,0.0,openmeteo_archive,2026-09-24T16:48:09.016020+00:00
NCR006,2024-05-05T19:00:00Z,30.85,22.0,975.9,3.52,325.0,0.0,0.0,openmeteo_archive,2026-09-24T16:48:09.016020+00:00
NCR006,2024-05-05T20:00:00Z,29.8,24.1,975.7,3.05,319.0,0.0,0.0,openmeteo_archive,2026-09-24T16:48:09.016020+00:00
NCR006,2024-05-05T21:00:00Z,28.8,25.9,975.6,2.77,319.0,0.0,0.0,openmeteo_archive,2026-09-24T16:48:09.016020+00:00
NCR006,2024-05-05T22:00:00Z,27.85,28.0,975.7,2.5,307.0,0.0,0.0,openmeteo_archive,2026-09-24T16:48:09.016020+00:00
NCR006,2024-05-05T23:00:00Z,27.15,29.6,976.1,2.56,301.0,0.0,0.0,openmeteo_archive,2026-09-24T16:48:09.016020+00:00
NCR006,2024-05-06T00:00:00Z,26.65,31.0,976.5,2.51,299.0,0.0,0.0,openmeteo_archive,2026-09-24T16:48:09.016020+00:00
NCR006,2024-05-06T01:00:00Z,28.45,31.2,977.7,2.94,305.0,0.0,51.3,openmeteo_archive,2026-09-24T16:48:09.016020+00:00
NCR006,2024-05-06T02:00:00Z,31.0,27.5,978.4,2.42,300.0,0.0,227.3,openmeteo_archive,2026-09-24T16:48:09.016020+00:00
NCR006,2024-05-06T03:00:00Z,34.1,23.2,979.1,2.88,304.0,0.0,407.1,openmeteo_archive,2026-09-24T16:48:09.016020+00:00
NCR006,2024-05-06T04:00:00Z,37.05,18.9,979.7,3.76,310.0,0.0,526.3,openmeteo_archive,2026-09-24T16:48:09.016020+00:00
NCR006,2024-05-06T05:00:00Z,38.9,15.6,979.7,3.97,311.0,0.0,599.6,openmeteo_archive,2026-09-24T16:48:09.016020+00:00
NCR006,2024-05-06T06:00:00Z,39.9,13.5,979.5,3.66,305.0,0.0,569.2,openmeteo_archive,2026-09-24T16:48:09.016020+00:00
NCR006,2024-05-06T07:00:00Z,40.75,12.4,978.7,3.47,303.0,0.0,603.5,openmeteo_archive,2026-09-24T16:48:09.016020+00:00
NCR006,2024-05-06T08:00:00Z,41.35,12.0,977.7,3.69,303.0,0.0,649.5,openmeteo_archive,2026-09-24T16:48:09.016020+00:00
NCR006,2024-05-06T09:00:00Z,41.55,11.5,976.8,4.22,306.0,0.0,623.7,openmeteo_archive,2026-09-24T16:48:09.016020+00:00
NCR006,2024-05-06T10:00:00Z,41.2,11.3,976.0,5.45,313.0,0.0,566.7,openmeteo_archive,2026-09-24T16:48:09.016020+00:00
NCR006,2024-05-06T11:00:00Z,40.55,11.9,975.7,6.01,313.0,0.0,467.1,openmeteo_archive,2026-09-24T16:48:09.016020+00:00
NCR006,2024-05-06T12:00:00Z,39.75,12.9,975.8,5.83,309.0,0.0,306.7,openmeteo_archive,2026-09-24T16:48:09.016020+00:00
NCR006,2024-05-06T13:00:00Z,37.55,13.3,976.7,4.59,344.0,0.0,131.9,openmeteo_archive,2026-09-24T16:48:09.016020+00:00
NCR006,2024-05-06T14:00:00Z,35.2,15.5,977.1,2.75,350.0,0.0,0.0,openmeteo_archive,2026-09-24T16:48:09.016020+00:00
NCR006,2024-05-06T15:00:00Z,34.1,17.2,977.4,3.7,308.0,0.0,0.0,openmeteo_archive,2026-09-24T16:48:09.016020+00:00
NCR006,2024-05-06T16:00:00Z,32.45,20.1,977.9,2.55,349.0,0.0,0.0,openmeteo_archive,2026-09-24T16:48:09.016020+00:00
NCR006,2024-05-06T17:00:00Z,29.75,24.6,978.0,2.06,321.0,0.0,0.0,openmeteo_archive,2026-09-24T16:48:09.016020+00:00
NCR006,2024-05-06T18:00:00Z,28.35,28.0,978.2,2.47,284.0,0.0,0.0,openmeteo_archive,2026-09-24T16:48:09.016020+00:00
NCR006,2024-05-06T19:00:00Z,27.45,29.5,978.0,2.37,298.0,0.0,0.0,openmeteo_archive,2026-09-24T16:48:09.016020+00:00
NCR006,2024-05-06T20:00:00Z,27.0,30.2,977.7,1.96,345.0,0.0,0.0,openmeteo_archive,2026-09-24T16:48:09.016020+00:00
NCR006,2024-05-06T21:00:00Z,25.8,33.0,977.3,2.41,5.0,0.0,0.0,openmeteo_archive,2026-09-24T16:48:09.016020+00:00
NCR006,2024-05-06T22:00:00Z,25.35,34.0,977.4,2.69,22.0,0.0,0.0,openmeteo_archive,2026-09-24T16:48:09.016020+00:00
NCR006,2024-05-06T23:00:00Z,25.05,34.9,977.8,2.42,30.0,0.0,0.0,openmeteo_archive,2026-09-24T16:48:09.016020+00:00
NCR006,2024-05-07T00:00:00Z,26.35,32.6,978.2,1.7,50.0,0.0,0.0,openmeteo_archive,2026-09-24T16:48:09.016020+00:00
NCR006,2024-05-07T01:00:00Z,27.55,34.8,979.5,2.2,87.0,0.0,50.7,openmeteo_archive,2026-09-24T16:48:09.016020+00:00
NCR006,2024-05-07T02:00:00Z,30.4,30.1,980.5,2.63,81.0,0.0,222.3,openmeteo_archive,2026-09-24T16:48:09.016020+00:00
NCR006,2024-05-07T03:00:00Z,32.05,30.2,981.5,4.84,97.0,0.0,387.8,openmeteo_archive,2026-09-24T16:48:09.016020+00:00
NCR006,2024-05-07T04:00:00Z,34.25,29.8,982.3,4.53,112.0,0.0,455.4,openmeteo_archive,2026-09-24T16:48:09.016020+00:00
NCR006,2024-05-07T05:00:00Z,36.55,27.6,982.2,4.38,117.0,0.0,583.0,openmeteo_archive,2026-09-24T16:48:09.016020+00:00
NCR006,2024-05-07T06:00:00Z,38.5,24.0,981.9,3.72,126.0,0.0,622.2,openmeteo_archive,2026-09-24T16:48:09.016020+00:00
NCR006,2024-05-07T07:00:00Z,39.6,19.4,981.1,1.78,128.0,0.0,571.0,openmeteo_archive,2026-09-24T16:48:09.016020+00:00
NCR006,2024-05-07T08:00:00Z,41.05,15.2,980.1,1.2,312.0,0.0,483.2,openmeteo_archive,2026-09-24T16:48:09.016020+00:00
NCR006,2024-05-07T09:00:00Z,38.25,21.6,979.8,6.3,89.0,0.0,473.7,openmeteo_archive,2026-09-24T16:48:09.016020+00:00
NCR006,2024-05-07T10:00:00Z,36.7,22.8,979.6,5.76,73.0,0.0,356.9,openmeteo_archive,2026-09-24T16:48:09.016020+00:00
NCR006,2024-05-07T11:00:00Z,38.85,15.8,979.0,0.81,60.0,0.0,271.7,openmeteo_archive,2026-09-24T16:48:09.016020+00:00
NCR006,2024-05-07T12:00:00Z,37.75,19.1,978.8,3.61,93.0,0.0,227.9,openmeteo_archive,2026-09-24T16:48:09.016020+00:00
NCR006,2024-05-07T13:00:00Z,35.75,23.4,979.0,4.2,87.0,0.0,125.6,openmeteo_archive,2026-09-24T16:48:09.016020+00:00
NCR006,2024-05-07T14:00:00Z,32.7,32.4,979.2,3.4,114.0,0.0,0.0,openmeteo_archive,2026-09-24T16:48:09.016020+00:00
NCR006,2024-05-07T15:00:00Z,31.8,33.7,979.6,2.47,122.0,0.0,0.0,openmeteo_archive,2026-09-24T16:48:09.016020+00:00
NCR006,2024-05-07T16:00:00Z,30.95,36.5,980.0,2.55,132.0,0.0,0.0,openmeteo_archive,2026-09-24T16:48:09.016020+00:00
NCR006,2024-05-07T17:00:00Z,29.55,39.9,980.1,1.75,121.0,0.0,0.0,openmeteo_archive,2026-09-24T16:48:09.016020+00:00
NCR006,2024-05-07T18:00:00Z,28.45,43.2,980.4,1.86,144.0,0.0,0.0,openmeteo_archive,2026-09-24T16:48:09.016020+00:00
NCR006,2024-05-07T19:00:00Z,28.05,44.3,980.3,1.87,164.0,0.0,0.0,openmeteo_archive,2026-09-24T16:48:09.016020+00:00
NCR006,2024-05-07T20:00:00Z,27.65,45.4,980.0,2.47,159.0,0.0,0.0,openmeteo_archive,2026-09-24T16:48:09.016020+00:00
NCR006,2024-05-07T21:00:00Z,27.1,47.8,979.7,2.95,156.0,0.0,0.0,openmeteo_archive,2026-09-24T16:48:09.016020+00:00
NCR006,2024-05-07T22:00:00Z,26.7,50.3,980.0,3.19,131.0,0.0,0.0,openmeteo_archive,2026-09-24T16:48:09.016020+00:00
NCR006,2024-05-07T23:00:00Z,26.4,52.8,980.6,3.83,110.0,0.0,0.0,openmeteo_archive,2026-09-24T16:48:09.016020+00:00
NCR007,2024-05-01T00:00:00Z,19.65,37.8,977.0,3.56,322.0,0.0,0.0,openmeteo_archive,2026-09-24T16:48:09.231050+00:00
NCR007,2024-05-01T01:00:00Z,20.85,45.8,978.3,4.03,330.0,0.0,39.1,openmeteo_archive,2026-09-24T16:48:09.231050+00:00
NCR007,2024-05-01T02:00:00Z,22.3,43.5,979.1,3.84,321.0,0.0,214.6,openmeteo_archive,2026-09-24T16:48:09.231050+00:00
NCR007,2024-05-01T03:00:00Z,24.15,38.8,979.5,4.12,321.0,0.0,412.2,openmeteo_archive,2026-09-24T16:48:09.231050+00:00
NCR007,2024-05-01T04:00:00Z,26.65,30.7,980.1,4.18,318.0,0.0,544.9,openmeteo_archive,2026-09-24T16:48:09.231050+00:00
NCR007,2024-05-01T05:00:00Z,29.05,21.2,980.2,4.81,317.0,0.0,625.5,openmeteo_archive,2026-09-24T16:48:09.231050+00:00
NCR007,2024-05-01T06:00:00Z,30.3,16.0,979.9,5.24,312.0,0.0,669.2,openmeteo_archive,2026-09-24T16:48:09.231050+00:00
NCR007,2024-05-01T07:00:00Z,31.05,14.8,979.4,5.3,306.0,0.0,686.5,openmeteo_archive,2026-09-24T16:48:09.231050+00:00
NCR007,2024-05-01T08:00:00Z,31.55,13.6,978.8,6.08,297.0,0.0,682.4,openmeteo_archive,2026-09-24T16:48:09.231050+00:00
NCR007,2024-05-01T09:00:00Z,31.5,14.2,978.3,6.45,294.0,0.0,656.2,openmeteo_archive,2026-09-24T16:48:09.231050+00:00
NCR007,2024-05-01T10:00:00Z,31.3,14.8,977.8,6.07,290.0,0.0,600.7,openmeteo_archive,2026-09-24T16:48:09.231050+00:00
NCR007,2024-05-01T11:00:00Z,30.95,15.5,977.5,5.63,290.0,0.0,506.1,openmeteo_archive,2026-09-24T16:48:09.231050+00:00
NCR007,2024-05-01T12:00:00Z,30.4,16.1,977.2,5.06,295.0,0.0,354.1,openmeteo_archive,2026-09-24T16:48:09.231050+00:00
NCR007,2024-05-01T13:00:00Z,29.05,19.1,977.6,3.04,316.0,0.0,152.2,openmeteo_archive,2026-09-24T16:48:09.231050+00:00
NCR007,2024-05-01T14:00:00Z,26.5,23.1,978.4,2.51,331.0,0.0,14.6,openmeteo_archive,2026-09-24T16:48:09.231050+00:00
NCR007,2024-05-01T15:00:00Z,24.7,27.4,979.2,2.06,337.0,0.0,0.0,openmeteo_archive,2026-09-24T16:48:09.231050+00:00
NCR007,2024-05-01T16:00:00Z,23.45,30.9,979.4,2.28,331.0,0.0,0.0,openmeteo_archive,2026-09-24T16:48:09.231050+00:00
NCR007,2024-05-01T17:00:00Z,22.85,31.8,979.7,2.83,328.0,0.0,0.0,openmeteo_archive,2026-09-24T16:48:09.231050+00:00
NCR007,2024-05-01T18:00:00Z,22.25,31.6,979.6,2.7,321.0,0.0,0.0,openmeteo_archive,2026-09-24T16:48:09.231050+00:00
NCR007,2024-05-01T19:00:00Z,21.0,33.8,979.3,2.19,313.0,0.0,0.0,openmeteo_archive,2026-09-24T16:48:09.231050+00:00
NCR007,2024-05-01T20:00:00Z,20.25,35.4,978.8,2.55,312.0,0.0,0.0,openmeteo_archive,2026-09-24T16:48:09.231050+00:00
NCR007,2024-05-01T21:00:00Z,19.75,36.8,978.4,2.4,315.0,0.0,0.0,openmeteo_archive,2026-09-24T16:48:09.231050+00:00
NCR007,2024-05-01T22:00:00Z,19.2,39.0,978.3,2.2,321.0,0.0,0.0,openmeteo_archive,2026-09-24T16:48:09.231050+00:00
NCR007,2024-05-01T23:00:00Z,18.5,42.2,978.1,1.92,309.0,0.0,0.0,openmeteo_archive,2026-09-24T16:48:09.231050+00:00
NCR007,2024-05-02T00:00:00Z,17.95,45.0,978.6,2.01,297.0,0.0,0.0,openmeteo_archive,2026-09-24T16:48:09.231050+00:00
NCR007,2024-05-02T01:00:00Z,19.7,45.7,979.4,2.51,299.0,0.0,38.6,openmeteo_archive,2026-09-24T16:48:09.231050+00:00
NCR007,2024-05-02T02:00:00Z,22.4,40.6,980.2,2.75,289.0,0.0,216.2,openmeteo_archive,2026-09-24T16:48:09.231050+00:00
NCR007,2024-05-02T03:00:00Z,25.65,34.4,980.6,3.0,296.0,0.0,408.2,openmeteo_archive,2026-09-24T16:48:09.231050+00:00
NCR007,2024-05-02T04:00:00Z,28.3,27.9,981.4,4.13,302.0,0.0,537.3,openmeteo_archive,2026-09-24T16:48:09.231050+00:00
NCR007,2024-05-02T05:00:00Z,30.2,23.8,981.3,4.18,312.0,0.0,612.0,openmeteo_archive,2026-09-24T16:48:09.231050+00:00
NCR007,2024-05-02T06:00:00Z,31.8,21.7,981.0,4.46,318.0,0.0,648.6,openmeteo_archive,2026-09-24T16:48:09.231050+00:00
NCR007,2024-05-02T07:00:00Z,32.95,19.9,980.5,4.85,328.0,0.0,615.3,openmeteo_archive,2026-09-24T16:48:09.231050+00:00
NCR007,2024-05-02T08:00:00Z,33.9,18.4,979.8,4.85,328.0,0.0,607.5,openmeteo_archive,2026-09-24T16:48:09.231050+00:00
NCR007,2024-05-02T09:00:00Z,34.7,16.7,978.9,4.63,327.0,0.0,641.9,openmeteo_archive,2026-09-24T16:48:09.231050+00:00
NCR007,2024-05-02T10:00:00Z,34.95,15.1,978.1,4.74,332.0,0.0,588.2,openmeteo_archive,2026-09-24T16:48:09.231050+00:00
NCR007,2024-05-02T11:00:00Z,34.55,14.5,977.6,4.79,334.0,0.0,498.4,openmeteo_archive,2026-09-24T16:48:09.231050+00:00
NCR007,2024-05-02T12:00:00Z,33.65,15.1,977.4,4.17,330.0,0.0,350.3,openmeteo_archive,2026-09-24T16:48:09.231050+00:00
NCR007,2024-05-02T13:00:00Z,31.55,19.8,978.4,2.63,351.0,0.0,150.8,openmeteo_archive,2026-09-24T16:48:09.231050+00:00
NCR007,2024-05-02T14:00:00Z,27.85,26.2,978.6,2.42,353.0,0.0,14.3,openmeteo_archive,2026-09-24T16:48:09.231050+00:00
NCR007,2024-05-02T15:00:00Z,26.8,28.7,979.3,2.36,324.0,0.0,0.0,openmeteo_archive,2026-09-24T16:48:09.231050+00:00
NCR007,2024-05-02T16:00:00Z,26.5,25.6,980.0,3.08,324.0,0.0,0.0,openmeteo_archive,2026-09-24T16:48:09.231050+00:00
NCR007,2024-05-02T17:00:00Z,25.35,25.5,980.0,2.33,313.0,0.0,0.0,openmeteo_archive,2026-09-24T16:48:09.231050+00:00
NCR007,2024-05-02T18:00:00Z,23.15,30.3,979.7,1.98,311.0,0.0,0.0,openmeteo_archive,2026-09-24T16:48:09.231050+00:00
NCR007,2024-05-02T19:00:00Z,21.9,33.7,979.4,2.14,323.0,0.0,0.0,openmeteo_archive,2026-09-24T16:48:09.231050+00:00
NCR007,2024-05-02T20:00:00Z,21.0,36.5,978.8,2.42,336.0,0.0,0.0,openmeteo_archive,2026-09-24T16:48:09.231050+00:00
NCR007,2024-05-02T21:00:00Z,20.85,37.3,978.8,2.12,315.0,0.0,0.0,openmeteo_archive,2026-09-24T16:48:09.231050+00:00
NCR007,2024-05-02T22:00:00Z,20.45,38.0,978.6,1.92,321.0,0.0,0.0,openmeteo_archive,2026-09-24T16:48:09.231050+00:00
NCR007,2024-05-02T23:00:00Z,19.6,40.6,978.6,2.0,307.0,0.0,0.0,openmeteo_archive,2026-09-24T16:48:09.231050+00:00
NCR007,2024-05-03T00:00:00Z,19.1,42.3,979.1,1.88,295.0,0.0,0.0,openmeteo_archive,2026-09-24T16:48:09.231050+00:00
NCR007,2024-05-03T01:00:00Z,21.1,42.2,979.8,2.19,317.0,0.0,38.1,openmeteo_archive,2026-09-24T16:48:09.231050+00:00
NCR007,2024-05-03T02:00:00Z,24.25,35.8,980.5,2.2,309.0,0.0,210.5,openmeteo_archive,2026-09-24T16:48:09.231050+00:00
NCR007,2024-05-03T03:00:00Z,28.05,30.2,981.3,1.75,294.0,0.0,400.1,openmeteo_archive,2026-09-24T16:48:09.231050+00:00
NCR007,2024-05-03T04:00:00Z,31.7,23.7,981.9,2.82,293.0,0.0,523.8,openmeteo_archive,2026-09-24T16:48:09.231050+00:00
NCR007,2024-05-03T05:00:00Z,34.1,17.4,981.9,3.81,300.0,0.0,539.9,openmeteo_archive,2026-09-24T16:48:09.231050+00:00
NCR007,2024-05-03T06:00:00Z,35.65,14.8,981.4,4.57,299.0,0.0,617.2,openmeteo_archive,2026-09-24T16:48:09.231050+00:00
NCR007,2024-05-03T07:00:00Z,36.75,13.3,980.6,5.33,300.0,0.0,640.3,openmeteo_archive,2026-09-24T16:48:09.231050+00:00
NCR007,2024-05-03T08:00:00Z,37.5,12.2,979.7,5.64,307.0,0.0,651.6,openmeteo_archive,2026-09-24T16:48:09.231050+00:00
NCR007,2024-05-03T09:00:00Z,37.6,12.2,978.9,5.2,308.0,0.0,571.7,openmeteo_archive,2026-09-24T16:48:09.231050+00:00
NCR007,2024-05-03T10:00:00Z,37.55,12.5,978.6,4.92,297.0,0.0,515.1,openmeteo_archive,2026-09-24T16:48:09.231050+00:00
NCR007,2024-05-03T11:00:00Z,37.05,12.7,978.5,4.81,287.0,0.0,339.7,openmeteo_archive,2026-09-24T16:48:09.231050+00:00
NCR007,2024-05-03T12:00:00Z,35.85,13.9,978.4,3.63,278.0,0.0,33.2,openmeteo_archive,2026-09-24T16:48:09.231050+00:00
NCR007,2024-05-03T13:00:00Z,33.55,15.4,979.7,4.39,282.0,0.0,0.0,openmeteo_archive,2026-09-24T16:48:09.231050+00:00
NCR007,2024-05-03T14:00:00Z,32.3,16.5,980.1,2.85,288.0,0.0,0.0,openmeteo_archive,2026-09-24T16:48:09.231050+00:00
NCR007,2024-05-03T15:00:00Z,30.15,19.5,980.6,2.62,320.0,0.0,0.0,openmeteo_archive,2026-09-24T16:48:09.231050+00:00
NCR007,2024-05-03T16:00:00Z,28.75,22.3,981.1,2.56,329.0,0.0,0.0,openmeteo_archive,2026-09-24T16:48:09.231050+00:00
NCR007,2024-05-03T17:00:00Z,27.3,25.3,980.9,2.28,331.0,0.0,0.0,openmeteo_archive,2026-09-24T16:48:09.231050+00:00
NCR007,2024-05-03T18:00:00Z,26.5,27.0,980.6,2.12,341.0,0.0,0.0,openmeteo_archive,2026-09-24T16:48:09.231050+00:00
NCR007,2024-05-03T19:00:00Z,25.15,29.8,979.9,2.42,336.0,0.0,0.0,openmeteo_archive,2026-09-24T16:48:09.231050+00:00
NCR007,2024-05-03T20:00:00Z,26.85,26.7,979.3,2.01,354.0,0.0,0.0,openmeteo_archive,2026-09-24T16:48:09.231050+00:00
NCR007,2024-05-03T21:00:00Z,26.85,26.9,979.3,2.21,342.0,0.0,0.0,openmeteo_archive,2026-09-24T16:48:09.231050+00:00
NCR007,2024-05-03T22:00:00Z,26.85,27.0,979.2,2.61,356.0,0.0,0.0,openmeteo_archive,2026-09-24T16:48:09.231050+00:00
NCR007,2024-05-03T23:00:00Z,27.95,23.7,978.9,4.96,351.0,0.0,0.0,openmeteo_archive,2026-09-24T16:48:09.231050+00:00
NCR007,2024-05-04T00:00:00Z,28.6,21.9,980.1,3.72,306.0,0.0,0.0,openmeteo_archive,2026-09-24T16:48:09.231050+00:00
NCR007,2024-05-04T01:00:00Z,26.95,29.5,982.0,2.18,286.0,0.0,0.0,openmeteo_archive,2026-09-24T16:48:09.231050+00:00
NCR007,2024-05-04T02:00:00Z,27.65,30.3,982.3,3.23,292.0,0.0,28.8,openmeteo_archive,2026-09-24T16:48:09.231050+00:00
NCR007,2024-05-04T03:00:00Z,31.4,25.2,982.6,3.36,337.0,0.0,377.8,openmeteo_archive,2026-09-24T16:48:09.231050+00:00
NCR007,2024-05-04T04:00:00Z,34.6,20.7,982.8,3.45,330.0,0.0,506.0,openmeteo_archive,2026-09-24T16:48:09.231050+00:00
NCR007,2024-05-04T05:00:00Z,36.8,14.2,982.5,2.44,325.0,0.0,584.0,openmeteo_archive,2026-09-24T16:48:09.231050+00:00
NCR007,2024-05-04T06:00:00Z,38.15,12.7,981.7,2.2,321.0,0.0,626.0,openmeteo_archive,2026-09-24T16:48:09.231050+00:00
NCR007,2024-05-04T07:00:00Z,39.05,12.1,981.2,2.64,295.0,0.0,618.9,openmeteo_archive,2026-09-24T16:48:09.231050+00:00
NCR007,2024-05-04T08:00:00Z,39.65,11.6,980.6,3.49,283.0,0.0,572.7,openmeteo_archive,2026-09-24T16:48:09.231050+00:00
NCR007,2024-05-04T09:00:00Z,39.85,10.8,979.6,4.2,282.0,0.0,620.2,openmeteo_archive,2026-09-24T16:48:09.231050+00:00
NCR007,2024-05-04T10:00:00Z,39.55,10.4,979.0,4.44,278.0,0.0,563.2,openmeteo_archive,2026-09-24T16:48:09.231050+00:00
NCR007,2024-05-04T11:00:00Z,38.0,12.3,978.7,4.77,280.0,0.0,335.7,openmeteo_archive,2026-09-24T16:48:09.231050+00:00
NCR007,2024-05-04T12:00:00Z,36.7,13.4,978.1,3.45,343.0,0.0,123.0,openmeteo_archive,2026-09-24T16:48:09.231050+00:00
NCR007,2024-05-04T13:00:00Z,35.75,15.6,977.4,3.82,354.0,0.0,124.2,openmeteo_archive,2026-09-24T16:48:09.231050+00:00
NCR007,2024-05-04T14:00:00Z,33.15,17.4,977.7,3.08,324.0,0.0,14.0,openmeteo_archive,2026-09-24T16:48:09.231050+00:00
NCR007,2024-05-04T15:00:00Z,30.75,19.9,977.7,2.3,304.0,0.0,0.0,openmeteo_archive,2026-09-24T16:48:09.231050+00:00
NCR007,2024-05-04T16:00:00Z,29.25,22.3,977.9,2.85,288.0,0.0,0.0,openmeteo_archive,2026-09-24T16:48:09.231050+00:00
NCR007,2024-05-04T17:00:00Z,28.05,26.2,977.8,2.91,319.0,0.0,0.0,openmeteo_archive,2026-09-24T16:48:09.231050+00:00
NCR007,2024-05-04T18:00:00Z,28.5,24.0,978.0,2.43,9.0,0.0,0.0,openmeteo_archive,2026-09-24T16:48:09.231050+00:00
NCR007,2024-05-04T19:00:00Z,26.75,27.1,977.0,3.28,38.0,0.0,0.0,openmeteo_archive,2026-09-24T16:48:09.231050+00:00
NCR007,2024-05-04T20:00:00Z,26.05,28.6,976.5,2.8,35.0,0.0,0.0,openmeteo_archive,2026-09-24T16:48:09.231050+00:00
NCR007,2024-05-04T21:00:00Z,25.2,30.8,975.9,2.31,355.0,0.0,0.0,openmeteo_archive,2026-09-24T16:48:09.231050+00:00
NCR007,2024-05-04T22:00:00Z,24.2,33.9,975.8,1.53,302.0,0.0,0.0,openmeteo_archive,2026-09-24T16:48:09.231050+00:00
NCR007,2024-05-04T23:00:00Z,22.6,39.7,975.8,2.12,289.0,0.0,0.0,openmeteo_archive,2026-09-24T16:48:09.231050+00:00
NCR007,2024-05-05T00:00:00Z,22.95,38.3,976.4,2.47,284.0,0.0,0.0,openmeteo_archive,2026-09-24T16:48:09.231050+00:00
NCR007,2024-05-05T01:00:00Z,25.25,32.4,976.7,3.25,315.0,0.0,37.2,openmeteo_archive,2026-09-24T16:48:09.231050+00:00
NCR007,2024-05-05T02:00:00Z,27.75,29.1,977.5,3.47,311.0,0.0,199.6,openmeteo_archive,2026-09-24T16:48:09.231050+00:00
NCR007,2024-05-05T03:00:00Z,30.75,25.6,978.1,3.11,315.0,0.0,382.3,openmeteo_archive,2026-09-24T16:48:09.231050+00:00
NCR007,2024-05-05T04:00:00Z,33.55,22.0,978.4,3.04,316.0,0.0,507.6,openmeteo_archive,2026-09-24T16:48:09.231050+00:00
NCR007,2024-05-05T05:00:00Z,36.4,19.1,978.3,3.28,329.0,0.0,584.1,openmeteo_archive,2026-09-24T16:48:09.231050+00:00
NCR007,2024-05-05T06:00:00Z,38.75,15.3,977.7,3.92,341.0,0.0,629.5,openmeteo_archive,2026-09-24T16:48:09.231050+00:00
NCR007,2024-05-05T07:00:00Z,39.9,13.1,977.1,4.27,327.0,0.0,648.1,openmeteo_archive,2026-09-24T16:48:09.231050+00:00
NCR007,2024-05-05T08:00:00Z,40.3,12.4,976.4,4.46,314.0,0.0,645.9,openmeteo_archive,2026-09-24T16:48:09.231050+00:00
NCR007,2024-05-05T09:00:00Z,40.45,12.2,975.5,4.39,311.0,0.0,620.5,openmeteo_archive,2026-09-24T16:48:09.231050+00:00
NCR007,2024-05-05T10:00:00Z,40.15,12.1,974.9,4.98,308.0,0.0,566.2,openmeteo_archive,2026-09-24T16:48:09.231050+00:00
NCR007,2024-05-05T11:00:00Z,39.55,12.2,974.5,5.22,302.0,0.0,474.1,openmeteo_archive,2026-09-24T16:48:09.231050+00:00
NCR007,2024-05-05T12:00:00Z,38.75,13.4,974.4,4.68,290.0,0.0,329.8,openmeteo_archive,2026-09-24T16:48:09.231050+00:00
NCR007,2024-05-05T13:00:00Z,36.55,16.4,975.1,3.41,310.0,0.0,142.0,openmeteo_archive,2026-09-24T16:48:09.231050+00:00
NCR007,2024-05-05T14:00:00Z,33.5,21.0,975.5,2.56,321.0,0.0,13.8,openmeteo_archive,2026-09-24T16:48:09.231050+00:00
NCR007,2024-05-05T15:00:00Z,31.25,25.4,975.9,2.06,321.0,0.0,0.0,openmeteo_archive,2026-09-24T16:48:09.231050+00:00
NCR007,2024-05-05T16:00:00Z,30.05,26.4,976.5,2.27,319.0,0.0,0.0,openmeteo_archive,2026-09-24T16:48:09.231050+00:00
NCR007,2024-05-05T17:00:00Z,29.65,25.5,976.8,2.77,319.0,0.0,0.0,openmeteo_archive,2026-09-24T16:48:09.231050+00:00
NCR007,2024-05-05T18:00:00Z,29.5,25.4,977.0,3.18,332.0,0.0,0.0,openmeteo_archive,2026-09-24T16:48:09.231050+00:00
NCR007,2024-05-05T19:00:00Z,28.85,26.9,976.7,2.69,345.0,0.0,0.0,openmeteo_archive,2026-09-24T16:48:09.231050+00:00
NCR007,2024-05-05T20:00:00Z,27.9,29.1,976.5,2.75,327.0,0.0,0.0,openmeteo_archive,2026-09-24T16:48:09.231050+00:00
NCR007,2024-05-05T21:00:00Z,26.75,31.3,976.3,2.48,313.0,0.0,0.0,openmeteo_archive,2026-09-24T16:48:09.231050+00:00
NCR007,2024-05-05T22:00:00Z,26.3,31.7,976.4,2.48,320.0,0.0,0.0,openmeteo_archive,2026-09-24T16:48:09.231050+00:00
NCR007,2024-05-05T23:00:00Z,25.6,33.0,976.6,2.08,325.0,0.0,0.0,openmeteo_archive,2026-09-24T16:48:09.231050+00:00
NCR007,2024-05-06T00:00:00Z,24.3,36.9,976.8,2.4,315.0,0.0,0.0,openmeteo_archive,2026-09-24T16:48:09.231050+00:00
NCR007,2024-05-06T01:00:00Z,26.4,35.9,978.4,2.44,325.0,0.0,36.8,openmeteo_archive,2026-09-24T16:48:09.231050+00:00
NCR007,2024-05-06T02:00:00Z,28.9,32.6,979.1,2.19,317.0,0.0,194.4,openmeteo_archive,2026-09-24T16:48:09.231050+00:00
NCR007,2024-05-06T03:00:00Z,32.1,27.9,979.9,1.63,317.0,0.0,372.5,openmeteo_archive,2026-09-24T16:48:09.231050+00:00
NCR007,2024-05-06T04:00:00Z,34.9,24.2,980.4,2.08,305.0,0.0,498.9,openmeteo_archive,2026-09-24T16:48:09.231050+00:00
NCR007,2024-05-06T05:00:00Z,36.85,20.9,980.5,2.58,306.0,0.0,575.8,openmeteo_archive,2026-09-24T16:48:09.231050+00:00
NCR007,2024-05-06T06:00:00Z,38.45,18.0,980.4,3.68,315.0,0.0,620.0,openmeteo_archive,2026-09-24T16:48:09.231050+00:00
NCR007,2024-05-06T07:00:00Z,39.3,16.7,979.8,5.3,314.0,0.0,614.4,openmeteo_archive,2026-09-24T16:48:09.231050+00:00
NCR007,2024-05-06T08:00:00Z,39.65,16.0,979.0,5.14,307.0,0.0,547.6,openmeteo_archive,2026-09-24T16:48:09.231050+00:00
NCR007,2024-05-06T09:00:00Z,40.2,14.7,978.1,5.05,297.0,0.0,530.6,openmeteo_archive,2026-09-24T16:48:09.231050+00:00
NCR007,2024-05-06T10:00:00Z,39.65,13.9,977.3,6.54,293.0,0.0,355.1,openmeteo_archive,2026-09-24T16:48:09.231050+00:00
NCR007,2024-05-06T11:00:00Z,39.0,14.5,977.0,6.55,289.0,0.0,348.7,openmeteo_archive,2026-09-24T16:48:09.231050+00:00
NCR007,2024-05-06T12:00:00Z,38.45,14.4,977.0,5.85,287.0,0.0,255.8,openmeteo_archive,2026-09-24T16:48:09.231050+00:00
NCR007,2024-05-06T13:00:00Z,36.7,16.4,977.1,4.3,267.0,0.0,122.0,openmeteo_archive,2026-09-24T16:48:09.231050+00:00
NCR007,2024-05-06T14:00:00Z,34.25,19.5,977.6,3.04,287.0,0.0,13.6,openmeteo_archive,2026-09-24T16:48:09.231050+00:00
NCR007,2024-05-06T15:00:00Z,32.75,21.8,978.1,2.97,318.0,0.0,0.0,openmeteo_archive,2026-09-24T16:48:09.231050+00:00
NCR007,2024-05-06T16:00:00Z,30.8,25.2,978.5,1.86,306.0,0.0,0.0,openmeteo_archive,2026-09-24T16:48:09.231050+00:00
NCR007,2024-05-06T17:00:00Z,29.6,27.0,978.5,2.31,355.0,0.0,0.0,openmeteo_archive,2026-09-24T16:48:09.231050+00:00
NCR007,2024-05-06T18:00:00Z,28.45,27.3,978.5,2.4,17.0,0.0,0.0,openmeteo_archive,2026-09-24T16:48:09.231050+00:00
NCR007,2024-05-06T19:00:00Z,26.95,30.5,978.2,2.77,347.0,0.0,0.0,openmeteo_archive,2026-09-24T16:48:09.231050+00:00
NCR007,2024-05-06T20:00:00Z,26.7,30.7,977.7,2.19,336.0,0.0,0.0,openmeteo_archive,2026-09-24T16:48:09.231050+00:00
NCR007,2024-05-06T21:00:00Z,27.15,29.7,977.6,1.66,335.0,0.0,0.0,openmeteo_archive,2026-09-24T16:48:09.231050+00:00
NCR007,2024-05-06T22:00:00Z,27.1,29.8,977.9,1.12,297.0,0.0,0.0,openmeteo_archive,2026-09-24T16:48:09.231050+00:00
NCR007,2024-05-06T23:00:00Z,27.2,29.6,978.3,0.73,286.0,0.0,0.0,openmeteo_archive,2026-09-24T16:48:09.231050+00:00
NCR007,2024-05-07T00:00:00Z,24.65,35.9,978.5,1.8,3.0,0.0,0.0,openmeteo_archive,2026-09-24T16:48:09.231050+00:00
NCR007,2024-05-07T01:00:00Z,26.55,39.2,979.5,0.61,351.0,0.0,36.4,openmeteo_archive,2026-09-24T16:48:09.231050+00:00
NCR007,2024-05-07T02:00:00Z,29.55,32.2,980.5,2.01,354.0,0.0,164.8,openmeteo_archive,2026-09-24T16:48:09.231050+00:00
NCR007,2024-05-07T03:00:00Z,33.3,25.6,981.3,1.39,21.0,0.0,306.2,openmeteo_archive,2026-09-24T16:48:09.231050+00:00
NCR007,2024-05-07T04:00:00Z,36.3,20.9,982.0,1.08,68.0,0.0,375.1,openmeteo_archive,2026-09-24T16:48:09.231050+00:00
NCR007,2024-05-07T05:00:00Z,38.25,18.1,981.8,1.22,99.0,0.0,470.6,openmeteo_archive,2026-09-24T16:48:09.231050+00:00
NCR007,2024-05-07T06:00:00Z,39.9,14.9,981.7,0.63,108.0,0.0,601.9,openmeteo_archive,2026-09-24T16:48:09.231050+00:00
NCR007,2024-05-07T07:00:00Z,40.65,13.5,981.0,0.67,297.0,0.0,517.1,openmeteo_archive,2026-09-24T16:48:09.231050+00:00
NCR007,2024-05-07T08:00:00Z,41.35,12.8,980.1,2.2,300.0,0.0,565.7,openmeteo_archive,2026-09-24T16:48:09.231050+00:00
NCR007,2024-05-07T09:00:00Z,41.55,12.5,979.2,3.98,309.0,0.0,583.5,openmeteo_archive,2026-09-24T16:48:09.231050+00:00
NCR007,2024-05-07T10:00:00Z,41.0,12.5,978.5,4.97,320.0,0.0,544.0,openmeteo_archive,2026-09-24T16:48:09.231050+00:00
NCR007,2024-05-07T11:00:00Z,40.45,12.6,978.6,4.39,330.0,0.0,455.9,openmeteo_archive,2026-09-24T16:48:09.231050+00:00
NCR007,2024-05-07T12:00:00Z,39.85,12.9,978.5,2.92,329.0,0.0,318.0,openmeteo_archive,2026-09-24T16:48:09.231050+00:00
NCR007,2024-05-07T13:00:00Z,37.45,17.2,978.3,2.51,5.0,0.0,125.5,openmeteo_archive,2026-09-24T16:48:09.231050+00:00
NCR007,2024-05-07T14:00:00Z,33.85,21.6,978.5,1.97,30.0,0.0,13.4,openmeteo_archive,2026-09-24T16:48:09.231050+00:00
NCR007,2024-05-07T15:00:00Z,31.6,26.2,979.0,2.28,119.0,0.0,0.0,openmeteo_archive,2026-09-24T16:48:09.231050+00:00
NCR007,2024-05-07T16:00:00Z,31.95,25.8,979.7,1.88,65.0,0.0,0.0,openmeteo_archive,2026-09-24T16:48:09.231050+00:00
NCR007,2024-05-07T17:00:00Z,30.4,27.5,980.2,2.35,102.0,0.0,0.0,openmeteo_archive,2026-09-24T16:48:09.231050+00:00
NCR007,2024-05-07T18:00:00Z,28.35,34.0,981.1,1.56,50.0,0.0,0.0,openmeteo_archive,2026-09-24T16:48:09.231050+00:00
NCR007,2024-05-07T19:00:00Z,27.85,39.8,980.4,2.0,127.0,0.0,0.0,openmeteo_archive,2026-09-24T16:48:09.231050+00:00
NCR007,2024-05-07T20:00:00Z,28.0,44.1,979.7,2.86,144.0,0.0,0.0,openmeteo_archive,2026-09-24T16:48:09.231050+00:00
NCR007,2024-05-07T21:00:00Z,27.7,45.8,979.4,3.05,148.0,0.0,0.0,openmeteo_archive,2026-09-24T16:48:09.231050+00:00
NCR007,2024-05-07T22:00:00Z,27.0,48.1,979.6,2.48,140.0,0.0,0.0,openmeteo_archive,2026-09-24T16:48:09.231050+00:00
NCR007,2024-05-07T23:00:00Z,26.6,50.1,979.8,2.36,144.0,0.0,0.0,openmeteo_archive,2026-09-24T16:48:09.231050+00:00
NCR008,2024-05-01T00:00:00Z,19.55,34.8,975.2,4.31,314.0,0.0,0.0,openmeteo_archive,2026-09-24T16:48:09.450911+00:00
NCR008,2024-05-01T01:00:00Z,20.7,44.3,976.6,4.44,324.0,0.0,37.7,openmeteo_archive,2026-09-24T16:48:09.450911+00:00
NCR008,2024-05-01T02:00:00Z,21.9,43.4,977.3,4.1,315.0,0.0,230.6,openmeteo_archive,2026-09-24T16:48:09.450911+00:00
NCR008,2024-05-01T03:00:00Z,23.9,39.9,977.9,4.61,319.0,0.0,423.9,openmeteo_archive,2026-09-24T16:48:09.450911+00:00
NCR008,2024-05-01T04:00:00Z,25.95,32.8,978.4,4.96,318.0,0.0,556.6,openmeteo_archive,2026-09-24T16:48:09.450911+00:00
NCR008,2024-05-01T05:00:00Z,27.8,26.9,978.6,5.03,311.0,0.0,636.1,openmeteo_archive,2026-09-24T16:48:09.450911+00:00
NCR008,2024-05-01T06:00:00Z,29.65,17.7,978.3,5.25,301.0,0.0,679.9,openmeteo_archive,2026-09-24T16:48:09.450911+00:00
NCR008,2024-05-01T07:00:00Z,30.55,15.1,977.8,5.46,294.0,0.0,699.0,openmeteo_archive,2026-09-24T16:48:09.450911+00:00
NCR008,2024-05-01T08:00:00Z,30.9,14.9,977.1,5.57,291.0,0.0,695.1,openmeteo_archive,2026-09-24T16:48:09.450911+00:00
NCR008,2024-05-01T09:00:00Z,31.2,14.4,976.3,5.57,288.0,0.0,667.2,openmeteo_archive,2026-09-24T16:48:09.450911+00:00
NCR008,2024-05-01T10:00:00Z,31.3,13.5,975.8,5.98,288.0,0.0,609.8,openmeteo_archive,2026-09-24T16:48:09.450911+00:00
NCR008,2024-05-01T11:00:00Z,30.85,13.5,975.5,6.44,298.0,0.0,515.4,openmeteo_archive,2026-09-24T16:48:09.450911+00:00
NCR008,2024-05-01T12:00:00Z,29.45,16.6,975.6,6.54,309.0,0.0,363.3,openmeteo_archive,2026-09-24T16:48:09.450911+00:00
NCR008,2024-05-01T13:00:00Z,27.95,21.9,976.4,5.28,331.0,0.0,155.5,openmeteo_archive,2026-09-24T16:48:09.450911+00:00
NCR008,2024-05-01T14:00:00Z,26.3,25.0,977.2,4.4,339.0,0.0,0.0,openmeteo_archive,2026-09-24T16:48:09.450911+00:00
NCR008,2024-05-01T15:00:00Z,24.6,28.3,977.4,2.41,355.0,0.0,0.0,openmeteo_archive,2026-09-24T16:48:09.450911+00:00
NCR008,2024-05-01T16:00:00Z,23.3,31.3,977.9,2.51,355.0,0.0,0.0,openmeteo_archive,2026-09-24T16:48:09.450911+00:00
NCR008,2024-05-01T17:00:00Z,21.65,37.2,978.1,2.16,347.0,0.0,0.0,openmeteo_archive,2026-09-24T16:48:09.450911+00:00
NCR008,2024-05-01T18:00:00Z,20.4,42.4,977.9,2.22,324.0,0.0,0.0,openmeteo_archive,2026-09-24T16:48:09.450911+00:00
NCR008,2024-05-01T19:00:00Z,19.9,43.4,977.6,1.78,308.0,0.0,0.0,openmeteo_archive,2026-09-24T16:48:09.450911+00:00
NCR008,2024-05-01T20:00:00Z,19.6,43.7,977.0,2.14,307.0,0.0,0.0,openmeteo_archive,2026-09-24T16:48:09.450911+00:00
NCR008,2024-05-01T21:00:00Z,19.1,44.1,976.6,2.0,307.0,0.0,0.0,openmeteo_archive,2026-09-24T16:48:09.450911+00:00
NCR008,2024-05-01T22:00:00Z,18.85,43.7,976.6,2.56,321.0,0.0,0.0,openmeteo_archive,2026-09-24T16:48:09.450911+00:00
NCR008,2024-05-01T23:00:00Z,18.7,43.7,976.5,2.76,314.0,0.0,0.0,openmeteo_archive,2026-09-24T16:48:09.450911+00:00
NCR008,2024-05-02T00:00:00Z,18.6,45.2,976.6,2.97,315.0,0.0,0.0,openmeteo_archive,2026-09-24T16:48:09.450911+00:00
NCR008,2024-05-02T01:00:00Z,19.85,48.1,977.4,3.38,289.0,0.0,46.5,openmeteo_archive,2026-09-24T16:48:09.450911+00:00
NCR008,2024-05-02T02:00:00Z,22.1,44.1,978.6,3.45,287.0,0.0,235.6,openmeteo_archive,2026-09-24T16:48:09.450911+00:00
NCR008,2024-05-02T03:00:00Z,25.15,36.9,978.6,3.38,304.0,0.0,425.9,openmeteo_archive,2026-09-24T16:48:09.450911+00:00
NCR008,2024-05-02T04:00:00Z,28.1,29.5,979.5,4.08,301.0,0.0,556.4,openmeteo_archive,2026-09-24T16:48:09.450911+00:00
NCR008,2024-05-02T05:00:00Z,30.35,24.1,979.6,4.47,310.0,0.0,631.1,openmeteo_archive,2026-09-24T16:48:09.450911+00:00
NCR008,2024-05-02T06:00:00Z,32.1,21.3,979.3,4.53,319.0,0.0,673.4,openmeteo_archive,2026-09-24T16:48:09.450911+00:00
NCR008,2024-05-02T07:00:00Z,33.4,19.4,978.9,5.02,325.0,0.0,687.7,openmeteo_archive,2026-09-24T16:48:09.450911+00:00
NCR008,2024-05-02T08:00:00Z,34.2,17.8,978.1,5.68,334.0,0.0,676.4,openmeteo_archive,2026-09-24T16:48:09.450911+00:00
NCR008,2024-05-02T09:00:00Z,34.55,17.3,977.1,5.52,338.0,0.0,656.2,openmeteo_archive,2026-09-24T16:48:09.450911+00:00
NCR008,2024-05-02T10:00:00Z,34.55,17.2,976.3,5.28,335.0,0.0,598.4,openmeteo_archive,2026-09-24T16:48:09.450911+00:00
NCR008,2024-05-02T11:00:00Z,34.1,17.5,975.9,5.02,329.0,0.0,506.0,openmeteo_archive,2026-09-24T16:48:09.450911+00:00
NCR008,2024-05-02T12:00:00Z,33.2,18.6,975.6,4.14,323.0,0.0,357.0,openmeteo_archive,2026-09-24T16:48:09.450911+00:00
NCR008,2024-05-02T13:00:00Z,30.85,21.2,976.7,3.18,316.0,0.0,154.0,openmeteo_archive,2026-09-24T16:48:09.450911+00:00
NCR008,2024-05-02T14:00:00Z,28.45,22.7,977.0,2.9,314.0,0.0,14.8,openmeteo_archive,2026-09-24T16:48:09.450911+00:00
NCR008,2024-05-02T15:00:00Z,27.25,23.4,978.0,3.22,324.0,0.0,0.0,openmeteo_archive,2026-09-24T16:48:09.450911+00:00
NCR008,2024-05-02T16:00:00Z,26.25,23.8,978.5,3.26,317.0,0.0,0.0,openmeteo_archive,2026-09-24T16:48:09.450911+00:00
NCR008,2024-05-02T17:00:00Z,24.95,25.7,978.4,2.62,310.0,0.0,0.0,openmeteo_archive,2026-09-24T16:48:09.450911+00:00
NCR008,2024-05-02T18:00:00Z,23.4,28.8,978.2,2.33,313.0,0.0,0.0,openmeteo_archive,2026-09-24T16:48:09.450911+00:00
NCR008,2024-05-02T19:00:00Z,22.75,30.3,977.9,2.48,313.0,0.0,0.0,openmeteo_archive,2026-09-24T16:48:09.450911+00:00
NCR008,2024-05-02T20:00:00Z,22.35,31.6,977.3,2.48,320.0,0.0,0.0,openmeteo_archive,2026-09-24T16:48:09.450911+00:00
NCR008,2024-05-02T21:00:00Z,21.75,33.7,977.3,2.48,317.0,0.0,0.0,openmeteo_archive,2026-09-24T16:48:09.450911+00:00
NCR008,2024-05-02T22:00:00Z,21.25,35.6,977.0,2.51,331.0,0.0,0.0,openmeteo_archive,2026-09-24T16:48:09.450911+00:00
NCR008,2024-05-02T23:00:00Z,20.8,37.3,976.9,2.52,326.0,0.0,0.0,openmeteo_archive,2026-09-24T16:48:09.450911+00:00
NCR008,2024-05-03T00:00:00Z,20.1,39.4,977.4,2.65,281.0,0.0,0.0,openmeteo_archive,2026-09-24T16:48:09.450911+00:00
NCR008,2024-05-03T01:00:00Z,21.8,41.1,978.2,3.11,303.0,0.0,46.0,openmeteo_archive,2026-09-24T16:48:09.450911+00:00
NCR008,2024-05-03T02:00:00Z,24.45,37.6,978.7,3.4,298.0,0.0,226.3,openmeteo_archive,2026-09-24T16:48:09.450911+00:00
NCR008,2024-05-03T03:00:00Z,28.15,31.4,979.4,3.14,292.0,0.0,419.8,openmeteo_archive,2026-09-24T16:48:09.450911+00:00
NCR008,2024-05-03T04:00:00Z,31.75,23.8,980.0,4.03,300.0,0.0,547.3,openmeteo_archive,2026-09-24T16:48:09.450911+00:00
NCR008,2024-05-03T05:00:00Z,34.15,17.1,980.0,5.25,310.0,0.0,604.3,openmeteo_archive,2026-09-24T16:48:09.450911+00:00
NCR008,2024-05-03T06:00:00Z,35.8,13.9,979.5,5.98,308.0,0.0,664.7,openmeteo_archive,2026-09-24T16:48:09.450911+00:00
NCR008,2024-05-03T07:00:00Z,36.85,12.7,978.7,6.61,309.0,0.0,682.6,openmeteo_archive,2026-09-24T16:48:09.450911+00:00
NCR008,2024-05-03T08:00:00Z,37.5,11.8,977.8,6.66,311.0,0.0,626.4,openmeteo_archive,2026-09-24T16:48:09.450911+00:00
NCR008,2024-05-03T09:00:00Z,37.9,11.3,977.0,6.23,312.0,0.0,602.5,openmeteo_archive,2026-09-24T16:48:09.450911+00:00
NCR008,2024-05-03T10:00:00Z,37.75,11.3,976.6,5.87,314.0,0.0,473.0,openmeteo_archive,2026-09-24T16:48:09.450911+00:00
NCR008,2024-05-03T11:00:00Z,37.25,11.6,976.7,5.61,310.0,0.0,357.3,openmeteo_archive,2026-09-24T16:48:09.450911+00:00
NCR008,2024-05-03T12:00:00Z,36.05,13.3,976.8,4.24,313.0,0.0,127.3,openmeteo_archive,2026-09-24T16:48:09.450911+00:00
NCR008,2024-05-03T13:00:00Z,32.95,17.0,978.1,3.22,330.0,0.0,0.0,openmeteo_archive,2026-09-24T16:48:09.450911+00:00
NCR008,2024-05-03T14:00:00Z,31.35,18.5,978.5,2.97,327.0,0.0,0.0,openmeteo_archive,2026-09-24T16:48:09.450911+00:00
NCR008,2024-05-03T15:00:00Z,30.15,20.4,979.2,3.67,331.0,0.0,0.0,openmeteo_archive,2026-09-24T16:48:09.450911+00:00
NCR008,2024-05-03T16:00:00Z,29.6,21.8,979.5,3.94,330.0,0.0,0.0,openmeteo_archive,2026-09-24T16:48:09.450911+00:00
NCR008,2024-05-03T17:00:00Z,29.45,22.1,979.5,3.58,324.0,0.0,0.0,openmeteo_archive,2026-09-24T16:48:09.450911+00:00
NCR008,2024-05-03T18:00:00Z,29.0,22.6,979.2,3.55,328.0,0.0,0.0,openmeteo_archive,2026-09-24T16:48:09.450911+00:00
NCR008,2024-05-03T19:00:00Z,28.4,23.6,978.5,3.42,322.0,0.0,0.0,openmeteo_archive,2026-09-24T16:48:09.450911+00:00
NCR008,2024-05-03T20:00:00Z,27.65,24.7,978.0,3.26,320.0,0.0,0.0,openmeteo_archive,2026-09-24T16:48:09.450911+00:00
NCR008,2024-05-03T21:00:00Z,27.4,24.1,977.6,3.02,326.0,0.0,0.0,openmeteo_archive,2026-09-24T16:48:09.450911+00:00
NCR008,2024-05-03T22:00:00Z,27.55,22.5,977.4,2.77,334.0,0.0,0.0,openmeteo_archive,2026-09-24T16:48:09.450911+00:00
NCR008,2024-05-03T23:00:00Z,26.55,23.9,977.5,2.33,313.0,0.0,0.0,openmeteo_archive,2026-09-24T16:48:09.450911+00:00
NCR008,2024-05-04T00:00:00Z,26.7,24.2,978.8,2.42,322.0,0.0,0.0,openmeteo_archive,2026-09-24T16:48:09.450911+00:00
NCR008,2024-05-04T01:00:00Z,27.05,32.4,980.5,4.88,316.0,0.0,36.3,openmeteo_archive,2026-09-24T16:48:09.450911+00:00
NCR008,2024-05-04T02:00:00Z,28.35,32.3,980.9,4.64,323.0,0.0,80.6,openmeteo_archive,2026-09-24T16:48:09.450911+00:00
NCR008,2024-05-04T03:00:00Z,30.65,29.3,980.8,3.5,323.0,0.0,332.7,openmeteo_archive,2026-09-24T16:48:09.450911+00:00
NCR008,2024-05-04T04:00:00Z,33.55,25.6,980.8,3.55,328.0,0.0,412.7,openmeteo_archive,2026-09-24T16:48:09.450911+00:00
NCR008,2024-05-04T05:00:00Z,36.85,18.9,980.8,2.82,337.0,0.0,605.5,openmeteo_archive,2026-09-24T16:48:09.450911+00:00
NCR008,2024-05-04T06:00:00Z,38.6,12.1,980.3,2.77,334.0,0.0,648.6,openmeteo_archive,2026-09-24T16:48:09.450911+00:00
NCR008,2024-05-04T07:00:00Z,39.3,12.1,979.5,2.25,328.0,0.0,631.2,openmeteo_archive,2026-09-24T16:48:09.450911+00:00
NCR008,2024-05-04T08:00:00Z,39.7,12.3,978.6,2.13,319.0,0.0,560.9,openmeteo_archive,2026-09-24T16:48:09.450911+00:00
NCR008,2024-05-04T09:00:00Z,40.3,11.8,977.6,2.42,277.0,0.0,573.6,openmeteo_archive,2026-09-24T16:48:09.450911+00:00
NCR008,2024-05-04T10:00:00Z,40.1,11.4,976.8,4.85,262.0,0.0,564.1,openmeteo_archive,2026-09-24T16:48:09.450911+00:00
NCR008,2024-05-04T11:00:00Z,39.05,11.7,976.2,6.02,265.0,0.0,479.1,openmeteo_archive,2026-09-24T16:48:09.450911+00:00
NCR008,2024-05-04T12:00:00Z,38.1,12.6,976.0,5.3,259.0,0.0,327.8,openmeteo_archive,2026-09-24T16:48:09.450911+00:00
NCR008,2024-05-04T13:00:00Z,36.05,14.0,976.2,3.73,262.0,0.0,107.2,openmeteo_archive,2026-09-24T16:48:09.450911+00:00
NCR008,2024-05-04T14:00:00Z,33.45,16.6,976.5,3.47,311.0,0.0,0.0,openmeteo_archive,2026-09-24T16:48:09.450911+00:00
NCR008,2024-05-04T15:00:00Z,32.5,17.5,976.6,3.26,333.0,0.0,0.0,openmeteo_archive,2026-09-24T16:48:09.450911+00:00
NCR008,2024-05-04T16:00:00Z,31.15,19.1,976.8,3.91,357.0,0.0,0.0,openmeteo_archive,2026-09-24T16:48:09.450911+00:00
NCR008,2024-05-04T17:00:00Z,28.95,23.3,976.8,2.44,19.0,0.0,0.0,openmeteo_archive,2026-09-24T16:48:09.450911+00:00
NCR008,2024-05-04T18:00:00Z,26.9,27.7,976.6,2.28,23.0,0.0,0.0,openmeteo_archive,2026-09-24T16:48:09.450911+00:00
NCR008,2024-05-04T19:00:00Z,26.05,29.4,975.4,2.41,5.0,0.0,0.0,openmeteo_archive,2026-09-24T16:48:09.450911+00:00
NCR008,2024-05-04T20:00:00Z,25.65,30.0,974.9,1.96,345.0,0.0,0.0,openmeteo_archive,2026-09-24T16:48:09.450911+00:00
NCR008,2024-05-04T21:00:00Z,24.7,32.6,974.3,1.89,328.0,0.0,0.0,openmeteo_archive,2026-09-24T16:48:09.450911+00:00
NCR008,2024-05-04T22:00:00Z,24.1,34.1,974.0,2.08,305.0,0.0,0.0,openmeteo_archive,2026-09-24T16:48:09.450911+00:00
NCR008,2024-05-04T23:00:00Z,23.95,33.4,974.2,2.48,310.0,0.0,0.0,openmeteo_archive,2026-09-24T16:48:09.450911+00:00
NCR008,2024-05-05T00:00:00Z,23.9,31.1,974.4,2.98,310.0,0.0,0.0,openmeteo_archive,2026-09-24T16:48:09.450911+00:00
NCR008,2024-05-05T01:00:00Z,25.45,29.8,975.1,3.92,322.0,0.0,44.9,openmeteo_archive,2026-09-24T16:48:09.450911+00:00
NCR008,2024-05-05T02:00:00Z,28.1,28.5,975.7,3.98,321.0,0.0,218.9,openmeteo_archive,2026-09-24T16:48:09.450911+00:00
NCR008,2024-05-05T03:00:00Z,31.3,24.7,976.3,3.58,324.0,0.0,402.0,openmeteo_archive,2026-09-24T16:48:09.450911+00:00
NCR008,2024-05-05T04:00:00Z,34.5,21.1,976.6,3.24,326.0,0.0,525.2,openmeteo_archive,2026-09-24T16:48:09.450911+00:00
NCR008,2024-05-05T05:00:00Z,37.7,16.4,976.5,3.86,339.0,0.0,600.7,openmeteo_archive,2026-09-24T16:48:09.450911+00:00
NCR008,2024-05-05T06:00:00Z,39.35,13.3,975.9,5.52,328.0,0.0,643.3,openmeteo_archive,2026-09-24T16:48:09.450911+00:00
NCR008,2024-05-05T07:00:00Z,39.7,13.0,975.4,5.66,318.0,0.0,662.4,openmeteo_archive,2026-09-24T16:48:09.450911+00:00
NCR008,2024-05-05T08:00:00Z,40.05,12.6,974.6,5.47,310.0,0.0,658.3,openmeteo_archive,2026-09-24T16:48:09.450911+00:00
NCR008,2024-05-05T09:00:00Z,40.05,12.7,973.9,5.58,306.0,0.0,631.2,openmeteo_archive,2026-09-24T16:48:09.450911+00:00
NCR008,2024-05-05T10:00:00Z,39.7,13.1,973.2,5.84,308.0,0.0,577.4,openmeteo_archive,2026-09-24T16:48:09.450911+00:00
NCR008,2024-05-05T11:00:00Z,39.1,13.1,972.8,5.95,311.0,0.0,484.5,openmeteo_archive,2026-09-24T16:48:09.450911+00:00
NCR008,2024-05-05T12:00:00Z,37.95,13.9,972.9,5.31,317.0,0.0,338.4,openmeteo_archive,2026-09-24T16:48:09.450911+00:00
NCR008,2024-05-05T13:00:00Z,35.45,16.3,973.7,2.98,320.0,0.0,144.8,openmeteo_archive,2026-09-24T16:48:09.450911+00:00
NCR008,2024-05-05T14:00:00Z,32.9,18.2,974.2,3.22,330.0,0.0,14.1,openmeteo_archive,2026-09-24T16:48:09.450911+00:00
NCR008,2024-05-05T15:00:00Z,32.0,19.3,974.7,3.58,333.0,0.0,0.0,openmeteo_archive,2026-09-24T16:48:09.450911+00:00
NCR008,2024-05-05T16:00:00Z,31.25,21.2,975.1,3.41,328.0,0.0,0.0,openmeteo_archive,2026-09-24T16:48:09.450911+00:00
NCR008,2024-05-05T17:00:00Z,30.4,23.2,975.3,3.55,320.0,0.0,0.0,openmeteo_archive,2026-09-24T16:48:09.450911+00:00
NCR008,2024-05-05T18:00:00Z,29.75,24.8,975.4,3.86,323.0,0.0,0.0,openmeteo_archive,2026-09-24T16:48:09.450911+00:00
NCR008,2024-05-05T19:00:00Z,29.3,26.6,975.0,3.91,328.0,0.0,0.0,openmeteo_archive,2026-09-24T16:48:09.450911+00:00
NCR008,2024-05-05T20:00:00Z,28.5,28.7,974.8,3.38,326.0,0.0,0.0,openmeteo_archive,2026-09-24T16:48:09.450911+00:00
NCR008,2024-05-05T21:00:00Z,27.5,30.9,974.6,2.94,325.0,0.0,0.0,openmeteo_archive,2026-09-24T16:48:09.450911+00:00
NCR008,2024-05-05T22:00:00Z,26.6,32.9,974.8,2.69,318.0,0.0,0.0,openmeteo_archive,2026-09-24T16:48:09.450911+00:00
NCR008,2024-05-05T23:00:00Z,25.7,35.1,975.2,2.33,313.0,0.0,0.0,openmeteo_archive,2026-09-24T16:48:09.450911+00:00
NCR008,2024-05-06T00:00:00Z,25.1,36.7,975.3,2.33,313.0,0.0,0.0,openmeteo_archive,2026-09-24T16:48:09.450911+00:00
NCR008,2024-05-06T01:00:00Z,27.1,36.6,976.6,3.36,323.0,0.0,44.4,openmeteo_archive,2026-09-24T16:48:09.450911+00:00
NCR008,2024-05-06T02:00:00Z,29.3,35.0,977.4,2.94,305.0,0.0,213.6,openmeteo_archive,2026-09-24T16:48:09.450911+00:00
NCR008,2024-05-06T03:00:00Z,32.15,29.7,978.2,2.86,295.0,0.0,392.3,openmeteo_archive,2026-09-24T16:48:09.450911+00:00
NCR008,2024-05-06T04:00:00Z,35.1,24.5,978.6,3.36,307.0,0.0,515.0,openmeteo_archive,2026-09-24T16:48:09.450911+00:00
NCR008,2024-05-06T05:00:00Z,37.3,19.3,978.7,3.75,312.0,0.0,591.2,openmeteo_archive,2026-09-24T16:48:09.450911+00:00
NCR008,2024-05-06T06:00:00Z,38.55,16.7,978.5,3.58,306.0,0.0,635.9,openmeteo_archive,2026-09-24T16:48:09.450911+00:00
NCR008,2024-05-06T07:00:00Z,39.45,15.2,977.8,4.0,307.0,0.0,655.4,openmeteo_archive,2026-09-24T16:48:09.450911+00:00
NCR008,2024-05-06T08:00:00Z,40.0,14.4,977.0,4.55,310.0,0.0,636.7,openmeteo_archive,2026-09-24T16:48:09.450911+00:00
NCR008,2024-05-06T09:00:00Z,40.25,14.1,976.2,5.19,310.0,0.0,612.5,openmeteo_archive,2026-09-24T16:48:09.450911+00:00
NCR008,2024-05-06T10:00:00Z,40.25,14.3,975.3,5.49,303.0,0.0,506.9,openmeteo_archive,2026-09-24T16:48:09.450911+00:00
NCR008,2024-05-06T11:00:00Z,39.65,14.9,975.1,5.88,302.0,0.0,413.4,openmeteo_archive,2026-09-24T16:48:09.450911+00:00
NCR008,2024-05-06T12:00:00Z,38.65,14.6,975.0,5.6,305.0,0.0,246.9,openmeteo_archive,2026-09-24T16:48:09.450911+00:00
NCR008,2024-05-06T13:00:00Z,36.4,16.2,975.8,4.39,311.0,0.0,138.7,openmeteo_archive,2026-09-24T16:48:09.450911+00:00
NCR008,2024-05-06T14:00:00Z,35.05,16.4,976.2,4.53,315.0,0.0,13.9,openmeteo_archive,2026-09-24T16:48:09.450911+00:00
NCR008,2024-05-06T15:00:00Z,33.4,18.4,976.5,4.18,339.0,0.0,0.0,openmeteo_archive,2026-09-24T16:48:09.450911+00:00
NCR008,2024-05-06T16:00:00Z,32.0,19.9,977.0,3.29,340.0,0.0,0.0,openmeteo_archive,2026-09-24T16:48:09.450911+00:00
NCR008,2024-05-06T17:00:00Z,30.2,22.5,977.0,2.64,331.0,0.0,0.0,openmeteo_archive,2026-09-24T16:48:09.450911+00:00
NCR008,2024-05-06T18:00:00Z,28.8,25.1,977.1,2.3,326.0,0.0,0.0,openmeteo_archive,2026-09-24T16:48:09.450911+00:00
NCR008,2024-05-06T19:00:00Z,27.0,30.0,976.7,2.8,325.0,0.0,0.0,openmeteo_archive,2026-09-24T16:48:09.450911+00:00
NCR008,2024-05-06T20:00:00Z,25.95,32.5,976.4,2.56,321.0,0.0,0.0,openmeteo_archive,2026-09-24T16:48:09.450911+00:00
NCR008,2024-05-06T21:00:00Z,25.15,34.5,976.0,2.64,307.0,0.0,0.0,openmeteo_archive,2026-09-24T16:48:09.450911+00:00
NCR008,2024-05-06T22:00:00Z,25.1,34.7,976.2,2.01,333.0,0.0,0.0,openmeteo_archive,2026-09-24T16:48:09.450911+00:00
NCR008,2024-05-06T23:00:00Z,24.45,36.5,976.6,1.91,43.0,0.0,0.0,openmeteo_archive,2026-09-24T16:48:09.450911+00:00
NCR008,2024-05-07T00:00:00Z,25.75,32.4,977.1,0.51,79.0,0.0,0.0,openmeteo_archive,2026-09-24T16:48:09.450911+00:00
NCR008,2024-05-07T01:00:00Z,26.25,39.3,978.2,0.8,360.0,0.0,43.9,openmeteo_archive,2026-09-24T16:48:09.450911+00:00
NCR008,2024-05-07T02:00:00Z,28.9,35.9,979.3,1.43,335.0,0.0,205.1,openmeteo_archive,2026-09-24T16:48:09.450911+00:00
NCR008,2024-05-07T03:00:00Z,32.2,30.7,980.0,0.28,45.0,0.0,364.7,openmeteo_archive,2026-09-24T16:48:09.450911+00:00
NCR008,2024-05-07T04:00:00Z,35.4,25.2,980.8,2.2,93.0,0.0,490.2,openmeteo_archive,2026-09-24T16:48:09.450911+00:00
NCR008,2024-05-07T05:00:00Z,36.55,23.1,980.8,3.52,105.0,0.0,559.9,openmeteo_archive,2026-09-24T16:48:09.450911+00:00
NCR008,2024-05-07T06:00:00Z,38.2,20.6,980.7,1.96,105.0,0.0,624.3,openmeteo_archive,2026-09-24T16:48:09.450911+00:00
NCR008,2024-05-07T07:00:00Z,39.1,14.9,980.2,1.3,360.0,0.0,501.3,openmeteo_archive,2026-09-24T16:48:09.450911+00:00
NCR008,2024-05-07T08:00:00Z,39.7,14.7,979.2,1.73,350.0,0.0,440.3,openmeteo_archive,2026-09-24T16:48:09.450911+00:00
NCR008,2024-05-07T09:00:00Z,40.4,14.1,978.1,1.3,337.0,0.0,621.8,openmeteo_archive,2026-09-24T16:48:09.450911+00:00
NCR008,2024-05-07T10:00:00Z,40.6,13.9,977.2,2.01,297.0,0.0,522.9,openmeteo_archive,2026-09-24T16:48:09.450911+00:00
NCR008,2024-05-07T11:00:00Z,40.35,13.0,977.1,3.69,283.0,0.0,401.1,openmeteo_archive,2026-09-24T16:48:09.450911+00:00
NCR008,2024-05-07T12:00:00Z,39.55,13.5,977.0,2.67,283.0,0.0,262.5,openmeteo_archive,2026-09-24T16:48:09.450911+00:00
NCR008,2024-05-07T13:00:00Z,37.4,17.8,977.5,0.14,315.0,0.0,123.2,openmeteo_archive,2026-09-24T16:48:09.450911+00:00
NCR008,2024-05-07T14:00:00Z,33.05,23.9,977.5,2.16,77.0,0.0,13.8,openmeteo_archive,2026-09-24T16:48:09.450911+00:00
NCR008,2024-05-07T15:00:00Z,32.05,22.7,978.1,3.36,53.0,0.0,0.0,openmeteo_archive,2026-09-24T16:48:09.450911+00:00
NCR008,2024-05-07T16:00:00Z,30.85,24.2,978.6,2.38,68.0,0.0,0.0,openmeteo_archive,2026-09-24T16:48:09.450911+00:00
NCR008,2024-05-07T17:00:00Z,28.8,27.1,979.0,2.15,118.0,0.0,0.0,openmeteo_archive,2026-09-24T16:48:09.450911+00:00
NCR008,2024-05-07T18:00:00Z,27.2,32.5,979.4,3.01,159.0,0.0,0.0,openmeteo_archive,2026-09-24T16:48:09.450911+00:00
NCR008,2024-05-07T19:00:00Z,27.6,33.7,979.0,2.31,175.0,0.0,0.0,openmeteo_archive,2026-09-24T16:48:09.450911+00:00
NCR008,2024-05-07T20:00:00Z,27.25,41.9,978.2,2.8,182.0,0.0,0.0,openmeteo_archive,2026-09-24T16:48:09.450911+00:00
NCR008,2024-05-07T21:00:00Z,27.05,45.4,978.0,2.81,184.0,0.0,0.0,openmeteo_archive,2026-09-24T16:48:09.450911+00:00
NCR008,2024-05-07T22:00:00Z,26.9,46.1,978.1,3.41,177.0,0.0,0.0,openmeteo_archive,2026-09-24T16:48:09.450911+00:00
NCR008,2024-05-07T23:00:00Z,26.55,48.3,978.6,2.97,160.0,0.0,0.0,openmeteo_archive,2026-09-24T16:48:09.450911+00:00
NCR009,2024-05-01T00:00:00Z,21.7,26.3,978.3,3.48,309.0,0.0,0.0,openmeteo_archive,2026-09-24T16:48:09.650261+00:00
NCR009,2024-05-01T01:00:00Z,22.6,32.5,979.4,4.24,304.0,0.0,45.2,openmeteo_archive,2026-09-24T16:48:09.650261+00:00
NCR009,2024-05-01T02:00:00Z,24.1,33.6,980.3,4.88,313.0,0.0,240.5,openmeteo_archive,2026-09-24T16:48:09.650261+00:00
NCR009,2024-05-01T03:00:00Z,26.5,30.6,980.9,5.09,317.0,0.0,431.1,openmeteo_archive,2026-09-24T16:48:09.650261+00:00
NCR009,2024-05-01T04:00:00Z,29.45,22.8,981.4,5.53,319.0,0.0,555.4,openmeteo_archive,2026-09-24T16:48:09.650261+00:00
NCR009,2024-05-01T05:00:00Z,31.6,17.3,981.3,5.94,316.0,0.0,631.3,openmeteo_archive,2026-09-24T16:48:09.650261+00:00
NCR009,2024-05-01T06:00:00Z,33.0,13.0,981.1,6.06,308.0,0.0,677.6,openmeteo_archive,2026-09-24T16:48:09.650261+00:00
NCR009,2024-05-01T07:00:00Z,33.85,10.1,980.6,6.0,300.0,0.0,699.5,openmeteo_archive,2026-09-24T16:48:09.650261+00:00
NCR009,2024-05-01T08:00:00Z,34.15,8.7,980.1,6.26,297.0,0.0,698.0,openmeteo_archive,2026-09-24T16:48:09.650261+00:00
NCR009,2024-05-01T09:00:00Z,33.95,9.3,979.6,6.35,298.0,0.0,669.8,openmeteo_archive,2026-09-24T16:48:09.650261+00:00
NCR009,2024-05-01T10:00:00Z,33.45,9.9,979.1,6.36,294.0,0.0,610.5,openmeteo_archive,2026-09-24T16:48:09.650261+00:00
NCR009,2024-05-01T11:00:00Z,32.55,11.0,979.0,6.45,294.0,0.0,511.8,openmeteo_archive,2026-09-24T16:48:09.650261+00:00
NCR009,2024-05-01T12:00:00Z,31.55,11.7,978.8,6.22,294.0,0.0,354.8,openmeteo_archive,2026-09-24T16:48:09.650261+00:00
NCR009,2024-05-01T13:00:00Z,30.45,10.6,979.2,5.25,320.0,0.0,146.8,openmeteo_archive,2026-09-24T16:48:09.650261+00:00
NCR009,2024-05-01T14:00:00Z,28.8,12.8,980.3,5.02,325.0,0.0,0.0,openmeteo_archive,2026-09-24T16:48:09.650261+00:00
NCR009,2024-05-01T15:00:00Z,28.0,15.1,980.7,4.8,324.0,0.0,0.0,openmeteo_archive,2026-09-24T16:48:09.650261+00:00
NCR009,2024-05-01T16:00:00Z,27.3,17.9,981.0,5.24,331.0,0.0,0.0,openmeteo_archive,2026-09-24T16:48:09.650261+00:00
NCR009,2024-05-01T17:00:00Z,26.35,21.7,981.3,5.1,360.0,0.0,0.0,openmeteo_archive,2026-09-24T16:48:09.650261+00:00
NCR009,2024-05-01T18:00:00Z,24.9,24.7,981.2,3.63,352.0,0.0,0.0,openmeteo_archive,2026-09-24T16:48:09.650261+00:00
NCR009,2024-05-01T19:00:00Z,23.5,28.3,981.0,2.4,343.0,0.0,0.0,openmeteo_archive,2026-09-24T16:48:09.650261+00:00
NCR009,2024-05-01T20:00:00Z,22.4,31.8,980.5,2.25,328.0,0.0,0.0,openmeteo_archive,2026-09-24T16:48:09.650261+00:00
NCR009,2024-05-01T21:00:00Z,21.6,34.4,980.2,2.58,306.0,0.0,0.0,openmeteo_archive,2026-09-24T16:48:09.650261+00:00
NCR009,2024-05-01T22:00:00Z,20.95,36.2,980.1,2.51,299.0,0.0,0.0,openmeteo_archive,2026-09-24T16:48:09.650261+00:00
NCR009,2024-05-01T23:00:00Z,20.45,37.5,980.0,2.73,298.0,0.0,0.0,openmeteo_archive,2026-09-24T16:48:09.650261+00:00
NCR009,2024-05-02T00:00:00Z,19.9,38.8,980.4,2.6,293.0,0.0,0.0,openmeteo_archive,2026-09-24T16:48:09.650261+00:00
NCR009,2024-05-02T01:00:00Z,21.7,39.6,981.1,3.23,286.0,0.0,44.7,openmeteo_archive,2026-09-24T16:48:09.650261+00:00
NCR009,2024-05-02T02:00:00Z,23.9,35.0,981.8,3.44,278.0,0.0,241.8,openmeteo_archive,2026-09-24T16:48:09.650261+00:00
NCR009,2024-05-02T03:00:00Z,26.85,29.4,982.4,4.03,293.0,0.0,433.2,openmeteo_archive,2026-09-24T16:48:09.650261+00:00
NCR009,2024-05-02T04:00:00Z,29.5,23.2,983.0,4.74,305.0,0.0,561.2,openmeteo_archive,2026-09-24T16:48:09.650261+00:00
NCR009,2024-05-02T05:00:00Z,31.5,18.9,982.9,4.68,312.0,0.0,634.9,openmeteo_archive,2026-09-24T16:48:09.650261+00:00
NCR009,2024-05-02T06:00:00Z,33.2,16.1,982.2,4.19,320.0,0.0,673.4,openmeteo_archive,2026-09-24T16:48:09.650261+00:00
NCR009,2024-05-02T07:00:00Z,34.65,13.9,981.9,4.31,314.0,0.0,690.4,openmeteo_archive,2026-09-24T16:48:09.650261+00:00
NCR009,2024-05-02T08:00:00Z,35.6,12.3,981.1,4.46,316.0,0.0,646.0,openmeteo_archive,2026-09-24T16:48:09.650261+00:00
NCR009,2024-05-02T09:00:00Z,36.1,11.4,980.2,4.6,314.0,0.0,631.7,openmeteo_archive,2026-09-24T16:48:09.650261+00:00
NCR009,2024-05-02T10:00:00Z,36.0,11.6,979.5,4.86,307.0,0.0,601.7,openmeteo_archive,2026-09-24T16:48:09.650261+00:00
NCR009,2024-05-02T11:00:00Z,35.55,13.1,979.0,4.56,308.0,0.0,504.0,openmeteo_archive,2026-09-24T16:48:09.650261+00:00
NCR009,2024-05-02T12:00:00Z,34.75,14.6,978.7,4.32,312.0,0.0,348.4,openmeteo_archive,2026-09-24T16:48:09.650261+00:00
NCR009,2024-05-02T13:00:00Z,32.7,16.6,979.8,2.92,322.0,0.0,145.3,openmeteo_archive,2026-09-24T16:48:09.650261+00:00
NCR009,2024-05-02T14:00:00Z,30.2,19.8,981.0,2.42,322.0,0.0,0.0,openmeteo_archive,2026-09-24T16:48:09.650261+00:00
NCR009,2024-05-02T15:00:00Z,27.25,24.6,981.0,2.7,309.0,0.0,0.0,openmeteo_archive,2026-09-24T16:48:09.650261+00:00
NCR009,2024-05-02T16:00:00Z,27.1,25.1,981.8,2.31,288.0,0.0,0.0,openmeteo_archive,2026-09-24T16:48:09.650261+00:00
NCR009,2024-05-02T17:00:00Z,26.15,27.3,981.8,2.08,305.0,0.0,0.0,openmeteo_archive,2026-09-24T16:48:09.650261+00:00
NCR009,2024-05-02T18:00:00Z,25.55,28.3,981.7,2.52,326.0,0.0,0.0,openmeteo_archive,2026-09-24T16:48:09.650261+00:00
NCR009,2024-05-02T19:00:00Z,25.3,27.7,981.5,3.47,316.0,0.0,0.0,openmeteo_archive,2026-09-24T16:48:09.650261+00:00
NCR009,2024-05-02T20:00:00Z,24.45,27.7,981.0,2.62,313.0,0.0,0.0,openmeteo_archive,2026-09-24T16:48:09.650261+00:00
NCR009,2024-05-02T21:00:00Z,23.15,29.3,980.7,2.19,313.0,0.0,0.0,openmeteo_archive,2026-09-24T16:48:09.650261+00:00
NCR009,2024-05-02T22:00:00Z,22.7,29.6,980.6,2.5,307.0,0.0,0.0,openmeteo_archive,2026-09-24T16:48:09.650261+00:00
NCR009,2024-05-02T23:00:00Z,22.45,29.8,980.8,2.7,309.0,0.0,0.0,openmeteo_archive,2026-09-24T16:48:09.650261+00:00
NCR009,2024-05-03T00:00:00Z,21.85,30.8,981.3,2.87,299.0,0.0,0.0,openmeteo_archive,2026-09-24T16:48:09.650261+00:00
NCR009,2024-05-03T01:00:00Z,23.65,31.4,981.9,2.82,293.0,0.0,53.0,openmeteo_archive,2026-09-24T16:48:09.650261+00:00
NCR009,2024-05-03T02:00:00Z,26.6,27.2,982.6,2.63,279.0,0.0,236.3,openmeteo_archive,2026-09-24T16:48:09.650261+00:00
NCR009,2024-05-03T03:00:00Z,30.05,22.9,983.2,2.89,284.0,0.0,423.3,openmeteo_archive,2026-09-24T16:48:09.650261+00:00
NCR009,2024-05-03T04:00:00Z,33.25,18.4,983.6,4.05,290.0,0.0,543.6,openmeteo_archive,2026-09-24T16:48:09.650261+00:00
NCR009,2024-05-03T05:00:00Z,35.45,13.3,983.7,5.41,298.0,0.0,625.2,openmeteo_archive,2026-09-24T16:48:09.650261+00:00
NCR009,2024-05-03T06:00:00Z,36.85,11.5,983.1,6.23,300.0,0.0,642.2,openmeteo_archive,2026-09-24T16:48:09.650261+00:00
NCR009,2024-05-03T07:00:00Z,37.85,10.9,982.2,6.5,301.0,0.0,664.9,openmeteo_archive,2026-09-24T16:48:09.650261+00:00
NCR009,2024-05-03T08:00:00Z,38.45,10.4,981.4,6.66,303.0,0.0,668.2,openmeteo_archive,2026-09-24T16:48:09.650261+00:00
NCR009,2024-05-03T09:00:00Z,38.75,10.0,980.6,6.49,304.0,0.0,600.5,openmeteo_archive,2026-09-24T16:48:09.650261+00:00
NCR009,2024-05-03T10:00:00Z,38.6,10.2,980.1,6.05,304.0,0.0,508.0,openmeteo_archive,2026-09-24T16:48:09.650261+00:00
NCR009,2024-05-03T11:00:00Z,38.0,10.8,980.0,5.82,299.0,0.0,354.6,openmeteo_archive,2026-09-24T16:48:09.650261+00:00
NCR009,2024-05-03T12:00:00Z,37.2,11.2,980.3,5.37,294.0,0.0,282.6,openmeteo_archive,2026-09-24T16:48:09.650261+00:00
NCR009,2024-05-03T13:00:00Z,35.8,13.1,981.3,3.14,301.0,0.0,0.0,openmeteo_archive,2026-09-24T16:48:09.650261+00:00
NCR009,2024-05-03T14:00:00Z,34.35,14.4,981.7,3.13,297.0,0.0,0.0,openmeteo_archive,2026-09-24T16:48:09.650261+00:00
NCR009,2024-05-03T15:00:00Z,33.15,15.5,982.3,3.55,292.0,0.0,0.0,openmeteo_archive,2026-09-24T16:48:09.650261+00:00
NCR009,2024-05-03T16:00:00Z,31.95,16.9,982.8,4.08,301.0,0.0,0.0,openmeteo_archive,2026-09-24T16:48:09.650261+00:00
NCR009,2024-05-03T17:00:00Z,30.8,18.0,982.8,3.32,314.0,0.0,0.0,openmeteo_archive,2026-09-24T16:48:09.650261+00:00
NCR009,2024-05-03T18:00:00Z,29.45,19.5,982.7,2.83,318.0,0.0,0.0,openmeteo_archive,2026-09-24T16:48:09.650261+00:00
NCR009,2024-05-03T19:00:00Z,29.45,19.6,982.0,2.76,316.0,0.0,0.0,openmeteo_archive,2026-09-24T16:48:09.650261+00:00
NCR009,2024-05-03T20:00:00Z,28.7,21.0,981.6,2.83,312.0,0.0,0.0,openmeteo_archive,2026-09-24T16:48:09.650261+00:00
NCR009,2024-05-03T21:00:00Z,28.55,21.5,981.3,2.34,320.0,0.0,0.0,openmeteo_archive,2026-09-24T16:48:09.650261+00:00
NCR009,2024-05-03T22:00:00Z,27.8,22.5,981.3,2.13,319.0,0.0,0.0,openmeteo_archive,2026-09-24T16:48:09.650261+00:00
NCR009,2024-05-03T23:00:00Z,27.4,23.3,981.2,1.75,329.0,0.0,0.0,openmeteo_archive,2026-09-24T16:48:09.650261+00:00
NCR009,2024-05-04T00:00:00Z,27.2,23.7,982.0,1.5,307.0,0.0,0.0,openmeteo_archive,2026-09-24T16:48:09.650261+00:00
NCR009,2024-05-04T01:00:00Z,27.9,25.3,983.2,3.18,294.0,0.0,8.7,openmeteo_archive,2026-09-24T16:48:09.650261+00:00
NCR009,2024-05-04T02:00:00Z,29.85,23.2,984.0,3.83,311.0,0.0,17.0,openmeteo_archive,2026-09-24T16:48:09.650261+00:00
NCR009,2024-05-04T03:00:00Z,31.7,20.3,984.5,4.33,320.0,0.0,91.5,openmeteo_archive,2026-09-24T16:48:09.650261+00:00
NCR009,2024-05-04T04:00:00Z,32.75,20.5,984.6,3.08,324.0,0.0,56.8,openmeteo_archive,2026-09-24T16:48:09.650261+00:00
NCR009,2024-05-04T05:00:00Z,34.15,19.9,984.7,1.84,299.0,0.0,34.9,openmeteo_archive,2026-09-24T16:48:09.650261+00:00
NCR009,2024-05-04T06:00:00Z,37.4,16.4,984.1,1.97,294.0,0.0,393.8,openmeteo_archive,2026-09-24T16:48:09.650261+00:00
NCR009,2024-05-04T07:00:00Z,40.0,12.0,983.1,1.96,285.0,0.0,627.1,openmeteo_archive,2026-09-24T16:48:09.650261+00:00
NCR009,2024-05-04T08:00:00Z,41.25,8.7,982.0,2.24,280.0,0.0,584.0,openmeteo_archive,2026-09-24T16:48:09.650261+00:00
NCR009,2024-05-04T09:00:00Z,41.9,7.6,980.8,3.75,279.0,0.0,631.3,openmeteo_archive,2026-09-24T16:48:09.650261+00:00
NCR009,2024-05-04T10:00:00Z,41.6,7.9,980.0,5.15,278.0,0.0,579.0,openmeteo_archive,2026-09-24T16:48:09.650261+00:00
NCR009,2024-05-04T11:00:00Z,40.7,8.7,979.5,6.05,278.0,0.0,481.8,openmeteo_archive,2026-09-24T16:48:09.650261+00:00
NCR009,2024-05-04T12:00:00Z,39.4,9.3,979.6,6.15,277.0,0.0,298.7,openmeteo_archive,2026-09-24T16:48:09.650261+00:00
NCR009,2024-05-04T13:00:00Z,37.3,12.6,979.7,2.86,282.0,0.0,126.6,openmeteo_archive,2026-09-24T16:48:09.650261+00:00
NCR009,2024-05-04T14:00:00Z,32.7,16.5,979.7,2.72,276.0,0.0,0.0,openmeteo_archive,2026-09-24T16:48:09.650261+00:00
NCR009,2024-05-04T15:00:00Z,31.6,16.8,979.7,2.68,297.0,0.0,0.0,openmeteo_archive,2026-09-24T16:48:09.650261+00:00
NCR009,2024-05-04T16:00:00Z,32.3,15.4,980.0,2.42,308.0,0.0,0.0,openmeteo_archive,2026-09-24T16:48:09.650261+00:00
NCR009,2024-05-04T17:00:00Z,30.2,18.1,980.0,2.0,270.0,0.0,0.0,openmeteo_archive,2026-09-24T16:48:09.650261+00:00
NCR009,2024-05-04T18:00:00Z,27.55,22.4,980.0,2.64,331.0,0.0,0.0,openmeteo_archive,2026-09-24T16:48:09.650261+00:00
NCR009,2024-05-04T19:00:00Z,26.65,24.7,978.8,2.1,273.0,0.0,0.0,openmeteo_archive,2026-09-24T16:48:09.650261+00:00
NCR009,2024-05-04T20:00:00Z,25.9,26.8,978.4,2.2,270.0,0.0,0.0,openmeteo_archive,2026-09-24T16:48:09.650261+00:00
NCR009,2024-05-04T21:00:00Z,25.5,28.2,977.8,2.06,299.0,0.0,0.0,openmeteo_archive,2026-09-24T16:48:09.650261+00:00
NCR009,2024-05-04T22:00:00Z,24.8,29.4,977.4,1.8,267.0,0.0,0.0,openmeteo_archive,2026-09-24T16:48:09.650261+00:00
NCR009,2024-05-04T23:00:00Z,25.55,27.5,977.7,2.66,250.0,0.0,0.0,openmeteo_archive,2026-09-24T16:48:09.650261+00:00
NCR009,2024-05-05T00:00:00Z,25.2,27.6,977.7,2.2,273.0,0.0,0.0,openmeteo_archive,2026-09-24T16:48:09.650261+00:00
NCR009,2024-05-05T01:00:00Z,26.85,27.7,978.2,2.9,268.0,0.0,51.8,openmeteo_archive,2026-09-24T16:48:09.650261+00:00
NCR009,2024-05-05T02:00:00Z,30.2,23.1,978.8,2.84,280.0,0.0,222.3,openmeteo_archive,2026-09-24T16:48:09.650261+00:00
NCR009,2024-05-05T03:00:00Z,33.9,18.9,979.5,3.04,297.0,0.0,403.9,openmeteo_archive,2026-09-24T16:48:09.650261+00:00
NCR009,2024-05-05T04:00:00Z,37.0,15.2,979.9,4.06,308.0,0.0,526.2,openmeteo_archive,2026-09-24T16:48:09.650261+00:00
NCR009,2024-05-05T05:00:00Z,39.55,10.3,979.7,3.89,312.0,0.0,601.4,openmeteo_archive,2026-09-24T16:48:09.650261+00:00
NCR009,2024-05-05T06:00:00Z,41.05,9.2,979.0,3.64,328.0,0.0,645.8,openmeteo_archive,2026-09-24T16:48:09.650261+00:00
NCR009,2024-05-05T07:00:00Z,41.55,10.5,978.4,3.74,326.0,0.0,662.4,openmeteo_archive,2026-09-24T16:48:09.650261+00:00
NCR009,2024-05-05T08:00:00Z,41.85,11.0,977.6,3.89,316.0,0.0,656.4,openmeteo_archive,2026-09-24T16:48:09.650261+00:00
NCR009,2024-05-05T09:00:00Z,41.9,11.1,976.7,4.33,304.0,0.0,627.2,openmeteo_archive,2026-09-24T16:48:09.650261+00:00
NCR009,2024-05-05T10:00:00Z,41.6,10.8,976.1,4.92,294.0,0.0,570.3,openmeteo_archive,2026-09-24T16:48:09.650261+00:00
NCR009,2024-05-05T11:00:00Z,40.9,11.1,975.7,5.07,292.0,0.0,475.7,openmeteo_archive,2026-09-24T16:48:09.650261+00:00
NCR009,2024-05-05T12:00:00Z,39.9,11.7,975.8,5.37,294.0,0.0,327.1,openmeteo_archive,2026-09-24T16:48:09.650261+00:00
NCR009,2024-05-05T13:00:00Z,37.6,14.1,976.4,2.24,297.0,0.0,130.5,openmeteo_archive,2026-09-24T16:48:09.650261+00:00
NCR009,2024-05-05T14:00:00Z,35.5,15.8,976.9,3.77,328.0,0.0,0.0,openmeteo_archive,2026-09-24T16:48:09.650261+00:00
NCR009,2024-05-05T15:00:00Z,34.5,16.2,977.5,3.89,334.0,0.0,0.0,openmeteo_archive,2026-09-24T16:48:09.650261+00:00
NCR009,2024-05-05T16:00:00Z,33.45,17.1,978.1,3.67,334.0,0.0,0.0,openmeteo_archive,2026-09-24T16:48:09.650261+00:00
NCR009,2024-05-05T17:00:00Z,32.15,18.2,978.4,3.5,329.0,0.0,0.0,openmeteo_archive,2026-09-24T16:48:09.650261+00:00
NCR009,2024-05-05T18:00:00Z,31.25,19.1,978.5,3.85,335.0,0.0,0.0,openmeteo_archive,2026-09-24T16:48:09.650261+00:00
NCR009,2024-05-05T19:00:00Z,30.65,20.0,978.2,3.77,338.0,0.0,0.0,openmeteo_archive,2026-09-24T16:48:09.650261+00:00
NCR009,2024-05-05T20:00:00Z,29.9,21.6,978.0,3.13,333.0,0.0,0.0,openmeteo_archive,2026-09-24T16:48:09.650261+00:00
NCR009,2024-05-05T21:00:00Z,29.2,23.7,977.9,2.91,333.0,0.0,0.0,openmeteo_archive,2026-09-24T16:48:09.650261+00:00
NCR009,2024-05-05T22:00:00Z,28.8,25.2,978.1,3.23,338.0,0.0,0.0,openmeteo_archive,2026-09-24T16:48:09.650261+00:00
NCR009,2024-05-05T23:00:00Z,28.55,26.3,978.6,3.49,336.0,0.0,0.0,openmeteo_archive,2026-09-24T16:48:09.650261+00:00
NCR009,2024-05-06T00:00:00Z,27.75,28.1,978.9,3.0,323.0,0.0,0.0,openmeteo_archive,2026-09-24T16:48:09.650261+00:00
NCR009,2024-05-06T01:00:00Z,28.55,30.3,980.2,2.55,312.0,0.0,51.3,openmeteo_archive,2026-09-24T16:48:09.650261+00:00
NCR009,2024-05-06T02:00:00Z,31.1,26.8,981.1,1.84,299.0,0.0,224.0,openmeteo_archive,2026-09-24T16:48:09.650261+00:00
NCR009,2024-05-06T03:00:00Z,34.0,23.2,981.9,2.01,297.0,0.0,400.4,openmeteo_archive,2026-09-24T16:48:09.650261+00:00
NCR009,2024-05-06T04:00:00Z,36.75,19.9,982.4,2.69,301.0,0.0,520.6,openmeteo_archive,2026-09-24T16:48:09.650261+00:00
NCR009,2024-05-06T05:00:00Z,38.8,16.5,982.4,3.58,306.0,0.0,594.4,openmeteo_archive,2026-09-24T16:48:09.650261+00:00
NCR009,2024-05-06T06:00:00Z,40.0,14.0,982.1,4.08,301.0,0.0,601.0,openmeteo_archive,2026-09-24T16:48:09.650261+00:00
NCR009,2024-05-06T07:00:00Z,40.65,12.8,981.4,4.57,293.0,0.0,598.0,openmeteo_archive,2026-09-24T16:48:09.650261+00:00
NCR009,2024-05-06T08:00:00Z,41.1,12.2,980.6,4.96,289.0,0.0,632.8,openmeteo_archive,2026-09-24T16:48:09.650261+00:00
NCR009,2024-05-06T09:00:00Z,41.25,12.1,979.6,5.35,287.0,0.0,610.8,openmeteo_archive,2026-09-24T16:48:09.650261+00:00
NCR009,2024-05-06T10:00:00Z,40.85,12.6,978.8,5.95,290.0,0.0,559.0,openmeteo_archive,2026-09-24T16:48:09.650261+00:00
NCR009,2024-05-06T11:00:00Z,40.35,12.5,978.4,6.36,294.0,0.0,461.5,openmeteo_archive,2026-09-24T16:48:09.650261+00:00
NCR009,2024-05-06T12:00:00Z,39.3,13.7,978.5,6.26,297.0,0.0,311.1,openmeteo_archive,2026-09-24T16:48:09.650261+00:00
NCR009,2024-05-06T13:00:00Z,37.7,14.1,979.1,4.19,303.0,0.0,129.3,openmeteo_archive,2026-09-24T16:48:09.650261+00:00
NCR009,2024-05-06T14:00:00Z,35.5,16.3,979.5,2.43,279.0,0.0,0.0,openmeteo_archive,2026-09-24T16:48:09.650261+00:00
NCR009,2024-05-06T15:00:00Z,34.25,17.6,979.9,2.56,291.0,0.0,0.0,openmeteo_archive,2026-09-24T16:48:09.650261+00:00
NCR009,2024-05-06T16:00:00Z,32.8,19.5,980.5,2.77,311.0,0.0,0.0,openmeteo_archive,2026-09-24T16:48:09.650261+00:00
NCR009,2024-05-06T17:00:00Z,32.0,20.8,980.7,3.05,311.0,0.0,0.0,openmeteo_archive,2026-09-24T16:48:09.650261+00:00
NCR009,2024-05-06T18:00:00Z,31.4,21.8,980.9,3.19,319.0,0.0,0.0,openmeteo_archive,2026-09-24T16:48:09.650261+00:00
NCR009,2024-05-06T19:00:00Z,29.8,23.9,980.5,2.16,326.0,0.0,0.0,openmeteo_archive,2026-09-24T16:48:09.650261+00:00
NCR009,2024-05-06T20:00:00Z,28.65,25.4,979.9,1.91,354.0,0.0,0.0,openmeteo_archive,2026-09-24T16:48:09.650261+00:00
NCR009,2024-05-06T21:00:00Z,26.95,28.6,979.5,2.52,7.0,0.0,0.0,openmeteo_archive,2026-09-24T16:48:09.650261+00:00
NCR009,2024-05-06T22:00:00Z,27.35,27.3,980.0,2.7,2.0,0.0,0.0,openmeteo_archive,2026-09-24T16:48:09.650261+00:00
NCR009,2024-05-06T23:00:00Z,26.05,29.5,980.4,2.11,5.0,0.0,0.0,openmeteo_archive,2026-09-24T16:48:09.650261+00:00
NCR009,2024-05-07T00:00:00Z,25.35,31.4,980.7,2.69,42.0,0.0,0.0,openmeteo_archive,2026-09-24T16:48:09.650261+00:00
NCR009,2024-05-07T01:00:00Z,28.2,30.6,981.8,2.53,108.0,0.0,50.8,openmeteo_archive,2026-09-24T16:48:09.650261+00:00
NCR009,2024-05-07T02:00:00Z,31.45,26.5,982.6,2.33,133.0,0.0,212.3,openmeteo_archive,2026-09-24T16:48:09.650261+00:00
NCR009,2024-05-07T03:00:00Z,34.15,23.8,983.5,3.61,87.0,0.0,404.8,openmeteo_archive,2026-09-24T16:48:09.650261+00:00
NCR009,2024-05-07T04:00:00Z,35.55,23.9,984.2,4.02,96.0,0.0,493.4,openmeteo_archive,2026-09-24T16:48:09.650261+00:00
NCR009,2024-05-07T05:00:00Z,37.4,22.4,984.2,3.44,98.0,0.0,477.4,openmeteo_archive,2026-09-24T16:48:09.650261+00:00
NCR009,2024-05-07T06:00:00Z,39.35,19.9,984.1,2.56,111.0,0.0,519.9,openmeteo_archive,2026-09-24T16:48:09.650261+00:00
NCR009,2024-05-07T07:00:00Z,40.5,14.7,983.4,1.1,175.0,0.0,480.6,openmeteo_archive,2026-09-24T16:48:09.650261+00:00
NCR009,2024-05-07T08:00:00Z,41.05,13.5,982.1,1.84,319.0,0.0,379.5,openmeteo_archive,2026-09-24T16:48:09.650261+00:00
NCR009,2024-05-07T09:00:00Z,42.3,12.1,981.3,3.35,10.0,0.0,591.0,openmeteo_archive,2026-09-24T16:48:09.650261+00:00
NCR009,2024-05-07T10:00:00Z,36.65,24.5,981.4,7.69,74.0,0.0,472.6,openmeteo_archive,2026-09-24T16:48:09.650261+00:00
NCR009,2024-05-07T11:00:00Z,38.3,21.2,981.4,4.94,54.0,0.0,341.6,openmeteo_archive,2026-09-24T16:48:09.650261+00:00
NCR009,2024-05-07T12:00:00Z,35.1,30.5,981.7,4.9,88.0,0.0,200.1,openmeteo_archive,2026-09-24T16:48:09.650261+00:00
NCR009,2024-05-07T13:00:00Z,35.25,29.5,981.0,6.08,81.0,0.0,102.4,openmeteo_archive,2026-09-24T16:48:09.650261+00:00
NCR009,2024-05-07T14:00:00Z,33.05,37.5,981.6,4.4,87.0,0.0,0.0,openmeteo_archive,2026-09-24T16:48:09.650261+00:00
NCR009,2024-05-07T15:00:00Z,32.0,39.6,982.2,3.61,85.0,0.0,0.0,openmeteo_archive,2026-09-24T16:48:09.650261+00:00
NCR009,2024-05-07T16:00:00Z,31.3,39.8,982.5,3.47,102.0,0.0,0.0,openmeteo_archive,2026-09-24T16:48:09.650261+00:00
NCR009,2024-05-07T17:00:00Z,30.4,41.7,982.7,3.04,134.0,0.0,0.0,openmeteo_archive,2026-09-24T16:48:09.650261+00:00
NCR009,2024-05-07T18:00:00Z,29.5,44.5,983.1,2.88,146.0,0.0,0.0,openmeteo_archive,2026-09-24T16:48:09.650261+00:00
NCR009,2024-05-07T19:00:00Z,28.65,47.3,982.8,2.48,140.0,0.0,0.0,openmeteo_archive,2026-09-24T16:48:09.650261+00:00
NCR009,2024-05-07T20:00:00Z,27.95,49.9,982.5,2.0,127.0,0.0,0.0,openmeteo_archive,2026-09-24T16:48:09.650261+00:00
NCR009,2024-05-07T21:00:00Z,27.55,51.6,982.5,2.62,130.0,0.0,0.0,openmeteo_archive,2026-09-24T16:48:09.650261+00:00
NCR009,2024-05-07T22:00:00Z,27.45,51.9,982.6,3.47,136.0,0.0,0.0,openmeteo_archive,2026-09-24T16:48:09.650261+00:00
NCR009,2024-05-07T23:00:00Z,26.95,54.0,982.9,3.91,130.0,0.0,0.0,openmeteo_archive,2026-09-24T16:48:09.650261+00:00
NCR010,2024-05-01T00:00:00Z,22.35,29.1,972.6,5.61,320.0,0.0,0.0,openmeteo_archive,2026-09-24T16:48:09.859568+00:00
NCR010,2024-05-01T01:00:00Z,23.15,35.6,973.9,5.59,314.0,0.0,30.0,openmeteo_archive,2026-09-24T16:48:09.859568+00:00
NCR010,2024-05-01T02:00:00Z,24.75,33.2,974.5,5.02,314.0,0.0,210.1,openmeteo_archive,2026-09-24T16:48:09.859568+00:00
NCR010,2024-05-01T03:00:00Z,27.05,27.8,975.1,5.55,326.0,0.0,404.8,openmeteo_archive,2026-09-24T16:48:09.859568+00:00
NCR010,2024-05-01T04:00:00Z,29.2,20.4,975.8,5.66,328.0,0.0,540.7,openmeteo_archive,2026-09-24T16:48:09.859568+00:00
NCR010,2024-05-01T05:00:00Z,30.7,16.2,975.9,5.25,329.0,0.0,625.4,openmeteo_archive,2026-09-24T16:48:09.859568+00:00
NCR010,2024-05-01T06:00:00Z,32.1,12.3,975.5,4.69,326.0,0.0,671.2,openmeteo_archive,2026-09-24T16:48:09.859568+00:00
NCR010,2024-05-01T07:00:00Z,33.15,10.0,975.0,4.26,321.0,0.0,691.9,openmeteo_archive,2026-09-24T16:48:09.859568+00:00
NCR010,2024-05-01T08:00:00Z,33.75,8.9,974.4,4.46,316.0,0.0,690.1,openmeteo_archive,2026-09-24T16:48:09.859568+00:00
NCR010,2024-05-01T09:00:00Z,33.9,8.9,973.8,4.53,313.0,0.0,663.0,openmeteo_archive,2026-09-24T16:48:09.859568+00:00
NCR010,2024-05-01T10:00:00Z,33.7,9.1,973.2,4.67,313.0,0.0,606.2,openmeteo_archive,2026-09-24T16:48:09.859568+00:00
NCR010,2024-05-01T11:00:00Z,33.3,9.1,972.9,4.81,313.0,0.0,508.7,openmeteo_archive,2026-09-24T16:48:09.859568+00:00
NCR010,2024-05-01T12:00:00Z,32.2,9.8,972.8,5.03,311.0,0.0,355.6,openmeteo_archive,2026-09-24T16:48:09.859568+00:00
NCR010,2024-05-01T13:00:00Z,30.8,9.6,973.3,3.97,311.0,0.0,150.8,openmeteo_archive,2026-09-24T16:48:09.859568+00:00
NCR010,2024-05-01T14:00:00Z,28.65,12.2,974.3,3.41,320.0,0.0,0.0,openmeteo_archive,2026-09-24T16:48:09.859568+00:00
NCR010,2024-05-01T15:00:00Z,27.05,14.6,974.7,2.58,324.0,0.0,0.0,openmeteo_archive,2026-09-24T16:48:09.859568+00:00
NCR010,2024-05-01T16:00:00Z,26.05,16.5,975.1,2.69,318.0,0.0,0.0,openmeteo_archive,2026-09-24T16:48:09.859568+00:00
NCR010,2024-05-01T17:00:00Z,25.5,18.6,975.4,3.19,319.0,0.0,0.0,openmeteo_archive,2026-09-24T16:48:09.859568+00:00
NCR010,2024-05-01T18:00:00Z,25.0,20.8,975.4,4.1,326.0,0.0,0.0,openmeteo_archive,2026-09-24T16:48:09.859568+00:00
NCR010,2024-05-01T19:00:00Z,24.05,23.0,975.2,3.76,335.0,0.0,0.0,openmeteo_archive,2026-09-24T16:48:09.859568+00:00
NCR010,2024-05-01T20:00:00Z,22.9,24.5,974.6,3.0,330.0,0.0,0.0,openmeteo_archive,2026-09-24T16:48:09.859568+00:00
NCR010,2024-05-01T21:00:00Z,21.95,26.0,974.3,2.69,318.0,0.0,0.0,openmeteo_archive,2026-09-24T16:48:09.859568+00:00
NCR010,2024-05-01T22:00:00Z,21.25,27.6,974.4,2.62,310.0,0.0,0.0,openmeteo_archive,2026-09-24T16:48:09.859568+00:00
NCR010,2024-05-01T23:00:00Z,20.7,29.4,974.4,2.5,307.0,0.0,0.0,openmeteo_archive,2026-09-24T16:48:09.859568+00:00
NCR010,2024-05-02T00:00:00Z,20.2,30.8,974.6,2.52,304.0,0.0,0.0,openmeteo_archive,2026-09-24T16:48:09.859568+00:00
NCR010,2024-05-02T01:00:00Z,21.95,30.6,975.6,2.76,316.0,0.0,29.6,openmeteo_archive,2026-09-24T16:48:09.859568+00:00
NCR010,2024-05-02T02:00:00Z,24.45,28.1,976.6,2.58,306.0,0.0,208.1,openmeteo_archive,2026-09-24T16:48:09.859568+00:00
NCR010,2024-05-02T03:00:00Z,27.15,26.4,977.0,3.14,323.0,0.0,400.8,openmeteo_archive,2026-09-24T16:48:09.859568+00:00
NCR010,2024-05-02T04:00:00Z,29.05,21.7,977.6,3.83,319.0,0.0,537.7,openmeteo_archive,2026-09-24T16:48:09.859568+00:00
NCR010,2024-05-02T05:00:00Z,30.7,18.9,977.3,3.32,314.0,0.0,618.1,openmeteo_archive,2026-09-24T16:48:09.859568+00:00
NCR010,2024-05-02T06:00:00Z,32.3,16.5,976.9,2.98,310.0,0.0,664.8,openmeteo_archive,2026-09-24T16:48:09.859568+00:00
NCR010,2024-05-02T07:00:00Z,33.75,14.5,976.4,3.19,311.0,0.0,682.9,openmeteo_archive,2026-09-24T16:48:09.859568+00:00
NCR010,2024-05-02T08:00:00Z,34.85,12.4,975.7,3.48,321.0,0.0,656.1,openmeteo_archive,2026-09-24T16:48:09.859568+00:00
NCR010,2024-05-02T09:00:00Z,35.45,11.4,974.8,3.76,331.0,0.0,629.9,openmeteo_archive,2026-09-24T16:48:09.859568+00:00
NCR010,2024-05-02T10:00:00Z,35.5,10.8,973.9,3.89,334.0,0.0,592.5,openmeteo_archive,2026-09-24T16:48:09.859568+00:00
NCR010,2024-05-02T11:00:00Z,35.25,10.9,973.5,3.72,336.0,0.0,502.8,openmeteo_archive,2026-09-24T16:48:09.859568+00:00
NCR010,2024-05-02T12:00:00Z,34.35,12.0,973.4,3.51,340.0,0.0,349.6,openmeteo_archive,2026-09-24T16:48:09.859568+00:00
NCR010,2024-05-02T13:00:00Z,32.55,15.5,973.9,1.7,357.0,0.0,144.4,openmeteo_archive,2026-09-24T16:48:09.859568+00:00
NCR010,2024-05-02T14:00:00Z,29.7,19.9,975.0,2.1,357.0,0.0,0.0,openmeteo_archive,2026-09-24T16:48:09.859568+00:00
NCR010,2024-05-02T15:00:00Z,27.7,24.0,975.5,1.7,332.0,0.0,0.0,openmeteo_archive,2026-09-24T16:48:09.859568+00:00
NCR010,2024-05-02T16:00:00Z,26.9,25.4,976.0,1.26,288.0,0.0,0.0,openmeteo_archive,2026-09-24T16:48:09.859568+00:00
NCR010,2024-05-02T17:00:00Z,25.6,27.9,976.0,1.57,297.0,0.0,0.0,openmeteo_archive,2026-09-24T16:48:09.859568+00:00
NCR010,2024-05-02T18:00:00Z,25.45,28.0,975.8,2.1,295.0,0.0,0.0,openmeteo_archive,2026-09-24T16:48:09.859568+00:00
NCR010,2024-05-02T19:00:00Z,25.25,27.2,975.5,2.94,305.0,0.0,0.0,openmeteo_archive,2026-09-24T16:48:09.859568+00:00
NCR010,2024-05-02T20:00:00Z,24.95,26.7,975.0,2.84,309.0,0.0,0.0,openmeteo_archive,2026-09-24T16:48:09.859568+00:00
NCR010,2024-05-02T21:00:00Z,24.1,27.1,974.8,2.66,304.0,0.0,0.0,openmeteo_archive,2026-09-24T16:48:09.859568+00:00
NCR010,2024-05-02T22:00:00Z,23.2,27.8,974.8,2.51,293.0,0.0,0.0,openmeteo_archive,2026-09-24T16:48:09.859568+00:00
NCR010,2024-05-02T23:00:00Z,22.35,28.7,975.1,2.45,282.0,0.0,0.0,openmeteo_archive,2026-09-24T16:48:09.859568+00:00
NCR010,2024-05-03T00:00:00Z,21.3,30.5,975.3,2.35,282.0,0.0,0.0,openmeteo_archive,2026-09-24T16:48:09.859568+00:00
NCR010,2024-05-03T01:00:00Z,22.8,31.9,976.0,2.35,282.0,0.0,29.2,openmeteo_archive,2026-09-24T16:48:09.859568+00:00
NCR010,2024-05-03T02:00:00Z,27.15,25.3,977.2,2.63,279.0,0.0,206.2,openmeteo_archive,2026-09-24T16:48:09.859568+00:00
NCR010,2024-05-03T03:00:00Z,31.65,18.0,978.0,2.31,288.0,0.0,394.9,openmeteo_archive,2026-09-24T16:48:09.859568+00:00
NCR010,2024-05-03T04:00:00Z,34.35,12.4,978.3,2.95,298.0,0.0,528.8,openmeteo_archive,2026-09-24T16:48:09.859568+00:00
NCR010,2024-05-03T05:00:00Z,35.9,10.5,978.1,4.25,319.0,0.0,609.6,openmeteo_archive,2026-09-24T16:48:09.859568+00:00
NCR010,2024-05-03T06:00:00Z,36.9,10.1,977.5,4.42,322.0,0.0,654.1,openmeteo_archive,2026-09-24T16:48:09.859568+00:00
NCR010,2024-05-03T07:00:00Z,37.85,9.4,976.7,3.98,321.0,0.0,645.1,openmeteo_archive,2026-09-24T16:48:09.859568+00:00
NCR010,2024-05-03T08:00:00Z,38.5,9.1,975.9,4.02,325.0,0.0,655.4,openmeteo_archive,2026-09-24T16:48:09.859568+00:00
NCR010,2024-05-03T09:00:00Z,38.75,8.8,975.1,3.92,322.0,0.0,631.4,openmeteo_archive,2026-09-24T16:48:09.859568+00:00
NCR010,2024-05-03T10:00:00Z,38.65,8.6,974.7,3.76,320.0,0.0,477.4,openmeteo_archive,2026-09-24T16:48:09.859568+00:00
NCR010,2024-05-03T11:00:00Z,37.65,9.0,974.7,3.91,320.0,0.0,102.3,openmeteo_archive,2026-09-24T16:48:09.859568+00:00
NCR010,2024-05-03T12:00:00Z,36.95,9.4,974.5,2.66,326.0,0.0,26.2,openmeteo_archive,2026-09-24T16:48:09.859568+00:00
NCR010,2024-05-03T13:00:00Z,35.25,9.6,975.3,1.98,315.0,0.0,9.9,openmeteo_archive,2026-09-24T16:48:09.859568+00:00
NCR010,2024-05-03T14:00:00Z,33.05,10.6,976.0,2.91,319.0,0.0,0.0,openmeteo_archive,2026-09-24T16:48:09.859568+00:00
NCR010,2024-05-03T15:00:00Z,32.15,11.1,976.4,3.33,319.0,0.0,0.0,openmeteo_archive,2026-09-24T16:48:09.859568+00:00
NCR010,2024-05-03T16:00:00Z,30.5,12.5,976.7,2.88,326.0,0.0,0.0,openmeteo_archive,2026-09-24T16:48:09.859568+00:00
NCR010,2024-05-03T17:00:00Z,29.6,13.5,976.8,2.44,325.0,0.0,0.0,openmeteo_archive,2026-09-24T16:48:09.859568+00:00
NCR010,2024-05-03T18:00:00Z,29.25,14.7,976.8,2.33,301.0,0.0,0.0,openmeteo_archive,2026-09-24T16:48:09.859568+00:00
NCR010,2024-05-03T19:00:00Z,27.6,16.7,975.9,2.15,292.0,0.0,0.0,openmeteo_archive,2026-09-24T16:48:09.859568+00:00
NCR010,2024-05-03T20:00:00Z,27.95,16.8,975.3,1.66,295.0,0.0,0.0,openmeteo_archive,2026-09-24T16:48:09.859568+00:00
NCR010,2024-05-03T21:00:00Z,27.8,17.7,975.3,1.7,315.0,0.0,0.0,openmeteo_archive,2026-09-24T16:48:09.859568+00:00
NCR010,2024-05-03T22:00:00Z,27.7,18.5,975.4,1.58,305.0,0.0,0.0,openmeteo_archive,2026-09-24T16:48:09.859568+00:00
NCR010,2024-05-03T23:00:00Z,26.75,20.8,975.6,1.33,283.0,0.0,0.0,openmeteo_archive,2026-09-24T16:48:09.859568+00:00
NCR010,2024-05-04T00:00:00Z,26.05,21.4,976.1,1.2,275.0,0.0,0.0,openmeteo_archive,2026-09-24T16:48:09.859568+00:00
NCR010,2024-05-04T01:00:00Z,27.75,23.8,977.8,1.1,265.0,0.0,0.0,openmeteo_archive,2026-09-24T16:48:09.859568+00:00
NCR010,2024-05-04T02:00:00Z,29.0,23.3,978.0,1.6,270.0,0.0,7.3,openmeteo_archive,2026-09-24T16:48:09.859568+00:00
NCR010,2024-05-04T03:00:00Z,31.85,19.8,978.7,1.04,253.0,0.0,41.2,openmeteo_archive,2026-09-24T16:48:09.859568+00:00
NCR010,2024-05-04T04:00:00Z,34.65,15.2,978.9,0.41,194.0,0.0,173.8,openmeteo_archive,2026-09-24T16:48:09.859568+00:00
NCR010,2024-05-04T05:00:00Z,37.15,11.2,978.8,1.04,163.0,0.0,343.7,openmeteo_archive,2026-09-24T16:48:09.859568+00:00
NCR010,2024-05-04T06:00:00Z,38.8,8.6,978.1,0.86,126.0,0.0,349.9,openmeteo_archive,2026-09-24T16:48:09.859568+00:00
NCR010,2024-05-04T07:00:00Z,40.3,7.1,977.0,1.02,101.0,0.0,534.6,openmeteo_archive,2026-09-24T16:48:09.859568+00:00
NCR010,2024-05-04T08:00:00Z,41.2,6.3,976.0,1.02,169.0,0.0,498.3,openmeteo_archive,2026-09-24T16:48:09.859568+00:00
NCR010,2024-05-04T09:00:00Z,40.55,7.5,975.1,4.53,239.0,0.0,334.8,openmeteo_archive,2026-09-24T16:48:09.859568+00:00
NCR010,2024-05-04T10:00:00Z,40.4,8.1,974.6,3.57,259.0,0.0,323.0,openmeteo_archive,2026-09-24T16:48:09.859568+00:00
NCR010,2024-05-04T11:00:00Z,40.1,10.0,973.8,4.43,245.0,0.0,257.7,openmeteo_archive,2026-09-24T16:48:09.859568+00:00
NCR010,2024-05-04T12:00:00Z,38.65,12.8,973.7,5.59,260.0,0.0,235.3,openmeteo_archive,2026-09-24T16:48:09.859568+00:00
NCR010,2024-05-04T13:00:00Z,35.85,10.6,974.0,2.0,217.0,0.0,122.3,openmeteo_archive,2026-09-24T16:48:09.859568+00:00
NCR010,2024-05-04T14:00:00Z,32.95,12.1,973.9,1.94,215.0,0.0,0.0,openmeteo_archive,2026-09-24T16:48:09.859568+00:00
NCR010,2024-05-04T15:00:00Z,31.75,13.3,974.1,2.13,229.0,0.0,0.0,openmeteo_archive,2026-09-24T16:48:09.859568+00:00
NCR010,2024-05-04T16:00:00Z,31.45,13.8,974.7,2.52,236.0,0.0,0.0,openmeteo_archive,2026-09-24T16:48:09.859568+00:00
NCR010,2024-05-04T17:00:00Z,30.4,14.8,974.6,2.38,248.0,0.0,0.0,openmeteo_archive,2026-09-24T16:48:09.859568+00:00
NCR010,2024-05-04T18:00:00Z,30.3,15.5,974.5,2.86,258.0,0.0,0.0,openmeteo_archive,2026-09-24T16:48:09.859568+00:00
NCR010,2024-05-04T19:00:00Z,30.3,19.9,973.6,3.79,252.0,0.0,0.0,openmeteo_archive,2026-09-24T16:48:09.859568+00:00
NCR010,2024-05-04T20:00:00Z,30.15,29.0,973.1,5.5,270.0,0.0,0.0,openmeteo_archive,2026-09-24T16:48:09.859568+00:00
NCR010,2024-05-04T21:00:00Z,30.2,27.2,972.6,5.22,274.0,0.0,0.0,openmeteo_archive,2026-09-24T16:48:09.859568+00:00
NCR010,2024-05-04T22:00:00Z,29.55,25.8,972.3,4.73,283.0,0.0,0.0,openmeteo_archive,2026-09-24T16:48:09.859568+00:00
NCR010,2024-05-04T23:00:00Z,29.3,23.8,972.1,5.14,283.0,0.0,0.0,openmeteo_archive,2026-09-24T16:48:09.859568+00:00
NCR010,2024-05-05T00:00:00Z,28.7,23.9,972.6,4.97,295.0,0.0,0.0,openmeteo_archive,2026-09-24T16:48:09.859568+00:00
NCR010,2024-05-05T01:00:00Z,30.2,25.4,973.1,5.22,282.0,0.0,28.6,openmeteo_archive,2026-09-24T16:48:09.859568+00:00
NCR010,2024-05-05T02:00:00Z,31.85,24.0,973.7,4.93,276.0,0.0,188.2,openmeteo_archive,2026-09-24T16:48:09.859568+00:00
NCR010,2024-05-05T03:00:00Z,34.3,22.4,974.1,5.36,279.0,0.0,367.0,openmeteo_archive,2026-09-24T16:48:09.859568+00:00
NCR010,2024-05-05T04:00:00Z,36.45,20.8,974.4,5.74,293.0,0.0,492.0,openmeteo_archive,2026-09-24T16:48:09.859568+00:00
NCR010,2024-05-05T05:00:00Z,37.95,18.7,974.0,5.22,302.0,0.0,565.1,openmeteo_archive,2026-09-24T16:48:09.859568+00:00
NCR010,2024-05-05T06:00:00Z,39.2,16.8,973.5,4.12,309.0,0.0,566.2,openmeteo_archive,2026-09-24T16:48:09.859568+00:00
NCR010,2024-05-05T07:00:00Z,40.0,15.5,972.9,3.11,312.0,0.0,521.8,openmeteo_archive,2026-09-24T16:48:09.859568+00:00
NCR010,2024-05-05T08:00:00Z,40.6,14.1,972.1,2.76,314.0,0.0,580.6,openmeteo_archive,2026-09-24T16:48:09.859568+00:00
NCR010,2024-05-05T09:00:00Z,40.9,13.3,971.2,3.11,315.0,0.0,596.7,openmeteo_archive,2026-09-24T16:48:09.859568+00:00
NCR010,2024-05-05T10:00:00Z,40.8,12.6,970.5,3.61,312.0,0.0,536.3,openmeteo_archive,2026-09-24T16:48:09.859568+00:00
NCR010,2024-05-05T11:00:00Z,40.4,11.9,970.1,3.58,300.0,0.0,454.4,openmeteo_archive,2026-09-24T16:48:09.859568+00:00
NCR010,2024-05-05T12:00:00Z,39.95,11.2,970.0,2.97,290.0,0.0,322.2,openmeteo_archive,2026-09-24T16:48:09.859568+00:00
NCR010,2024-05-05T13:00:00Z,37.5,13.7,970.5,2.33,301.0,0.0,131.0,openmeteo_archive,2026-09-24T16:48:09.859568+00:00
NCR010,2024-05-05T14:00:00Z,36.0,14.4,970.9,3.92,308.0,0.0,0.0,openmeteo_archive,2026-09-24T16:48:09.859568+00:00
NCR010,2024-05-05T15:00:00Z,34.5,15.6,971.8,3.45,330.0,0.0,0.0,openmeteo_archive,2026-09-24T16:48:09.859568+00:00
NCR010,2024-05-05T16:00:00Z,33.45,17.5,972.4,4.03,330.0,0.0,0.0,openmeteo_archive,2026-09-24T16:48:09.859568+00:00
NCR010,2024-05-05T17:00:00Z,32.7,18.6,972.8,3.4,332.0,0.0,0.0,openmeteo_archive,2026-09-24T16:48:09.859568+00:00
NCR010,2024-05-05T18:00:00Z,31.8,19.2,972.7,3.39,315.0,0.0,0.0,openmeteo_archive,2026-09-24T16:48:09.859568+00:00
NCR010,2024-05-05T19:00:00Z,30.95,20.0,972.4,3.54,313.0,0.0,0.0,openmeteo_archive,2026-09-24T16:48:09.859568+00:00
NCR010,2024-05-05T20:00:00Z,30.45,20.8,972.4,4.19,310.0,0.0,0.0,openmeteo_archive,2026-09-24T16:48:09.859568+00:00
NCR010,2024-05-05T21:00:00Z,29.65,21.7,972.4,3.91,310.0,0.0,0.0,openmeteo_archive,2026-09-24T16:48:09.859568+00:00
NCR010,2024-05-05T22:00:00Z,28.7,23.5,972.7,3.33,311.0,0.0,0.0,openmeteo_archive,2026-09-24T16:48:09.859568+00:00
NCR010,2024-05-05T23:00:00Z,28.05,25.3,973.2,2.76,314.0,0.0,0.0,openmeteo_archive,2026-09-24T16:48:09.859568+00:00
NCR010,2024-05-06T00:00:00Z,27.15,27.3,973.4,1.94,305.0,0.0,0.0,openmeteo_archive,2026-09-24T16:48:09.859568+00:00
NCR010,2024-05-06T01:00:00Z,27.3,29.5,974.7,2.12,278.0,0.0,28.2,openmeteo_archive,2026-09-24T16:48:09.859568+00:00
NCR010,2024-05-06T02:00:00Z,30.9,24.8,975.6,1.65,284.0,0.0,186.7,openmeteo_archive,2026-09-24T16:48:09.859568+00:00
NCR010,2024-05-06T03:00:00Z,34.2,20.9,976.4,1.17,329.0,0.0,367.6,openmeteo_archive,2026-09-24T16:48:09.859568+00:00
NCR010,2024-05-06T04:00:00Z,36.6,18.1,976.7,1.81,6.0,0.0,495.3,openmeteo_archive,2026-09-24T16:48:09.859568+00:00
NCR010,2024-05-06T05:00:00Z,38.4,15.5,976.7,2.3,2.0,0.0,573.8,openmeteo_archive,2026-09-24T16:48:09.859568+00:00
NCR010,2024-05-06T06:00:00Z,39.45,13.7,976.4,2.94,350.0,0.0,469.6,openmeteo_archive,2026-09-24T16:48:09.859568+00:00
NCR010,2024-05-06T07:00:00Z,40.65,12.6,975.7,3.51,340.0,0.0,621.6,openmeteo_archive,2026-09-24T16:48:09.859568+00:00
NCR010,2024-05-06T08:00:00Z,41.15,11.9,974.9,3.5,329.0,0.0,603.8,openmeteo_archive,2026-09-24T16:48:09.859568+00:00
NCR010,2024-05-06T09:00:00Z,41.1,11.3,974.0,4.06,308.0,0.0,590.5,openmeteo_archive,2026-09-24T16:48:09.859568+00:00
NCR010,2024-05-06T10:00:00Z,40.55,11.7,973.4,4.49,302.0,0.0,467.8,openmeteo_archive,2026-09-24T16:48:09.859568+00:00
NCR010,2024-05-06T11:00:00Z,39.85,12.4,973.0,3.86,307.0,0.0,380.9,openmeteo_archive,2026-09-24T16:48:09.859568+00:00
NCR010,2024-05-06T12:00:00Z,39.4,12.7,973.0,2.75,327.0,0.0,288.0,openmeteo_archive,2026-09-24T16:48:09.859568+00:00
NCR010,2024-05-06T13:00:00Z,37.95,12.8,972.9,2.6,337.0,0.0,76.9,openmeteo_archive,2026-09-24T16:48:09.859568+00:00
NCR010,2024-05-06T14:00:00Z,35.9,14.9,973.3,3.23,338.0,0.0,0.0,openmeteo_archive,2026-09-24T16:48:09.859568+00:00
NCR010,2024-05-06T15:00:00Z,34.25,16.9,974.0,2.64,335.0,0.0,0.0,openmeteo_archive,2026-09-24T16:48:09.859568+00:00
NCR010,2024-05-06T16:00:00Z,32.45,19.6,974.8,2.06,331.0,0.0,0.0,openmeteo_archive,2026-09-24T16:48:09.859568+00:00
NCR010,2024-05-06T17:00:00Z,30.65,22.8,974.8,1.91,313.0,0.0,0.0,openmeteo_archive,2026-09-24T16:48:09.859568+00:00
NCR010,2024-05-06T18:00:00Z,29.35,25.5,974.8,1.58,288.0,0.0,0.0,openmeteo_archive,2026-09-24T16:48:09.859568+00:00
NCR010,2024-05-06T19:00:00Z,29.65,25.1,974.6,1.32,279.0,0.0,0.0,openmeteo_archive,2026-09-24T16:48:09.859568+00:00
NCR010,2024-05-06T20:00:00Z,28.25,28.0,974.0,1.49,290.0,0.0,0.0,openmeteo_archive,2026-09-24T16:48:09.859568+00:00
NCR010,2024-05-06T21:00:00Z,27.95,28.1,973.9,1.63,313.0,0.0,0.0,openmeteo_archive,2026-09-24T16:48:09.859568+00:00
NCR010,2024-05-06T22:00:00Z,27.15,29.0,974.0,1.75,301.0,0.0,0.0,openmeteo_archive,2026-09-24T16:48:09.859568+00:00
NCR010,2024-05-06T23:00:00Z,27.55,27.9,974.3,0.81,277.0,0.0,0.0,openmeteo_archive,2026-09-24T16:48:09.859568+00:00
NCR010,2024-05-07T00:00:00Z,27.95,26.5,974.6,0.73,286.0,0.0,0.0,openmeteo_archive,2026-09-24T16:48:09.859568+00:00
NCR010,2024-05-07T01:00:00Z,29.1,29.6,975.6,1.43,295.0,0.0,27.9,openmeteo_archive,2026-09-24T16:48:09.859568+00:00
NCR010,2024-05-07T02:00:00Z,32.45,26.1,976.5,1.79,297.0,0.0,185.2,openmeteo_archive,2026-09-24T16:48:09.859568+00:00
NCR010,2024-05-07T03:00:00Z,36.15,20.3,977.3,0.3,270.0,0.0,364.2,openmeteo_archive,2026-09-24T16:48:09.859568+00:00
NCR010,2024-05-07T04:00:00Z,38.6,16.9,977.8,1.06,139.0,0.0,489.7,openmeteo_archive,2026-09-24T16:48:09.859568+00:00
NCR010,2024-05-07T05:00:00Z,39.95,13.1,977.5,1.56,130.0,0.0,466.6,openmeteo_archive,2026-09-24T16:48:09.859568+00:00
NCR010,2024-05-07T06:00:00Z,40.9,11.7,977.3,1.75,114.0,0.0,494.9,openmeteo_archive,2026-09-24T16:48:09.859568+00:00
NCR010,2024-05-07T07:00:00Z,41.8,11.2,976.5,1.32,99.0,0.0,514.6,openmeteo_archive,2026-09-24T16:48:09.859568+00:00
NCR010,2024-05-07T08:00:00Z,42.3,10.9,975.5,1.04,343.0,0.0,430.8,openmeteo_archive,2026-09-24T16:48:09.859568+00:00
NCR010,2024-05-07T09:00:00Z,42.5,10.5,974.6,3.64,307.0,0.0,390.3,openmeteo_archive,2026-09-24T16:48:09.859568+00:00
NCR010,2024-05-07T10:00:00Z,41.95,10.4,973.9,5.25,301.0,0.0,274.5,openmeteo_archive,2026-09-24T16:48:09.859568+00:00
NCR010,2024-05-07T11:00:00Z,41.45,10.9,973.8,4.32,312.0,0.0,386.6,openmeteo_archive,2026-09-24T16:48:09.859568+00:00
NCR010,2024-05-07T12:00:00Z,41.0,11.6,973.8,3.4,317.0,0.0,284.6,openmeteo_archive,2026-09-24T16:48:09.859568+00:00
NCR010,2024-05-07T13:00:00Z,38.65,10.1,974.3,4.47,326.0,0.0,128.7,openmeteo_archive,2026-09-24T16:48:09.859568+00:00
NCR010,2024-05-07T14:00:00Z,36.0,12.1,974.5,3.41,310.0,0.0,14.0,openmeteo_archive,2026-09-24T16:48:09.859568+00:00
NCR010,2024-05-07T15:00:00Z,34.3,14.0,974.9,2.02,290.0,0.0,0.0,openmeteo_archive,2026-09-24T16:48:09.859568+00:00
NCR010,2024-05-07T16:00:00Z,33.25,15.1,975.4,2.59,298.0,0.0,0.0,openmeteo_archive,2026-09-24T16:48:09.859568+00:00
NCR010,2024-05-07T17:00:00Z,31.0,18.5,976.1,1.92,28.0,0.0,0.0,openmeteo_archive,2026-09-24T16:48:09.859568+00:00
NCR010,2024-05-07T18:00:00Z,30.2,23.9,977.2,2.22,82.0,0.0,0.0,openmeteo_archive,2026-09-24T16:48:09.859568+00:00
NCR010,2024-05-07T19:00:00Z,28.3,32.9,976.3,2.25,122.0,0.0,0.0,openmeteo_archive,2026-09-24T16:48:09.859568+00:00
NCR010,2024-05-07T20:00:00Z,28.35,35.9,975.8,2.06,141.0,0.0,0.0,openmeteo_archive,2026-09-24T16:48:09.859568+00:00
NCR010,2024-05-07T21:00:00Z,26.95,41.2,975.5,2.51,151.0,0.0,0.0,openmeteo_archive,2026-09-24T16:48:09.859568+00:00
NCR010,2024-05-07T22:00:00Z,26.5,43.7,975.6,2.42,150.0,0.0,0.0,openmeteo_archive,2026-09-24T16:48:09.859568+00:00
NCR010,2024-05-07T23:00:00Z,26.25,45.4,975.7,2.39,147.0,0.0,0.0,openmeteo_archive,2026-09-24T16:48:09.859568+00:00
NCR011,2024-05-01T00:00:00Z,20.0,34.5,976.6,3.96,315.0,0.0,0.0,openmeteo_archive,2026-09-24T16:48:10.049059+00:00
NCR011,2024-05-01T01:00:00Z,21.2,42.8,978.0,4.33,320.0,0.0,38.0,openmeteo_archive,2026-09-24T16:48:10.049059+00:00
NCR011,2024-05-01T02:00:00Z,22.7,40.5,978.7,3.96,317.0,0.0,224.5,openmeteo_archive,2026-09-24T16:48:10.049059+00:00
NCR011,2024-05-01T03:00:00Z,24.6,36.5,979.3,4.61,319.0,0.0,418.0,openmeteo_archive,2026-09-24T16:48:10.049059+00:00
NCR011,2024-05-01T04:00:00Z,26.8,29.2,979.8,4.74,316.0,0.0,551.8,openmeteo_archive,2026-09-24T16:48:10.049059+00:00
NCR011,2024-05-01T05:00:00Z,28.9,22.8,979.9,5.24,312.0,0.0,632.9,openmeteo_archive,2026-09-24T16:48:10.049059+00:00
NCR011,2024-05-01T06:00:00Z,30.45,15.9,979.7,5.98,308.0,0.0,676.7,openmeteo_archive,2026-09-24T16:48:10.049059+00:00
NCR011,2024-05-01T07:00:00Z,31.15,14.7,979.2,5.66,306.0,0.0,694.6,openmeteo_archive,2026-09-24T16:48:10.049059+00:00
NCR011,2024-05-01T08:00:00Z,31.65,14.3,978.6,5.68,298.0,0.0,688.6,openmeteo_archive,2026-09-24T16:48:10.049059+00:00
NCR011,2024-05-01T09:00:00Z,31.85,13.6,977.9,5.74,293.0,0.0,660.4,openmeteo_archive,2026-09-24T16:48:10.049059+00:00
NCR011,2024-05-01T10:00:00Z,31.6,13.9,977.4,5.98,288.0,0.0,605.1,openmeteo_archive,2026-09-24T16:48:10.049059+00:00
NCR011,2024-05-01T11:00:00Z,31.1,14.3,977.2,6.24,282.0,0.0,508.5,openmeteo_archive,2026-09-24T16:48:10.049059+00:00
NCR011,2024-05-01T12:00:00Z,30.15,15.3,977.0,6.4,284.0,0.0,356.3,openmeteo_archive,2026-09-24T16:48:10.049059+00:00
NCR011,2024-05-01T13:00:00Z,29.05,17.3,977.5,4.2,282.0,0.0,151.4,openmeteo_archive,2026-09-24T16:48:10.049059+00:00
NCR011,2024-05-01T14:00:00Z,26.95,21.6,978.4,3.89,331.0,0.0,0.0,openmeteo_archive,2026-09-24T16:48:10.049059+00:00
NCR011,2024-05-01T15:00:00Z,25.65,25.3,979.0,3.59,347.0,0.0,0.0,openmeteo_archive,2026-09-24T16:48:10.049059+00:00
NCR011,2024-05-01T16:00:00Z,24.0,29.1,979.3,2.15,332.0,0.0,0.0,openmeteo_archive,2026-09-24T16:48:10.049059+00:00
NCR011,2024-05-01T17:00:00Z,23.0,31.4,979.5,2.56,329.0,0.0,0.0,openmeteo_archive,2026-09-24T16:48:10.049059+00:00
NCR011,2024-05-01T18:00:00Z,22.3,32.7,979.5,2.78,330.0,0.0,0.0,openmeteo_archive,2026-09-24T16:48:10.049059+00:00
NCR011,2024-05-01T19:00:00Z,21.1,35.9,979.1,2.19,313.0,0.0,0.0,openmeteo_archive,2026-09-24T16:48:10.049059+00:00
NCR011,2024-05-01T20:00:00Z,20.05,38.8,978.5,2.16,304.0,0.0,0.0,openmeteo_archive,2026-09-24T16:48:10.049059+00:00
NCR011,2024-05-01T21:00:00Z,19.6,39.8,978.3,2.47,302.0,0.0,0.0,openmeteo_archive,2026-09-24T16:48:10.049059+00:00
NCR011,2024-05-01T22:00:00Z,19.2,40.5,978.0,2.42,300.0,0.0,0.0,openmeteo_archive,2026-09-24T16:48:10.049059+00:00
NCR011,2024-05-01T23:00:00Z,18.8,41.5,977.9,2.42,308.0,0.0,0.0,openmeteo_archive,2026-09-24T16:48:10.049059+00:00
NCR011,2024-05-02T00:00:00Z,18.45,43.0,978.3,2.39,303.0,0.0,0.0,openmeteo_archive,2026-09-24T16:48:10.049059+00:00
NCR011,2024-05-02T01:00:00Z,19.9,45.3,979.1,3.1,285.0,0.0,37.5,openmeteo_archive,2026-09-24T16:48:10.049059+00:00
NCR011,2024-05-02T02:00:00Z,22.3,41.4,980.0,3.35,280.0,0.0,225.9,openmeteo_archive,2026-09-24T16:48:10.049059+00:00
NCR011,2024-05-02T03:00:00Z,25.55,34.5,980.2,3.45,292.0,0.0,420.1,openmeteo_archive,2026-09-24T16:48:10.049059+00:00
NCR011,2024-05-02T04:00:00Z,28.35,27.8,981.1,5.01,296.0,0.0,548.6,openmeteo_archive,2026-09-24T16:48:10.049059+00:00
NCR011,2024-05-02T05:00:00Z,30.3,23.2,981.0,4.75,311.0,0.0,625.5,openmeteo_archive,2026-09-24T16:48:10.049059+00:00
NCR011,2024-05-02T06:00:00Z,32.0,20.3,980.8,4.74,312.0,0.0,668.0,openmeteo_archive,2026-09-24T16:48:10.049059+00:00
NCR011,2024-05-02T07:00:00Z,33.2,19.1,980.2,5.17,317.0,0.0,680.3,openmeteo_archive,2026-09-24T16:48:10.049059+00:00
NCR011,2024-05-02T08:00:00Z,34.2,17.8,979.4,5.42,322.0,0.0,641.7,openmeteo_archive,2026-09-24T16:48:10.049059+00:00
NCR011,2024-05-02T09:00:00Z,34.8,16.8,978.5,5.32,319.0,0.0,607.9,openmeteo_archive,2026-09-24T16:48:10.049059+00:00
NCR011,2024-05-02T10:00:00Z,34.9,16.6,977.7,4.96,312.0,0.0,589.8,openmeteo_archive,2026-09-24T16:48:10.049059+00:00
NCR011,2024-05-02T11:00:00Z,34.6,16.2,977.3,5.03,311.0,0.0,499.1,openmeteo_archive,2026-09-24T16:48:10.049059+00:00
NCR011,2024-05-02T12:00:00Z,33.6,16.6,977.0,4.76,309.0,0.0,350.0,openmeteo_archive,2026-09-24T16:48:10.049059+00:00
NCR011,2024-05-02T13:00:00Z,31.55,19.4,978.2,3.44,306.0,0.0,150.0,openmeteo_archive,2026-09-24T16:48:10.049059+00:00
NCR011,2024-05-02T14:00:00Z,28.75,23.1,978.5,2.33,295.0,0.0,0.0,openmeteo_archive,2026-09-24T16:48:10.049059+00:00
NCR011,2024-05-02T15:00:00Z,27.2,25.9,979.1,2.4,315.0,0.0,0.0,openmeteo_archive,2026-09-24T16:48:10.049059+00:00
NCR011,2024-05-02T16:00:00Z,26.6,26.4,979.8,2.94,325.0,0.0,0.0,openmeteo_archive,2026-09-24T16:48:10.049059+00:00
NCR011,2024-05-02T17:00:00Z,25.65,26.5,979.8,2.92,329.0,0.0,0.0,openmeteo_archive,2026-09-24T16:48:10.049059+00:00
NCR011,2024-05-02T18:00:00Z,24.15,28.4,979.7,2.28,331.0,0.0,0.0,openmeteo_archive,2026-09-24T16:48:10.049059+00:00
NCR011,2024-05-02T19:00:00Z,22.85,30.9,979.3,2.2,321.0,0.0,0.0,openmeteo_archive,2026-09-24T16:48:10.049059+00:00
NCR011,2024-05-02T20:00:00Z,22.05,32.8,978.8,2.19,313.0,0.0,0.0,openmeteo_archive,2026-09-24T16:48:10.049059+00:00
NCR011,2024-05-02T21:00:00Z,21.35,34.5,978.6,2.22,324.0,0.0,0.0,openmeteo_archive,2026-09-24T16:48:10.049059+00:00
NCR011,2024-05-02T22:00:00Z,21.15,34.8,978.5,2.25,302.0,0.0,0.0,openmeteo_archive,2026-09-24T16:48:10.049059+00:00
NCR011,2024-05-02T23:00:00Z,20.7,36.4,978.6,2.35,282.0,0.0,0.0,openmeteo_archive,2026-09-24T16:48:10.049059+00:00
NCR011,2024-05-03T00:00:00Z,19.85,39.0,979.1,2.12,289.0,0.0,0.0,openmeteo_archive,2026-09-24T16:48:10.049059+00:00
NCR011,2024-05-03T01:00:00Z,21.85,38.4,979.7,2.62,310.0,0.0,37.0,openmeteo_archive,2026-09-24T16:48:10.049059+00:00
NCR011,2024-05-03T02:00:00Z,24.65,34.4,980.3,2.86,295.0,0.0,220.3,openmeteo_archive,2026-09-24T16:48:10.049059+00:00
NCR011,2024-05-03T03:00:00Z,28.3,29.2,981.0,2.69,285.0,0.0,410.0,openmeteo_archive,2026-09-24T16:48:10.049059+00:00
NCR011,2024-05-03T04:00:00Z,31.95,22.7,981.5,3.49,294.0,0.0,539.7,openmeteo_archive,2026-09-24T16:48:10.049059+00:00
NCR011,2024-05-03T05:00:00Z,34.2,17.0,981.5,4.7,299.0,0.0,559.8,openmeteo_archive,2026-09-24T16:48:10.049059+00:00
NCR011,2024-05-03T06:00:00Z,35.6,15.1,981.1,5.56,300.0,0.0,611.7,openmeteo_archive,2026-09-24T16:48:10.049059+00:00
NCR011,2024-05-03T07:00:00Z,36.7,13.5,980.2,6.35,303.0,0.0,655.6,openmeteo_archive,2026-09-24T16:48:10.049059+00:00
NCR011,2024-05-03T08:00:00Z,37.35,12.8,979.4,6.42,307.0,0.0,636.8,openmeteo_archive,2026-09-24T16:48:10.049059+00:00
NCR011,2024-05-03T09:00:00Z,37.8,11.9,978.7,5.86,307.0,0.0,580.2,openmeteo_archive,2026-09-24T16:48:10.049059+00:00
NCR011,2024-05-03T10:00:00Z,37.9,11.1,978.2,5.64,307.0,0.0,463.4,openmeteo_archive,2026-09-24T16:48:10.049059+00:00
NCR011,2024-05-03T11:00:00Z,37.35,11.5,978.2,5.5,307.0,0.0,286.6,openmeteo_archive,2026-09-24T16:48:10.049059+00:00
NCR011,2024-05-03T12:00:00Z,36.5,12.3,978.3,4.06,308.0,0.0,187.6,openmeteo_archive,2026-09-24T16:48:10.049059+00:00
NCR011,2024-05-03T13:00:00Z,33.6,15.4,979.3,2.84,321.0,0.0,0.0,openmeteo_archive,2026-09-24T16:48:10.049059+00:00
NCR011,2024-05-03T14:00:00Z,31.9,17.5,980.0,2.79,285.0,0.0,0.0,openmeteo_archive,2026-09-24T16:48:10.049059+00:00
NCR011,2024-05-03T15:00:00Z,30.45,19.9,980.5,2.82,287.0,0.0,0.0,openmeteo_archive,2026-09-24T16:48:10.049059+00:00
NCR011,2024-05-03T16:00:00Z,28.8,22.4,980.9,2.61,302.0,0.0,0.0,openmeteo_archive,2026-09-24T16:48:10.049059+00:00
NCR011,2024-05-03T17:00:00Z,28.1,23.6,980.9,2.48,313.0,0.0,0.0,openmeteo_archive,2026-09-24T16:48:10.049059+00:00
NCR011,2024-05-03T18:00:00Z,28.0,24.1,980.5,2.05,317.0,0.0,0.0,openmeteo_archive,2026-09-24T16:48:10.049059+00:00
NCR011,2024-05-03T19:00:00Z,26.65,26.2,979.8,2.14,307.0,0.0,0.0,openmeteo_archive,2026-09-24T16:48:10.049059+00:00
NCR011,2024-05-03T20:00:00Z,27.2,25.3,979.4,2.06,309.0,0.0,0.0,openmeteo_archive,2026-09-24T16:48:10.049059+00:00
NCR011,2024-05-03T21:00:00Z,27.05,25.8,979.2,2.0,323.0,0.0,0.0,openmeteo_archive,2026-09-24T16:48:10.049059+00:00
NCR011,2024-05-03T22:00:00Z,26.85,26.1,979.1,2.13,311.0,0.0,0.0,openmeteo_archive,2026-09-24T16:48:10.049059+00:00
NCR011,2024-05-03T23:00:00Z,26.0,27.5,978.9,2.06,331.0,0.0,0.0,openmeteo_archive,2026-09-24T16:48:10.049059+00:00
NCR011,2024-05-04T00:00:00Z,27.1,24.5,979.7,4.53,317.0,0.0,0.0,openmeteo_archive,2026-09-24T16:48:10.049059+00:00
NCR011,2024-05-04T01:00:00Z,27.35,26.9,981.6,4.58,324.0,0.0,18.3,openmeteo_archive,2026-09-24T16:48:10.049059+00:00
NCR011,2024-05-04T02:00:00Z,28.55,27.7,981.8,3.72,336.0,0.0,14.1,openmeteo_archive,2026-09-24T16:48:10.049059+00:00
NCR011,2024-05-04T03:00:00Z,31.45,25.2,982.6,3.42,277.0,0.0,316.8,openmeteo_archive,2026-09-24T16:48:10.049059+00:00
NCR011,2024-05-04T04:00:00Z,33.9,22.3,982.7,3.33,303.0,0.0,510.1,openmeteo_archive,2026-09-24T16:48:10.049059+00:00
NCR011,2024-05-04T05:00:00Z,36.4,17.2,982.4,2.97,312.0,0.0,589.0,openmeteo_archive,2026-09-24T16:48:10.049059+00:00
NCR011,2024-05-04T06:00:00Z,38.05,13.5,981.7,3.05,311.0,0.0,624.9,openmeteo_archive,2026-09-24T16:48:10.049059+00:00
NCR011,2024-05-04T07:00:00Z,38.85,12.9,980.9,2.72,306.0,0.0,515.6,openmeteo_archive,2026-09-24T16:48:10.049059+00:00
NCR011,2024-05-04T08:00:00Z,39.65,12.4,980.4,3.71,275.0,0.0,580.8,openmeteo_archive,2026-09-24T16:48:10.049059+00:00
NCR011,2024-05-04T09:00:00Z,39.7,11.2,979.3,4.73,283.0,0.0,475.2,openmeteo_archive,2026-09-24T16:48:10.049059+00:00
NCR011,2024-05-04T10:00:00Z,39.5,11.0,978.6,4.94,291.0,0.0,563.4,openmeteo_archive,2026-09-24T16:48:10.049059+00:00
NCR011,2024-05-04T11:00:00Z,39.05,11.0,978.1,4.79,293.0,0.0,454.3,openmeteo_archive,2026-09-24T16:48:10.049059+00:00
NCR011,2024-05-04T12:00:00Z,37.15,13.6,978.1,6.61,260.0,0.0,210.8,openmeteo_archive,2026-09-24T16:48:10.049059+00:00
NCR011,2024-05-04T13:00:00Z,35.6,15.5,977.5,2.77,296.0,0.0,137.3,openmeteo_archive,2026-09-24T16:48:10.049059+00:00
NCR011,2024-05-04T14:00:00Z,33.9,16.3,977.5,4.05,320.0,0.0,0.0,openmeteo_archive,2026-09-24T16:48:10.049059+00:00
NCR011,2024-05-04T15:00:00Z,32.15,17.8,977.4,2.46,297.0,0.0,0.0,openmeteo_archive,2026-09-24T16:48:10.049059+00:00
NCR011,2024-05-04T16:00:00Z,28.4,24.8,977.8,2.64,299.0,0.0,0.0,openmeteo_archive,2026-09-24T16:48:10.049059+00:00
NCR011,2024-05-04T17:00:00Z,27.1,27.2,978.1,2.69,312.0,0.0,0.0,openmeteo_archive,2026-09-24T16:48:10.049059+00:00
NCR011,2024-05-04T18:00:00Z,26.75,26.9,978.0,2.21,355.0,0.0,0.0,openmeteo_archive,2026-09-24T16:48:10.049059+00:00
NCR011,2024-05-04T19:00:00Z,26.55,28.8,976.9,2.57,13.0,0.0,0.0,openmeteo_archive,2026-09-24T16:48:10.049059+00:00
NCR011,2024-05-04T20:00:00Z,26.15,28.8,976.4,2.21,355.0,0.0,0.0,openmeteo_archive,2026-09-24T16:48:10.049059+00:00
NCR011,2024-05-04T21:00:00Z,25.5,29.9,975.6,2.15,338.0,0.0,0.0,openmeteo_archive,2026-09-24T16:48:10.049059+00:00
NCR011,2024-05-04T22:00:00Z,24.95,30.3,975.4,1.97,336.0,0.0,0.0,openmeteo_archive,2026-09-24T16:48:10.049059+00:00
NCR011,2024-05-04T23:00:00Z,24.65,31.0,975.6,2.2,300.0,0.0,0.0,openmeteo_archive,2026-09-24T16:48:10.049059+00:00
NCR011,2024-05-05T00:00:00Z,23.7,34.0,976.0,2.4,270.0,0.0,0.0,openmeteo_archive,2026-09-24T16:48:10.049059+00:00
NCR011,2024-05-05T01:00:00Z,25.15,32.7,976.4,2.86,295.0,0.0,45.2,openmeteo_archive,2026-09-24T16:48:10.049059+00:00
NCR011,2024-05-05T02:00:00Z,27.45,30.6,977.2,2.95,298.0,0.0,209.5,openmeteo_archive,2026-09-24T16:48:10.049059+00:00
NCR011,2024-05-05T03:00:00Z,30.85,24.9,977.7,2.68,297.0,0.0,392.3,openmeteo_archive,2026-09-24T16:48:10.049059+00:00
NCR011,2024-05-05T04:00:00Z,33.85,21.2,978.1,2.75,303.0,0.0,516.1,openmeteo_archive,2026-09-24T16:48:10.049059+00:00
NCR011,2024-05-05T05:00:00Z,36.9,18.1,977.9,2.78,322.0,0.0,591.6,openmeteo_archive,2026-09-24T16:48:10.049059+00:00
NCR011,2024-05-05T06:00:00Z,39.3,13.7,977.3,3.55,338.0,0.0,635.9,openmeteo_archive,2026-09-24T16:48:10.049059+00:00
NCR011,2024-05-05T07:00:00Z,40.2,12.7,976.7,4.32,312.0,0.0,654.1,openmeteo_archive,2026-09-24T16:48:10.049059+00:00
NCR011,2024-05-05T08:00:00Z,40.3,12.6,976.0,5.22,302.0,0.0,651.0,openmeteo_archive,2026-09-24T16:48:10.049059+00:00
NCR011,2024-05-05T09:00:00Z,40.15,12.5,975.2,5.25,301.0,0.0,625.7,openmeteo_archive,2026-09-24T16:48:10.049059+00:00
NCR011,2024-05-05T10:00:00Z,40.0,12.5,974.7,4.74,305.0,0.0,570.3,openmeteo_archive,2026-09-24T16:48:10.049059+00:00
NCR011,2024-05-05T11:00:00Z,39.7,12.7,974.1,4.61,311.0,0.0,477.8,openmeteo_archive,2026-09-24T16:48:10.049059+00:00
NCR011,2024-05-05T12:00:00Z,38.55,14.1,974.1,4.69,320.0,0.0,331.7,openmeteo_archive,2026-09-24T16:48:10.049059+00:00
NCR011,2024-05-05T13:00:00Z,36.4,15.6,974.9,4.16,336.0,0.0,140.9,openmeteo_archive,2026-09-24T16:48:10.049059+00:00
NCR011,2024-05-05T14:00:00Z,34.35,16.1,975.3,3.72,324.0,0.0,14.3,openmeteo_archive,2026-09-24T16:48:10.049059+00:00
NCR011,2024-05-05T15:00:00Z,32.75,17.8,975.7,3.58,324.0,0.0,0.0,openmeteo_archive,2026-09-24T16:48:10.049059+00:00
NCR011,2024-05-05T16:00:00Z,31.35,19.8,976.3,2.97,340.0,0.0,0.0,openmeteo_archive,2026-09-24T16:48:10.049059+00:00
NCR011,2024-05-05T17:00:00Z,29.65,22.7,976.6,2.25,328.0,0.0,0.0,openmeteo_archive,2026-09-24T16:48:10.049059+00:00
NCR011,2024-05-05T18:00:00Z,29.2,24.2,976.7,2.69,318.0,0.0,0.0,openmeteo_archive,2026-09-24T16:48:10.049059+00:00
NCR011,2024-05-05T19:00:00Z,29.05,25.4,976.5,2.92,322.0,0.0,0.0,openmeteo_archive,2026-09-24T16:48:10.049059+00:00
NCR011,2024-05-05T20:00:00Z,28.0,28.1,976.1,2.55,318.0,0.0,0.0,openmeteo_archive,2026-09-24T16:48:10.049059+00:00
NCR011,2024-05-05T21:00:00Z,27.4,30.0,976.0,2.62,313.0,0.0,0.0,openmeteo_archive,2026-09-24T16:48:10.049059+00:00
NCR011,2024-05-05T22:00:00Z,26.9,31.1,976.2,2.56,309.0,0.0,0.0,openmeteo_archive,2026-09-24T16:48:10.049059+00:00
NCR011,2024-05-05T23:00:00Z,26.1,32.5,976.6,2.41,312.0,0.0,0.0,openmeteo_archive,2026-09-24T16:48:10.049059+00:00
NCR011,2024-05-06T00:00:00Z,24.95,35.3,976.8,1.98,319.0,0.0,0.0,openmeteo_archive,2026-09-24T16:48:10.049059+00:00
NCR011,2024-05-06T01:00:00Z,27.05,35.3,978.1,2.33,313.0,0.0,44.7,openmeteo_archive,2026-09-24T16:48:10.049059+00:00
NCR011,2024-05-06T02:00:00Z,29.25,33.1,979.0,2.47,291.0,0.0,207.8,openmeteo_archive,2026-09-24T16:48:10.049059+00:00
NCR011,2024-05-06T03:00:00Z,32.15,28.6,979.7,2.24,297.0,0.0,384.7,openmeteo_archive,2026-09-24T16:48:10.049059+00:00
NCR011,2024-05-06T04:00:00Z,35.05,24.4,980.1,2.42,300.0,0.0,507.4,openmeteo_archive,2026-09-24T16:48:10.049059+00:00
NCR011,2024-05-06T05:00:00Z,37.4,19.6,980.3,3.5,307.0,0.0,585.7,openmeteo_archive,2026-09-24T16:48:10.049059+00:00
NCR011,2024-05-06T06:00:00Z,38.6,16.7,980.1,5.08,306.0,0.0,630.7,openmeteo_archive,2026-09-24T16:48:10.049059+00:00
NCR011,2024-05-06T07:00:00Z,39.35,15.8,979.5,5.42,308.0,0.0,628.7,openmeteo_archive,2026-09-24T16:48:10.049059+00:00
NCR011,2024-05-06T08:00:00Z,39.75,15.3,978.6,5.55,304.0,0.0,600.3,openmeteo_archive,2026-09-24T16:48:10.049059+00:00
NCR011,2024-05-06T09:00:00Z,39.95,14.9,977.9,5.27,303.0,0.0,554.6,openmeteo_archive,2026-09-24T16:48:10.049059+00:00
NCR011,2024-05-06T10:00:00Z,40.05,14.4,976.9,4.36,307.0,0.0,431.6,openmeteo_archive,2026-09-24T16:48:10.049059+00:00
NCR011,2024-05-06T11:00:00Z,39.9,14.3,976.4,5.11,310.0,0.0,379.1,openmeteo_archive,2026-09-24T16:48:10.049059+00:00
NCR011,2024-05-06T12:00:00Z,38.85,14.9,976.4,5.1,296.0,0.0,254.3,openmeteo_archive,2026-09-24T16:48:10.049059+00:00
NCR011,2024-05-06T13:00:00Z,36.65,16.4,977.0,2.8,325.0,0.0,101.1,openmeteo_archive,2026-09-24T16:48:10.049059+00:00
NCR011,2024-05-06T14:00:00Z,33.3,19.8,977.3,2.08,305.0,0.0,14.1,openmeteo_archive,2026-09-24T16:48:10.049059+00:00
NCR011,2024-05-06T15:00:00Z,31.4,22.8,977.9,2.02,290.0,0.0,0.0,openmeteo_archive,2026-09-24T16:48:10.049059+00:00
NCR011,2024-05-06T16:00:00Z,30.25,25.5,978.5,2.12,278.0,0.0,0.0,openmeteo_archive,2026-09-24T16:48:10.049059+00:00
NCR011,2024-05-06T17:00:00Z,29.4,27.0,978.6,2.42,294.0,0.0,0.0,openmeteo_archive,2026-09-24T16:48:10.049059+00:00
NCR011,2024-05-06T18:00:00Z,27.9,28.8,978.5,2.55,315.0,0.0,0.0,openmeteo_archive,2026-09-24T16:48:10.049059+00:00
NCR011,2024-05-06T19:00:00Z,27.1,29.1,978.0,2.71,356.0,0.0,0.0,openmeteo_archive,2026-09-24T16:48:10.049059+00:00
NCR011,2024-05-06T20:00:00Z,26.3,30.7,977.6,3.11,4.0,0.0,0.0,openmeteo_archive,2026-09-24T16:48:10.049059+00:00
NCR011,2024-05-06T21:00:00Z,27.15,28.4,977.6,2.2,3.0,0.0,0.0,openmeteo_archive,2026-09-24T16:48:10.049059+00:00
NCR011,2024-05-06T22:00:00Z,28.1,25.7,978.0,0.89,27.0,0.0,0.0,openmeteo_archive,2026-09-24T16:48:10.049059+00:00
NCR011,2024-05-06T23:00:00Z,27.3,27.4,978.4,0.8,180.0,0.0,0.0,openmeteo_archive,2026-09-24T16:48:10.049059+00:00
NCR011,2024-05-07T00:00:00Z,26.3,29.7,978.8,0.5,270.0,0.0,0.0,openmeteo_archive,2026-09-24T16:48:10.049059+00:00
NCR011,2024-05-07T01:00:00Z,26.35,37.9,979.6,0.73,254.0,0.0,44.3,openmeteo_archive,2026-09-24T16:48:10.049059+00:00
NCR011,2024-05-07T02:00:00Z,28.7,34.7,980.5,1.22,305.0,0.0,192.4,openmeteo_archive,2026-09-24T16:48:10.049059+00:00
NCR011,2024-05-07T03:00:00Z,32.15,28.9,981.4,1.04,343.0,0.0,357.1,openmeteo_archive,2026-09-24T16:48:10.049059+00:00
NCR011,2024-05-07T04:00:00Z,34.95,24.4,982.1,1.41,98.0,0.0,512.1,openmeteo_archive,2026-09-24T16:48:10.049059+00:00
NCR011,2024-05-07T05:00:00Z,36.95,21.8,981.9,1.96,105.0,0.0,560.6,openmeteo_archive,2026-09-24T16:48:10.049059+00:00
NCR011,2024-05-07T06:00:00Z,38.55,19.6,981.9,1.3,122.0,0.0,615.9,openmeteo_archive,2026-09-24T16:48:10.049059+00:00
NCR011,2024-05-07T07:00:00Z,39.35,17.1,981.3,0.0,270.0,0.0,498.5,openmeteo_archive,2026-09-24T16:48:10.049059+00:00
NCR011,2024-05-07T08:00:00Z,39.9,15.3,980.3,0.91,264.0,0.0,538.4,openmeteo_archive,2026-09-24T16:48:10.049059+00:00
NCR011,2024-05-07T09:00:00Z,40.5,14.3,979.3,0.91,276.0,0.0,584.1,openmeteo_archive,2026-09-24T16:48:10.049059+00:00
NCR011,2024-05-07T10:00:00Z,40.95,12.8,978.4,2.58,306.0,0.0,522.3,openmeteo_archive,2026-09-24T16:48:10.049059+00:00
NCR011,2024-05-07T11:00:00Z,40.3,11.7,978.4,4.88,305.0,0.0,405.9,openmeteo_archive,2026-09-24T16:48:10.049059+00:00
NCR011,2024-05-07T12:00:00Z,39.05,12.7,978.5,4.92,299.0,0.0,272.3,openmeteo_archive,2026-09-24T16:48:10.049059+00:00
NCR011,2024-05-07T13:00:00Z,36.1,19.9,978.4,2.28,113.0,0.0,133.6,openmeteo_archive,2026-09-24T16:48:10.049059+00:00
NCR011,2024-05-07T14:00:00Z,32.55,27.3,978.6,1.9,72.0,0.0,13.9,openmeteo_archive,2026-09-24T16:48:10.049059+00:00
NCR011,2024-05-07T15:00:00Z,31.85,25.2,979.2,2.19,66.0,0.0,0.0,openmeteo_archive,2026-09-24T16:48:10.049059+00:00
NCR011,2024-05-07T16:00:00Z,31.45,28.9,979.9,4.44,126.0,0.0,0.0,openmeteo_archive,2026-09-24T16:48:10.049059+00:00
NCR011,2024-05-07T17:00:00Z,29.3,40.0,980.5,1.9,93.0,0.0,0.0,openmeteo_archive,2026-09-24T16:48:10.049059+00:00
NCR011,2024-05-07T18:00:00Z,27.4,47.9,980.9,2.77,131.0,0.0,0.0,openmeteo_archive,2026-09-24T16:48:10.049059+00:00
NCR011,2024-05-07T19:00:00Z,27.3,47.6,980.6,1.75,149.0,0.0,0.0,openmeteo_archive,2026-09-24T16:48:10.049059+00:00
NCR011,2024-05-07T20:00:00Z,27.35,47.5,979.9,2.5,143.0,0.0,0.0,openmeteo_archive,2026-09-24T16:48:10.049059+00:00
NCR011,2024-05-07T21:00:00Z,27.35,47.6,979.5,3.23,158.0,0.0,0.0,openmeteo_archive,2026-09-24T16:48:10.049059+00:00
NCR011,2024-05-07T22:00:00Z,26.7,50.6,979.6,2.56,159.0,0.0,0.0,openmeteo_archive,2026-09-24T16:48:10.049059+00:00
NCR011,2024-05-07T23:00:00Z,25.7,54.5,979.9,2.08,145.0,0.0,0.0,openmeteo_archive,2026-09-24T16:48:10.049059+00:00
NCR012,2024-05-01T00:00:00Z,21.0,29.7,979.1,3.66,325.0,0.0,0.0,openmeteo_archive,2026-09-24T16:48:10.249026+00:00
NCR012,2024-05-01T01:00:00Z,22.0,36.4,980.4,3.83,319.0,0.0,37.5,openmeteo_archive,2026-09-24T16:48:10.249026+00:00
NCR012,2024-05-01T02:00:00Z,23.85,36.2,981.3,4.33,320.0,0.0,225.3,openmeteo_archive,2026-09-24T16:48:10.249026+00:00
NCR012,2024-05-01T03:00:00Z,26.25,31.7,981.7,4.66,329.0,0.0,414.1,openmeteo_archive,2026-09-24T16:48:10.249026+00:00
NCR012,2024-05-01T04:00:00Z,29.1,23.1,982.2,5.46,325.0,0.0,541.5,openmeteo_archive,2026-09-24T16:48:10.249026+00:00
NCR012,2024-05-01T05:00:00Z,30.95,16.4,982.2,6.39,320.0,0.0,622.7,openmeteo_archive,2026-09-24T16:48:10.249026+00:00
NCR012,2024-05-01T06:00:00Z,32.3,13.4,981.9,6.37,314.0,0.0,672.0,openmeteo_archive,2026-09-24T16:48:10.249026+00:00
NCR012,2024-05-01T07:00:00Z,33.15,10.9,981.5,6.03,310.0,0.0,694.0,openmeteo_archive,2026-09-24T16:48:10.249026+00:00
NCR012,2024-05-01T08:00:00Z,33.55,10.2,980.9,5.84,308.0,0.0,691.1,openmeteo_archive,2026-09-24T16:48:10.249026+00:00
NCR012,2024-05-01T09:00:00Z,33.55,10.3,980.4,6.1,305.0,0.0,661.3,openmeteo_archive,2026-09-24T16:48:10.249026+00:00
NCR012,2024-05-01T10:00:00Z,33.0,11.5,980.0,6.38,302.0,0.0,601.4,openmeteo_archive,2026-09-24T16:48:10.249026+00:00
NCR012,2024-05-01T11:00:00Z,32.35,12.5,979.8,6.19,301.0,0.0,502.1,openmeteo_archive,2026-09-24T16:48:10.249026+00:00
NCR012,2024-05-01T12:00:00Z,31.5,13.0,979.6,5.48,308.0,0.0,347.2,openmeteo_archive,2026-09-24T16:48:10.249026+00:00
NCR012,2024-05-01T13:00:00Z,30.55,11.9,979.6,4.26,321.0,0.0,147.7,openmeteo_archive,2026-09-24T16:48:10.249026+00:00
NCR012,2024-05-01T14:00:00Z,28.25,14.1,980.7,3.7,322.0,0.0,0.0,openmeteo_archive,2026-09-24T16:48:10.249026+00:00
NCR012,2024-05-01T15:00:00Z,26.65,16.7,981.3,2.84,321.0,0.0,0.0,openmeteo_archive,2026-09-24T16:48:10.249026+00:00
NCR012,2024-05-01T16:00:00Z,25.1,19.7,981.5,2.16,304.0,0.0,0.0,openmeteo_archive,2026-09-24T16:48:10.249026+00:00
NCR012,2024-05-01T17:00:00Z,24.8,21.6,982.3,3.55,320.0,0.0,0.0,openmeteo_archive,2026-09-24T16:48:10.249026+00:00
NCR012,2024-05-01T18:00:00Z,23.85,26.0,982.1,2.82,333.0,0.0,0.0,openmeteo_archive,2026-09-24T16:48:10.249026+00:00
NCR012,2024-05-01T19:00:00Z,22.9,29.4,981.6,2.52,326.0,0.0,0.0,openmeteo_archive,2026-09-24T16:48:10.249026+00:00
NCR012,2024-05-01T20:00:00Z,22.05,31.9,981.2,2.94,325.0,0.0,0.0,openmeteo_archive,2026-09-24T16:48:10.249026+00:00
NCR012,2024-05-01T21:00:00Z,21.6,33.4,980.8,2.83,328.0,0.0,0.0,openmeteo_archive,2026-09-24T16:48:10.249026+00:00
NCR012,2024-05-01T22:00:00Z,20.85,35.4,980.8,2.55,318.0,0.0,0.0,openmeteo_archive,2026-09-24T16:48:10.249026+00:00
NCR012,2024-05-01T23:00:00Z,20.3,36.7,980.8,2.69,301.0,0.0,0.0,openmeteo_archive,2026-09-24T16:48:10.249026+00:00
NCR012,2024-05-02T00:00:00Z,19.75,36.9,981.0,2.6,293.0,0.0,0.0,openmeteo_archive,2026-09-24T16:48:10.249026+00:00
NCR012,2024-05-02T01:00:00Z,21.35,38.9,981.8,3.11,303.0,0.0,37.0,openmeteo_archive,2026-09-24T16:48:10.249026+00:00
NCR012,2024-05-02T02:00:00Z,23.75,34.9,982.7,2.92,301.0,0.0,223.3,openmeteo_archive,2026-09-24T16:48:10.249026+00:00
NCR012,2024-05-02T03:00:00Z,26.9,30.0,983.1,3.24,304.0,0.0,414.2,openmeteo_archive,2026-09-24T16:48:10.249026+00:00
NCR012,2024-05-02T04:00:00Z,29.1,24.6,983.8,4.94,306.0,0.0,541.5,openmeteo_archive,2026-09-24T16:48:10.249026+00:00
NCR012,2024-05-02T05:00:00Z,30.85,20.4,983.6,4.24,315.0,0.0,609.4,openmeteo_archive,2026-09-24T16:48:10.249026+00:00
NCR012,2024-05-02T06:00:00Z,32.35,18.3,983.2,3.98,309.0,0.0,634.3,openmeteo_archive,2026-09-24T16:48:10.249026+00:00
NCR012,2024-05-02T07:00:00Z,33.65,16.5,982.7,4.2,308.0,0.0,639.5,openmeteo_archive,2026-09-24T16:48:10.249026+00:00
NCR012,2024-05-02T08:00:00Z,34.7,14.5,982.0,4.4,309.0,0.0,677.8,openmeteo_archive,2026-09-24T16:48:10.249026+00:00
NCR012,2024-05-02T09:00:00Z,35.25,13.4,981.3,4.78,307.0,0.0,649.3,openmeteo_archive,2026-09-24T16:48:10.249026+00:00
NCR012,2024-05-02T10:00:00Z,35.25,14.1,980.5,4.89,311.0,0.0,593.9,openmeteo_archive,2026-09-24T16:48:10.249026+00:00
NCR012,2024-05-02T11:00:00Z,34.85,15.3,980.0,4.74,314.0,0.0,494.3,openmeteo_archive,2026-09-24T16:48:10.249026+00:00
NCR012,2024-05-02T12:00:00Z,34.0,16.0,979.7,4.48,309.0,0.0,340.9,openmeteo_archive,2026-09-24T16:48:10.249026+00:00
NCR012,2024-05-02T13:00:00Z,31.9,19.4,980.6,2.34,310.0,0.0,141.0,openmeteo_archive,2026-09-24T16:48:10.249026+00:00
NCR012,2024-05-02T14:00:00Z,29.6,22.9,981.6,2.64,299.0,0.0,0.0,openmeteo_archive,2026-09-24T16:48:10.249026+00:00
NCR012,2024-05-02T15:00:00Z,27.7,26.4,981.8,2.28,285.0,0.0,0.0,openmeteo_archive,2026-09-24T16:48:10.249026+00:00
NCR012,2024-05-02T16:00:00Z,26.45,29.0,982.2,2.33,301.0,0.0,0.0,openmeteo_archive,2026-09-24T16:48:10.249026+00:00
NCR012,2024-05-02T17:00:00Z,25.85,30.6,982.4,2.47,291.0,0.0,0.0,openmeteo_archive,2026-09-24T16:48:10.249026+00:00
NCR012,2024-05-02T18:00:00Z,25.2,31.6,982.3,2.78,308.0,0.0,0.0,openmeteo_archive,2026-09-24T16:48:10.249026+00:00
NCR012,2024-05-02T19:00:00Z,25.15,30.4,982.0,3.06,322.0,0.0,0.0,openmeteo_archive,2026-09-24T16:48:10.249026+00:00
NCR012,2024-05-02T20:00:00Z,24.3,30.4,981.4,2.42,336.0,0.0,0.0,openmeteo_archive,2026-09-24T16:48:10.249026+00:00
NCR012,2024-05-02T21:00:00Z,22.65,33.3,981.2,1.97,330.0,0.0,0.0,openmeteo_archive,2026-09-24T16:48:10.249026+00:00
NCR012,2024-05-02T22:00:00Z,21.85,34.9,981.1,2.06,321.0,0.0,0.0,openmeteo_archive,2026-09-24T16:48:10.249026+00:00
NCR012,2024-05-02T23:00:00Z,20.8,36.8,981.4,1.94,305.0,0.0,0.0,openmeteo_archive,2026-09-24T16:48:10.249026+00:00
NCR012,2024-05-03T00:00:00Z,20.3,37.7,982.1,1.84,283.0,0.0,0.0,openmeteo_archive,2026-09-24T16:48:10.249026+00:00
NCR012,2024-05-03T01:00:00Z,22.3,38.7,982.6,1.7,273.0,0.0,45.7,openmeteo_archive,2026-09-24T16:48:10.249026+00:00
NCR012,2024-05-03T02:00:00Z,25.0,34.1,983.3,2.22,262.0,0.0,221.3,openmeteo_archive,2026-09-24T16:48:10.249026+00:00
NCR012,2024-05-03T03:00:00Z,28.35,28.4,984.2,2.41,265.0,0.0,408.4,openmeteo_archive,2026-09-24T16:48:10.249026+00:00
NCR012,2024-05-03T04:00:00Z,31.95,23.2,984.5,3.0,272.0,0.0,534.1,openmeteo_archive,2026-09-24T16:48:10.249026+00:00
NCR012,2024-05-03T05:00:00Z,34.75,16.9,984.4,3.64,286.0,0.0,596.1,openmeteo_archive,2026-09-24T16:48:10.249026+00:00
NCR012,2024-05-03T06:00:00Z,36.4,12.8,984.0,5.01,299.0,0.0,638.8,openmeteo_archive,2026-09-24T16:48:10.249026+00:00
NCR012,2024-05-03T07:00:00Z,37.35,11.6,983.2,5.91,304.0,0.0,673.8,openmeteo_archive,2026-09-24T16:48:10.249026+00:00
NCR012,2024-05-03T08:00:00Z,37.8,11.8,982.3,5.96,305.0,0.0,620.8,openmeteo_archive,2026-09-24T16:48:10.249026+00:00
NCR012,2024-05-03T09:00:00Z,38.2,11.1,981.6,5.69,301.0,0.0,592.4,openmeteo_archive,2026-09-24T16:48:10.249026+00:00
NCR012,2024-05-03T10:00:00Z,38.05,10.9,981.1,5.52,302.0,0.0,455.5,openmeteo_archive,2026-09-24T16:48:10.249026+00:00
NCR012,2024-05-03T11:00:00Z,37.6,11.0,981.0,5.39,301.0,0.0,409.1,openmeteo_archive,2026-09-24T16:48:10.249026+00:00
NCR012,2024-05-03T12:00:00Z,36.55,12.0,981.1,4.47,297.0,0.0,117.3,openmeteo_archive,2026-09-24T16:48:10.249026+00:00
NCR012,2024-05-03T13:00:00Z,34.95,13.8,981.8,2.92,308.0,0.0,0.0,openmeteo_archive,2026-09-24T16:48:10.249026+00:00
NCR012,2024-05-03T14:00:00Z,33.75,14.7,982.4,3.91,320.0,0.0,0.0,openmeteo_archive,2026-09-24T16:48:10.249026+00:00
NCR012,2024-05-03T15:00:00Z,32.45,16.0,982.8,3.38,326.0,0.0,0.0,openmeteo_archive,2026-09-24T16:48:10.249026+00:00
NCR012,2024-05-03T16:00:00Z,31.0,17.3,983.1,3.54,331.0,0.0,0.0,openmeteo_archive,2026-09-24T16:48:10.249026+00:00
NCR012,2024-05-03T17:00:00Z,29.9,18.2,983.2,3.26,333.0,0.0,0.0,openmeteo_archive,2026-09-24T16:48:10.249026+00:00
NCR012,2024-05-03T18:00:00Z,29.8,18.3,983.1,3.45,338.0,0.0,0.0,openmeteo_archive,2026-09-24T16:48:10.249026+00:00
NCR012,2024-05-03T19:00:00Z,29.3,19.4,982.5,3.01,345.0,0.0,0.0,openmeteo_archive,2026-09-24T16:48:10.249026+00:00
NCR012,2024-05-03T20:00:00Z,28.15,21.7,982.0,2.67,347.0,0.0,0.0,openmeteo_archive,2026-09-24T16:48:10.249026+00:00
NCR012,2024-05-03T21:00:00Z,28.25,22.2,981.7,2.22,352.0,0.0,0.0,openmeteo_archive,2026-09-24T16:48:10.249026+00:00
NCR012,2024-05-03T22:00:00Z,27.9,23.1,981.7,2.0,357.0,0.0,0.0,openmeteo_archive,2026-09-24T16:48:10.249026+00:00
NCR012,2024-05-03T23:00:00Z,26.6,27.3,981.8,2.35,348.0,0.0,0.0,openmeteo_archive,2026-09-24T16:48:10.249026+00:00
NCR012,2024-05-04T00:00:00Z,26.15,28.8,982.6,1.82,279.0,0.0,0.0,openmeteo_archive,2026-09-24T16:48:10.249026+00:00
NCR012,2024-05-04T01:00:00Z,26.25,30.9,983.9,2.04,281.0,0.0,0.0,openmeteo_archive,2026-09-24T16:48:10.249026+00:00
NCR012,2024-05-04T02:00:00Z,27.8,29.2,984.5,2.63,279.0,0.0,0.0,openmeteo_archive,2026-09-24T16:48:10.249026+00:00
NCR012,2024-05-04T03:00:00Z,30.6,25.5,985.2,2.42,263.0,0.0,66.4,openmeteo_archive,2026-09-24T16:48:10.249026+00:00
NCR012,2024-05-04T04:00:00Z,31.65,23.7,985.4,2.4,287.0,0.0,26.4,openmeteo_archive,2026-09-24T16:48:10.249026+00:00
NCR012,2024-05-04T05:00:00Z,34.5,19.6,985.3,2.59,298.0,0.0,189.5,openmeteo_archive,2026-09-24T16:48:10.249026+00:00
NCR012,2024-05-04T06:00:00Z,38.25,13.2,984.6,2.42,308.0,0.0,590.5,openmeteo_archive,2026-09-24T16:48:10.249026+00:00
NCR012,2024-05-04T07:00:00Z,39.7,9.9,983.7,2.02,303.0,0.0,603.1,openmeteo_archive,2026-09-24T16:48:10.249026+00:00
NCR012,2024-05-04T08:00:00Z,40.55,8.8,982.9,3.03,278.0,0.0,652.4,openmeteo_archive,2026-09-24T16:48:10.249026+00:00
NCR012,2024-05-04T09:00:00Z,40.55,9.2,981.8,3.96,291.0,0.0,628.7,openmeteo_archive,2026-09-24T16:48:10.249026+00:00
NCR012,2024-05-04T10:00:00Z,40.5,9.5,981.1,4.22,306.0,0.0,575.3,openmeteo_archive,2026-09-24T16:48:10.249026+00:00
NCR012,2024-05-04T11:00:00Z,39.8,10.0,980.4,4.55,310.0,0.0,404.9,openmeteo_archive,2026-09-24T16:48:10.249026+00:00
NCR012,2024-05-04T12:00:00Z,39.15,10.2,979.6,3.57,349.0,0.0,296.9,openmeteo_archive,2026-09-24T16:48:10.249026+00:00
NCR012,2024-05-04T13:00:00Z,36.0,12.8,979.8,3.37,12.0,0.0,122.9,openmeteo_archive,2026-09-24T16:48:10.249026+00:00
NCR012,2024-05-04T14:00:00Z,33.3,15.0,980.0,2.69,318.0,0.0,0.0,openmeteo_archive,2026-09-24T16:48:10.249026+00:00
NCR012,2024-05-04T15:00:00Z,32.15,16.3,980.3,1.36,234.0,0.0,0.0,openmeteo_archive,2026-09-24T16:48:10.249026+00:00
NCR012,2024-05-04T16:00:00Z,29.4,21.3,980.6,2.25,249.0,0.0,0.0,openmeteo_archive,2026-09-24T16:48:10.249026+00:00
NCR012,2024-05-04T17:00:00Z,28.3,23.1,980.7,2.3,270.0,0.0,0.0,openmeteo_archive,2026-09-24T16:48:10.249026+00:00
NCR012,2024-05-04T18:00:00Z,27.7,23.8,980.3,2.18,286.0,0.0,0.0,openmeteo_archive,2026-09-24T16:48:10.249026+00:00
NCR012,2024-05-04T19:00:00Z,26.35,27.6,979.1,2.6,268.0,0.0,0.0,openmeteo_archive,2026-09-24T16:48:10.249026+00:00
NCR012,2024-05-04T20:00:00Z,27.3,25.3,979.3,1.51,8.0,0.0,0.0,openmeteo_archive,2026-09-24T16:48:10.249026+00:00
NCR012,2024-05-04T21:00:00Z,25.2,29.7,978.4,2.33,227.0,0.0,0.0,openmeteo_archive,2026-09-24T16:48:10.249026+00:00
NCR012,2024-05-04T22:00:00Z,25.25,29.4,978.1,2.2,300.0,0.0,0.0,openmeteo_archive,2026-09-24T16:48:10.249026+00:00
NCR012,2024-05-04T23:00:00Z,24.9,30.4,978.2,2.06,284.0,0.0,0.0,openmeteo_archive,2026-09-24T16:48:10.249026+00:00
NCR012,2024-05-05T00:00:00Z,24.35,32.2,978.5,2.01,297.0,0.0,0.0,openmeteo_archive,2026-09-24T16:48:10.249026+00:00
NCR012,2024-05-05T01:00:00Z,28.0,30.5,979.0,3.57,288.0,0.0,35.7,openmeteo_archive,2026-09-24T16:48:10.249026+00:00
NCR012,2024-05-05T02:00:00Z,30.25,30.9,979.5,3.7,289.0,0.0,203.8,openmeteo_archive,2026-09-24T16:48:10.249026+00:00
NCR012,2024-05-05T03:00:00Z,32.9,28.4,980.1,3.81,293.0,0.0,384.9,openmeteo_archive,2026-09-24T16:48:10.249026+00:00
NCR012,2024-05-05T04:00:00Z,35.75,21.4,980.5,4.47,304.0,0.0,509.4,openmeteo_archive,2026-09-24T16:48:10.249026+00:00
NCR012,2024-05-05T05:00:00Z,38.05,15.2,980.3,4.38,315.0,0.0,586.8,openmeteo_archive,2026-09-24T16:48:10.249026+00:00
NCR012,2024-05-05T06:00:00Z,40.1,10.4,979.7,3.72,329.0,0.0,632.8,openmeteo_archive,2026-09-24T16:48:10.249026+00:00
NCR012,2024-05-05T07:00:00Z,41.0,10.7,979.0,2.95,332.0,0.0,652.8,openmeteo_archive,2026-09-24T16:48:10.249026+00:00
NCR012,2024-05-05T08:00:00Z,41.4,10.6,978.3,2.76,316.0,0.0,648.6,openmeteo_archive,2026-09-24T16:48:10.249026+00:00
NCR012,2024-05-05T09:00:00Z,41.55,11.0,977.4,3.08,306.0,0.0,621.3,openmeteo_archive,2026-09-24T16:48:10.249026+00:00
NCR012,2024-05-05T10:00:00Z,41.3,11.5,976.8,4.3,301.0,0.0,561.5,openmeteo_archive,2026-09-24T16:48:10.249026+00:00
NCR012,2024-05-05T11:00:00Z,40.3,11.8,976.4,5.56,300.0,0.0,468.1,openmeteo_archive,2026-09-24T16:48:10.249026+00:00
NCR012,2024-05-05T12:00:00Z,39.4,12.4,976.7,4.79,299.0,0.0,320.0,openmeteo_archive,2026-09-24T16:48:10.249026+00:00
NCR012,2024-05-05T13:00:00Z,37.2,16.2,976.9,2.64,299.0,0.0,126.8,openmeteo_archive,2026-09-24T16:48:10.249026+00:00
NCR012,2024-05-05T14:00:00Z,35.5,17.0,977.4,4.1,326.0,0.0,0.0,openmeteo_archive,2026-09-24T16:48:10.249026+00:00
NCR012,2024-05-05T15:00:00Z,35.05,16.9,978.0,5.28,331.0,0.0,0.0,openmeteo_archive,2026-09-24T16:48:10.249026+00:00
NCR012,2024-05-05T16:00:00Z,33.7,18.3,978.5,4.46,344.0,0.0,0.0,openmeteo_archive,2026-09-24T16:48:10.249026+00:00
NCR012,2024-05-05T17:00:00Z,32.15,20.0,978.8,3.23,344.0,0.0,0.0,openmeteo_archive,2026-09-24T16:48:10.249026+00:00
NCR012,2024-05-05T18:00:00Z,30.75,21.2,979.1,2.79,339.0,0.0,0.0,openmeteo_archive,2026-09-24T16:48:10.249026+00:00
NCR012,2024-05-05T19:00:00Z,29.65,22.1,978.9,2.4,343.0,0.0,0.0,openmeteo_archive,2026-09-24T16:48:10.249026+00:00
NCR012,2024-05-05T20:00:00Z,28.3,24.2,978.6,2.1,357.0,0.0,0.0,openmeteo_archive,2026-09-24T16:48:10.249026+00:00
NCR012,2024-05-05T21:00:00Z,26.95,28.0,978.5,3.04,351.0,0.0,0.0,openmeteo_archive,2026-09-24T16:48:10.249026+00:00
NCR012,2024-05-05T22:00:00Z,26.35,30.1,978.8,2.69,301.0,0.0,0.0,openmeteo_archive,2026-09-24T16:48:10.249026+00:00
NCR012,2024-05-05T23:00:00Z,26.05,31.1,979.3,2.04,281.0,0.0,0.0,openmeteo_archive,2026-09-24T16:48:10.249026+00:00
NCR012,2024-05-06T00:00:00Z,25.35,34.3,979.6,2.69,301.0,0.0,0.0,openmeteo_archive,2026-09-24T16:48:10.249026+00:00
NCR012,2024-05-06T01:00:00Z,27.45,33.1,980.9,1.3,266.0,0.0,44.2,openmeteo_archive,2026-09-24T16:48:10.249026+00:00
NCR012,2024-05-06T02:00:00Z,29.95,30.1,981.9,1.87,254.0,0.0,205.6,openmeteo_archive,2026-09-24T16:48:10.249026+00:00
NCR012,2024-05-06T03:00:00Z,32.65,26.0,982.7,2.02,279.0,0.0,381.4,openmeteo_archive,2026-09-24T16:48:10.249026+00:00
NCR012,2024-05-06T04:00:00Z,35.35,22.9,983.1,2.25,291.0,0.0,502.4,openmeteo_archive,2026-09-24T16:48:10.249026+00:00
NCR012,2024-05-06T05:00:00Z,37.7,19.5,983.1,2.69,315.0,0.0,578.6,openmeteo_archive,2026-09-24T16:48:10.249026+00:00
NCR012,2024-05-06T06:00:00Z,39.45,15.6,982.8,3.82,315.0,0.0,624.4,openmeteo_archive,2026-09-24T16:48:10.249026+00:00
NCR012,2024-05-06T07:00:00Z,40.1,14.0,982.2,5.06,308.0,0.0,590.6,openmeteo_archive,2026-09-24T16:48:10.249026+00:00
NCR012,2024-05-06T08:00:00Z,40.35,13.4,981.4,5.5,307.0,0.0,599.1,openmeteo_archive,2026-09-24T16:48:10.249026+00:00
NCR012,2024-05-06T09:00:00Z,40.5,13.4,980.5,5.28,307.0,0.0,593.7,openmeteo_archive,2026-09-24T16:48:10.249026+00:00
NCR012,2024-05-06T10:00:00Z,40.5,13.5,979.7,5.22,302.0,0.0,541.4,openmeteo_archive,2026-09-24T16:48:10.249026+00:00
NCR012,2024-05-06T11:00:00Z,39.85,13.6,979.2,6.44,303.0,0.0,395.0,openmeteo_archive,2026-09-24T16:48:10.249026+00:00
NCR012,2024-05-06T12:00:00Z,38.9,14.7,979.4,6.02,302.0,0.0,231.9,openmeteo_archive,2026-09-24T16:48:10.249026+00:00
NCR012,2024-05-06T13:00:00Z,37.15,16.5,979.5,2.9,314.0,0.0,115.6,openmeteo_archive,2026-09-24T16:48:10.249026+00:00
NCR012,2024-05-06T14:00:00Z,34.65,18.8,979.9,3.11,312.0,0.0,0.0,openmeteo_archive,2026-09-24T16:48:10.249026+00:00
NCR012,2024-05-06T15:00:00Z,33.6,19.5,980.5,2.69,315.0,0.0,0.0,openmeteo_archive,2026-09-24T16:48:10.249026+00:00
NCR012,2024-05-06T16:00:00Z,32.3,21.0,980.9,2.73,332.0,0.0,0.0,openmeteo_archive,2026-09-24T16:48:10.249026+00:00
NCR012,2024-05-06T17:00:00Z,32.35,20.7,981.0,3.36,337.0,0.0,0.0,openmeteo_archive,2026-09-24T16:48:10.249026+00:00
NCR012,2024-05-06T18:00:00Z,31.7,21.7,981.3,3.28,348.0,0.0,0.0,openmeteo_archive,2026-09-24T16:48:10.249026+00:00
NCR012,2024-05-06T19:00:00Z,30.65,23.0,980.8,3.03,8.0,0.0,0.0,openmeteo_archive,2026-09-24T16:48:10.249026+00:00
NCR012,2024-05-06T20:00:00Z,29.6,24.5,980.3,2.75,10.0,0.0,0.0,openmeteo_archive,2026-09-24T16:48:10.249026+00:00
NCR012,2024-05-06T21:00:00Z,28.25,27.2,980.1,2.0,3.0,0.0,0.0,openmeteo_archive,2026-09-24T16:48:10.249026+00:00
NCR012,2024-05-06T22:00:00Z,27.3,30.5,980.5,1.5,274.0,0.0,0.0,openmeteo_archive,2026-09-24T16:48:10.249026+00:00
NCR012,2024-05-06T23:00:00Z,28.5,27.6,981.3,1.39,69.0,0.0,0.0,openmeteo_archive,2026-09-24T16:48:10.249026+00:00
NCR012,2024-05-07T00:00:00Z,25.5,33.7,981.1,2.63,81.0,0.0,0.0,openmeteo_archive,2026-09-24T16:48:10.249026+00:00
NCR012,2024-05-07T01:00:00Z,28.3,32.2,982.0,1.71,111.0,0.0,43.8,openmeteo_archive,2026-09-24T16:48:10.249026+00:00
NCR012,2024-05-07T02:00:00Z,31.1,28.8,982.9,1.72,126.0,0.0,200.7,openmeteo_archive,2026-09-24T16:48:10.249026+00:00
NCR012,2024-05-07T03:00:00Z,34.6,23.9,983.5,1.08,158.0,0.0,382.0,openmeteo_archive,2026-09-24T16:48:10.249026+00:00
NCR012,2024-05-07T04:00:00Z,37.75,20.3,984.0,1.22,189.0,0.0,464.8,openmeteo_archive,2026-09-24T16:48:10.249026+00:00
NCR012,2024-05-07T05:00:00Z,40.4,14.6,983.8,1.9,252.0,0.0,528.4,openmeteo_archive,2026-09-24T16:48:10.249026+00:00
NCR012,2024-05-07T06:00:00Z,41.0,13.4,983.8,3.69,311.0,0.0,391.8,openmeteo_archive,2026-09-24T16:48:10.249026+00:00
NCR012,2024-05-07T07:00:00Z,40.7,13.4,983.3,4.14,323.0,0.0,290.9,openmeteo_archive,2026-09-24T16:48:10.249026+00:00
NCR012,2024-05-07T08:00:00Z,41.6,13.2,982.4,4.25,319.0,0.0,495.9,openmeteo_archive,2026-09-24T16:48:10.249026+00:00
NCR012,2024-05-07T09:00:00Z,41.65,12.5,981.5,4.97,310.0,0.0,562.9,openmeteo_archive,2026-09-24T16:48:10.249026+00:00
NCR012,2024-05-07T10:00:00Z,41.65,11.9,980.9,5.08,302.0,0.0,531.6,openmeteo_archive,2026-09-24T16:48:10.249026+00:00
NCR012,2024-05-07T11:00:00Z,41.25,12.5,980.9,3.99,292.0,0.0,466.1,openmeteo_archive,2026-09-24T16:48:10.249026+00:00
NCR012,2024-05-07T12:00:00Z,38.65,19.2,981.1,5.36,53.0,0.0,284.0,openmeteo_archive,2026-09-24T16:48:10.249026+00:00
NCR012,2024-05-07T13:00:00Z,37.9,17.5,980.8,3.44,64.0,0.0,114.6,openmeteo_archive,2026-09-24T16:48:10.249026+00:00
NCR012,2024-05-07T14:00:00Z,35.0,24.3,981.4,4.8,90.0,0.0,0.0,openmeteo_archive,2026-09-24T16:48:10.249026+00:00
NCR012,2024-05-07T15:00:00Z,33.75,29.5,982.3,3.98,78.0,0.0,0.0,openmeteo_archive,2026-09-24T16:48:10.249026+00:00
NCR012,2024-05-07T16:00:00Z,32.5,35.3,982.8,3.67,101.0,0.0,0.0,openmeteo_archive,2026-09-24T16:48:10.249026+00:00
NCR012,2024-05-07T17:00:00Z,31.15,40.1,983.3,3.14,99.0,0.0,0.0,openmeteo_archive,2026-09-24T16:48:10.249026+00:00
NCR012,2024-05-07T18:00:00Z,30.2,43.2,983.6,3.04,134.0,0.0,0.0,openmeteo_archive,2026-09-24T16:48:10.249026+00:00
NCR012,2024-05-07T19:00:00Z,29.55,45.2,983.0,3.22,144.0,0.0,0.0,openmeteo_archive,2026-09-24T16:48:10.249026+00:00
NCR012,2024-05-07T20:00:00Z,28.8,46.2,982.6,2.42,142.0,0.0,0.0,openmeteo_archive,2026-09-24T16:48:10.249026+00:00
NCR012,2024-05-07T21:00:00Z,27.65,49.2,982.7,1.9,93.0,0.0,0.0,openmeteo_archive,2026-09-24T16:48:10.249026+00:00
NCR012,2024-05-07T22:00:00Z,27.6,49.5,982.7,2.55,116.0,0.0,0.0,openmeteo_archive,2026-09-24T16:48:10.249026+00:00
NCR012,2024-05-07T23:00:00Z,26.9,51.5,983.1,2.05,137.0,0.0,0.0,openmeteo_archive,2026-09-24T16:48:10.249026+00:00
NCR013,2024-05-01T00:00:00Z,21.8,22.5,981.1,4.04,318.0,0.0,0.0,openmeteo_archive,2026-09-24T16:48:10.443695+00:00
NCR013,2024-05-01T01:00:00Z,23.4,30.7,982.5,4.56,322.0,0.0,37.8,openmeteo_archive,2026-09-24T16:48:10.443695+00:00
NCR013,2024-05-01T02:00:00Z,24.95,30.5,983.2,3.77,328.0,0.0,219.1,openmeteo_archive,2026-09-24T16:48:10.443695+00:00
NCR013,2024-05-01T03:00:00Z,26.95,28.8,983.6,4.25,330.0,0.0,409.6,openmeteo_archive,2026-09-24T16:48:10.443695+00:00
NCR013,2024-05-01T04:00:00Z,29.35,25.5,984.3,4.81,339.0,0.0,538.6,openmeteo_archive,2026-09-24T16:48:10.443695+00:00
NCR013,2024-05-01T05:00:00Z,31.55,20.8,984.2,5.07,338.0,0.0,615.7,openmeteo_archive,2026-09-24T16:48:10.443695+00:00
NCR013,2024-05-01T06:00:00Z,33.3,16.4,983.9,4.66,329.0,0.0,660.9,openmeteo_archive,2026-09-24T16:48:10.443695+00:00
NCR013,2024-05-01T07:00:00Z,34.35,13.2,983.2,4.55,320.0,0.0,682.2,openmeteo_archive,2026-09-24T16:48:10.443695+00:00
NCR013,2024-05-01T08:00:00Z,34.95,10.8,982.7,4.83,310.0,0.0,678.5,openmeteo_archive,2026-09-24T16:48:10.443695+00:00
NCR013,2024-05-01T09:00:00Z,35.1,9.5,982.0,5.16,306.0,0.0,651.9,openmeteo_archive,2026-09-24T16:48:10.443695+00:00
NCR013,2024-05-01T10:00:00Z,34.8,9.4,981.4,5.14,307.0,0.0,595.5,openmeteo_archive,2026-09-24T16:48:10.443695+00:00
NCR013,2024-05-01T11:00:00Z,34.5,8.9,981.2,4.38,315.0,0.0,497.7,openmeteo_archive,2026-09-24T16:48:10.443695+00:00
NCR013,2024-05-01T12:00:00Z,33.65,9.0,980.9,4.53,319.0,0.0,339.4,openmeteo_archive,2026-09-24T16:48:10.443695+00:00
NCR013,2024-05-01T13:00:00Z,31.3,10.7,981.0,2.28,299.0,0.0,135.0,openmeteo_archive,2026-09-24T16:48:10.443695+00:00
NCR013,2024-05-01T14:00:00Z,30.2,10.0,982.0,5.31,317.0,0.0,0.0,openmeteo_archive,2026-09-24T16:48:10.443695+00:00
NCR013,2024-05-01T15:00:00Z,29.85,10.5,982.9,6.0,323.0,0.0,0.0,openmeteo_archive,2026-09-24T16:48:10.443695+00:00
NCR013,2024-05-01T16:00:00Z,28.45,13.2,983.4,5.22,328.0,0.0,0.0,openmeteo_archive,2026-09-24T16:48:10.443695+00:00
NCR013,2024-05-01T17:00:00Z,27.45,15.3,983.8,4.84,330.0,0.0,0.0,openmeteo_archive,2026-09-24T16:48:10.443695+00:00
NCR013,2024-05-01T18:00:00Z,26.65,17.0,983.5,4.39,330.0,0.0,0.0,openmeteo_archive,2026-09-24T16:48:10.443695+00:00
NCR013,2024-05-01T19:00:00Z,25.6,19.2,983.3,4.61,336.0,0.0,0.0,openmeteo_archive,2026-09-24T16:48:10.443695+00:00
NCR013,2024-05-01T20:00:00Z,24.35,23.8,983.0,4.06,350.0,0.0,0.0,openmeteo_archive,2026-09-24T16:48:10.443695+00:00
NCR013,2024-05-01T21:00:00Z,23.2,27.0,982.8,3.35,343.0,0.0,0.0,openmeteo_archive,2026-09-24T16:48:10.443695+00:00
NCR013,2024-05-01T22:00:00Z,22.1,30.0,982.8,2.68,333.0,0.0,0.0,openmeteo_archive,2026-09-24T16:48:10.443695+00:00
NCR013,2024-05-01T23:00:00Z,21.3,32.4,983.0,2.5,323.0,0.0,0.0,openmeteo_archive,2026-09-24T16:48:10.443695+00:00
NCR013,2024-05-02T00:00:00Z,20.6,33.8,983.4,2.4,315.0,0.0,0.0,openmeteo_archive,2026-09-24T16:48:10.443695+00:00
NCR013,2024-05-02T01:00:00Z,22.3,34.6,984.3,2.2,321.0,0.0,37.3,openmeteo_archive,2026-09-24T16:48:10.443695+00:00
NCR013,2024-05-02T02:00:00Z,24.5,31.7,985.2,1.8,267.0,0.0,217.1,openmeteo_archive,2026-09-24T16:48:10.443695+00:00
NCR013,2024-05-02T03:00:00Z,27.2,26.9,985.8,2.6,268.0,0.0,405.8,openmeteo_archive,2026-09-24T16:48:10.443695+00:00
NCR013,2024-05-02T04:00:00Z,29.55,23.2,986.3,3.38,289.0,0.0,534.2,openmeteo_archive,2026-09-24T16:48:10.443695+00:00
NCR013,2024-05-02T05:00:00Z,31.2,20.3,986.0,3.85,295.0,0.0,615.8,openmeteo_archive,2026-09-24T16:48:10.443695+00:00
NCR013,2024-05-02T06:00:00Z,32.75,18.0,985.4,3.76,295.0,0.0,658.9,openmeteo_archive,2026-09-24T16:48:10.443695+00:00
NCR013,2024-05-02T07:00:00Z,34.05,16.1,984.8,3.94,297.0,0.0,676.3,openmeteo_archive,2026-09-24T16:48:10.443695+00:00
NCR013,2024-05-02T08:00:00Z,35.05,14.7,984.1,4.03,300.0,0.0,666.3,openmeteo_archive,2026-09-24T16:48:10.443695+00:00
NCR013,2024-05-02T09:00:00Z,35.65,13.8,983.1,4.08,306.0,0.0,619.7,openmeteo_archive,2026-09-24T16:48:10.443695+00:00
NCR013,2024-05-02T10:00:00Z,35.85,13.0,982.4,3.91,310.0,0.0,549.2,openmeteo_archive,2026-09-24T16:48:10.443695+00:00
NCR013,2024-05-02T11:00:00Z,35.75,12.1,981.8,3.72,324.0,0.0,488.3,openmeteo_archive,2026-09-24T16:48:10.443695+00:00
NCR013,2024-05-02T12:00:00Z,34.9,12.2,981.7,3.8,333.0,0.0,333.2,openmeteo_archive,2026-09-24T16:48:10.443695+00:00
NCR013,2024-05-02T13:00:00Z,32.35,15.4,982.4,2.31,5.0,0.0,133.7,openmeteo_archive,2026-09-24T16:48:10.443695+00:00
NCR013,2024-05-02T14:00:00Z,30.15,17.0,983.3,2.72,6.0,0.0,0.0,openmeteo_archive,2026-09-24T16:48:10.443695+00:00
NCR013,2024-05-02T15:00:00Z,29.6,19.0,984.0,3.13,7.0,0.0,0.0,openmeteo_archive,2026-09-24T16:48:10.443695+00:00
NCR013,2024-05-02T16:00:00Z,28.35,22.3,984.4,2.61,4.0,0.0,0.0,openmeteo_archive,2026-09-24T16:48:10.443695+00:00
NCR013,2024-05-02T17:00:00Z,27.3,24.8,984.3,2.3,358.0,0.0,0.0,openmeteo_archive,2026-09-24T16:48:10.443695+00:00
NCR013,2024-05-02T18:00:00Z,25.65,28.6,984.1,2.46,333.0,0.0,0.0,openmeteo_archive,2026-09-24T16:48:10.443695+00:00
NCR013,2024-05-02T19:00:00Z,24.45,31.0,983.9,1.82,279.0,0.0,0.0,openmeteo_archive,2026-09-24T16:48:10.443695+00:00
NCR013,2024-05-02T20:00:00Z,23.35,33.4,983.5,2.01,276.0,0.0,0.0,openmeteo_archive,2026-09-24T16:48:10.443695+00:00
NCR013,2024-05-02T21:00:00Z,22.75,34.8,983.5,2.06,284.0,0.0,0.0,openmeteo_archive,2026-09-24T16:48:10.443695+00:00
NCR013,2024-05-02T22:00:00Z,22.05,36.0,983.5,2.34,290.0,0.0,0.0,openmeteo_archive,2026-09-24T16:48:10.443695+00:00
NCR013,2024-05-02T23:00:00Z,21.45,36.6,983.7,2.09,287.0,0.0,0.0,openmeteo_archive,2026-09-24T16:48:10.443695+00:00
NCR013,2024-05-03T00:00:00Z,21.1,36.3,984.5,1.92,298.0,0.0,0.0,openmeteo_archive,2026-09-24T16:48:10.443695+00:00
NCR013,2024-05-03T01:00:00Z,23.3,34.8,984.9,2.01,297.0,0.0,36.9,openmeteo_archive,2026-09-24T16:48:10.443695+00:00
NCR013,2024-05-03T02:00:00Z,26.15,30.4,985.7,2.16,283.0,0.0,208.2,openmeteo_archive,2026-09-24T16:48:10.443695+00:00
NCR013,2024-05-03T03:00:00Z,29.75,25.5,986.5,1.91,276.0,0.0,400.0,openmeteo_archive,2026-09-24T16:48:10.443695+00:00
NCR013,2024-05-03T04:00:00Z,33.05,20.0,986.9,2.5,286.0,0.0,528.4,openmeteo_archive,2026-09-24T16:48:10.443695+00:00
NCR013,2024-05-03T05:00:00Z,35.55,14.4,986.8,3.14,301.0,0.0,606.2,openmeteo_archive,2026-09-24T16:48:10.443695+00:00
NCR013,2024-05-03T06:00:00Z,37.1,10.5,986.2,4.08,306.0,0.0,651.6,openmeteo_archive,2026-09-24T16:48:10.443695+00:00
NCR013,2024-05-03T07:00:00Z,38.0,10.0,985.2,3.89,314.0,0.0,663.3,openmeteo_archive,2026-09-24T16:48:10.443695+00:00
NCR013,2024-05-03T08:00:00Z,38.7,9.8,984.4,3.47,314.0,0.0,637.6,openmeteo_archive,2026-09-24T16:48:10.443695+00:00
NCR013,2024-05-03T09:00:00Z,39.15,9.4,983.5,3.48,321.0,0.0,631.4,openmeteo_archive,2026-09-24T16:48:10.443695+00:00
NCR013,2024-05-03T10:00:00Z,39.05,9.4,983.1,3.56,322.0,0.0,553.6,openmeteo_archive,2026-09-24T16:48:10.443695+00:00
NCR013,2024-05-03T11:00:00Z,38.65,9.6,982.8,3.28,322.0,0.0,360.1,openmeteo_archive,2026-09-24T16:48:10.443695+00:00
NCR013,2024-05-03T12:00:00Z,37.4,11.7,983.0,1.75,329.0,0.0,86.1,openmeteo_archive,2026-09-24T16:48:10.443695+00:00
NCR013,2024-05-03T13:00:00Z,35.35,16.4,983.3,1.79,27.0,0.0,10.6,openmeteo_archive,2026-09-24T16:48:10.443695+00:00
NCR013,2024-05-03T14:00:00Z,32.7,15.9,983.9,2.28,29.0,0.0,0.0,openmeteo_archive,2026-09-24T16:48:10.443695+00:00
NCR013,2024-05-03T15:00:00Z,31.25,17.1,984.6,2.4,17.0,0.0,0.0,openmeteo_archive,2026-09-24T16:48:10.443695+00:00
NCR013,2024-05-03T16:00:00Z,28.75,20.4,984.9,3.04,9.0,0.0,0.0,openmeteo_archive,2026-09-24T16:48:10.443695+00:00
NCR013,2024-05-03T17:00:00Z,28.5,20.3,985.2,2.82,343.0,0.0,0.0,openmeteo_archive,2026-09-24T16:48:10.443695+00:00
NCR013,2024-05-03T18:00:00Z,27.05,21.8,985.1,2.91,319.0,0.0,0.0,openmeteo_archive,2026-09-24T16:48:10.443695+00:00
NCR013,2024-05-03T19:00:00Z,28.25,19.8,984.5,1.94,305.0,0.0,0.0,openmeteo_archive,2026-09-24T16:48:10.443695+00:00
NCR013,2024-05-03T20:00:00Z,26.6,22.3,984.1,1.91,317.0,0.0,0.0,openmeteo_archive,2026-09-24T16:48:10.443695+00:00
NCR013,2024-05-03T21:00:00Z,26.55,22.6,983.9,1.8,326.0,0.0,0.0,openmeteo_archive,2026-09-24T16:48:10.443695+00:00
NCR013,2024-05-03T22:00:00Z,26.15,23.6,983.9,1.77,313.0,0.0,0.0,openmeteo_archive,2026-09-24T16:48:10.443695+00:00
NCR013,2024-05-03T23:00:00Z,25.65,25.1,984.2,1.97,300.0,0.0,0.0,openmeteo_archive,2026-09-24T16:48:10.443695+00:00
NCR013,2024-05-04T00:00:00Z,25.5,25.1,984.6,1.52,293.0,0.0,0.0,openmeteo_archive,2026-09-24T16:48:10.443695+00:00
NCR013,2024-05-04T01:00:00Z,27.05,25.6,986.2,1.48,298.0,0.0,0.0,openmeteo_archive,2026-09-24T16:48:10.443695+00:00
NCR013,2024-05-04T02:00:00Z,29.3,23.8,986.8,1.49,290.0,0.0,59.5,openmeteo_archive,2026-09-24T16:48:10.443695+00:00
NCR013,2024-05-04T03:00:00Z,31.7,21.9,987.5,1.0,307.0,0.0,80.5,openmeteo_archive,2026-09-24T16:48:10.443695+00:00
NCR013,2024-05-04T04:00:00Z,33.5,19.5,987.4,0.8,360.0,0.0,99.6,openmeteo_archive,2026-09-24T16:48:10.443695+00:00
NCR013,2024-05-04T05:00:00Z,36.1,16.3,987.5,0.82,256.0,0.0,350.1,openmeteo_archive,2026-09-24T16:48:10.443695+00:00
NCR013,2024-05-04T06:00:00Z,37.75,13.3,987.0,1.5,266.0,0.0,324.3,openmeteo_archive,2026-09-24T16:48:10.443695+00:00
NCR013,2024-05-04T07:00:00Z,38.15,11.9,986.2,1.62,292.0,0.0,147.5,openmeteo_archive,2026-09-24T16:48:10.443695+00:00
NCR013,2024-05-04T08:00:00Z,38.95,10.2,985.3,1.75,283.0,0.0,219.9,openmeteo_archive,2026-09-24T16:48:10.443695+00:00
NCR013,2024-05-04T09:00:00Z,39.95,9.2,984.2,2.3,272.0,0.0,428.3,openmeteo_archive,2026-09-24T16:48:10.443695+00:00
NCR013,2024-05-04T10:00:00Z,40.0,8.7,983.4,2.65,281.0,0.0,319.8,openmeteo_archive,2026-09-24T16:48:10.443695+00:00
NCR013,2024-05-04T11:00:00Z,40.05,8.3,982.5,2.05,313.0,0.0,158.3,openmeteo_archive,2026-09-24T16:48:10.443695+00:00
NCR013,2024-05-04T12:00:00Z,38.75,11.1,982.1,1.7,267.0,0.0,76.0,openmeteo_archive,2026-09-24T16:48:10.443695+00:00
NCR013,2024-05-04T13:00:00Z,34.95,12.2,982.3,2.09,287.0,0.0,73.5,openmeteo_archive,2026-09-24T16:48:10.443695+00:00
NCR013,2024-05-04T14:00:00Z,32.45,12.4,982.4,2.6,272.0,0.0,0.0,openmeteo_archive,2026-09-24T16:48:10.443695+00:00
NCR013,2024-05-04T15:00:00Z,32.25,11.0,982.7,3.13,253.0,0.0,0.0,openmeteo_archive,2026-09-24T16:48:10.443695+00:00
NCR013,2024-05-04T16:00:00Z,31.3,11.6,982.9,2.94,235.0,0.0,0.0,openmeteo_archive,2026-09-24T16:48:10.443695+00:00
NCR013,2024-05-04T17:00:00Z,30.75,12.4,982.8,3.02,236.0,0.0,0.0,openmeteo_archive,2026-09-24T16:48:10.443695+00:00
NCR013,2024-05-04T18:00:00Z,30.55,13.3,982.4,3.23,248.0,0.0,0.0,openmeteo_archive,2026-09-24T16:48:10.443695+00:00
NCR013,2024-05-04T19:00:00Z,30.3,14.4,981.6,3.81,265.0,0.0,0.0,openmeteo_archive,2026-09-24T16:48:10.443695+00:00
NCR013,2024-05-04T20:00:00Z,29.6,16.0,981.3,3.8,268.0,0.0,0.0,openmeteo_archive,2026-09-24T16:48:10.443695+00:00
NCR013,2024-05-04T21:00:00Z,29.35,18.0,980.9,3.82,264.0,0.0,0.0,openmeteo_archive,2026-09-24T16:48:10.443695+00:00
NCR013,2024-05-04T22:00:00Z,29.0,23.3,980.6,3.54,262.0,0.0,0.0,openmeteo_archive,2026-09-24T16:48:10.443695+00:00
NCR013,2024-05-04T23:00:00Z,28.1,27.6,980.6,3.26,252.0,0.0,0.0,openmeteo_archive,2026-09-24T16:48:10.443695+00:00
NCR013,2024-05-05T00:00:00Z,27.05,31.0,981.1,2.2,267.0,0.0,0.0,openmeteo_archive,2026-09-24T16:48:10.443695+00:00
NCR013,2024-05-05T01:00:00Z,29.1,27.8,981.5,3.14,261.0,0.0,36.1,openmeteo_archive,2026-09-24T16:48:10.443695+00:00
NCR013,2024-05-05T02:00:00Z,31.45,24.5,982.0,3.67,259.0,0.0,194.4,openmeteo_archive,2026-09-24T16:48:10.443695+00:00
NCR013,2024-05-05T03:00:00Z,34.3,21.6,982.5,4.37,281.0,0.0,372.8,openmeteo_archive,2026-09-24T16:48:10.443695+00:00
NCR013,2024-05-05T04:00:00Z,36.85,20.0,982.6,4.75,285.0,0.0,495.1,openmeteo_archive,2026-09-24T16:48:10.443695+00:00
NCR013,2024-05-05T05:00:00Z,38.8,18.0,982.2,4.97,300.0,0.0,565.8,openmeteo_archive,2026-09-24T16:48:10.443695+00:00
NCR013,2024-05-05T06:00:00Z,40.2,16.2,981.6,4.34,308.0,0.0,582.4,openmeteo_archive,2026-09-24T16:48:10.443695+00:00
NCR013,2024-05-05T07:00:00Z,41.0,15.2,980.9,3.74,304.0,0.0,556.5,openmeteo_archive,2026-09-24T16:48:10.443695+00:00
NCR013,2024-05-05T08:00:00Z,41.35,14.8,980.2,3.67,296.0,0.0,528.6,openmeteo_archive,2026-09-24T16:48:10.443695+00:00
NCR013,2024-05-05T09:00:00Z,41.55,14.5,979.2,3.37,282.0,0.0,529.5,openmeteo_archive,2026-09-24T16:48:10.443695+00:00
NCR013,2024-05-05T10:00:00Z,41.7,14.2,978.5,3.5,270.0,0.0,470.6,openmeteo_archive,2026-09-24T16:48:10.443695+00:00
NCR013,2024-05-05T11:00:00Z,41.2,14.4,978.0,4.1,271.0,0.0,399.8,openmeteo_archive,2026-09-24T16:48:10.443695+00:00
NCR013,2024-05-05T12:00:00Z,40.15,14.8,978.0,4.0,269.0,0.0,217.3,openmeteo_archive,2026-09-24T16:48:10.443695+00:00
NCR013,2024-05-05T13:00:00Z,37.55,17.2,978.5,1.97,294.0,0.0,109.2,openmeteo_archive,2026-09-24T16:48:10.443695+00:00
NCR013,2024-05-05T14:00:00Z,35.4,17.8,978.8,2.28,247.0,0.0,0.0,openmeteo_archive,2026-09-24T16:48:10.443695+00:00
NCR013,2024-05-05T15:00:00Z,34.75,19.1,979.5,3.03,262.0,0.0,0.0,openmeteo_archive,2026-09-24T16:48:10.443695+00:00
NCR013,2024-05-05T16:00:00Z,31.9,24.2,980.2,2.12,278.0,0.0,0.0,openmeteo_archive,2026-09-24T16:48:10.443695+00:00
NCR013,2024-05-05T17:00:00Z,31.75,23.0,980.7,2.61,302.0,0.0,0.0,openmeteo_archive,2026-09-24T16:48:10.443695+00:00
NCR013,2024-05-05T18:00:00Z,31.5,21.4,980.8,2.91,344.0,0.0,0.0,openmeteo_archive,2026-09-24T16:48:10.443695+00:00
NCR013,2024-05-05T19:00:00Z,31.4,20.9,980.5,3.59,347.0,0.0,0.0,openmeteo_archive,2026-09-24T16:48:10.443695+00:00
NCR013,2024-05-05T20:00:00Z,30.05,22.4,980.4,2.66,340.0,0.0,0.0,openmeteo_archive,2026-09-24T16:48:10.443695+00:00
NCR013,2024-05-05T21:00:00Z,28.55,24.4,980.4,2.16,347.0,0.0,0.0,openmeteo_archive,2026-09-24T16:48:10.443695+00:00
NCR013,2024-05-05T22:00:00Z,27.1,26.9,980.9,2.38,345.0,0.0,0.0,openmeteo_archive,2026-09-24T16:48:10.443695+00:00
NCR013,2024-05-05T23:00:00Z,27.95,25.9,981.6,1.84,331.0,0.0,0.0,openmeteo_archive,2026-09-24T16:48:10.443695+00:00
NCR013,2024-05-06T00:00:00Z,26.45,29.1,982.0,1.98,315.0,0.0,0.0,openmeteo_archive,2026-09-24T16:48:10.443695+00:00
NCR013,2024-05-06T01:00:00Z,27.85,29.1,983.3,1.5,270.0,0.0,35.7,openmeteo_archive,2026-09-24T16:48:10.443695+00:00
NCR013,2024-05-06T02:00:00Z,30.15,26.6,984.2,2.24,243.0,0.0,189.5,openmeteo_archive,2026-09-24T16:48:10.443695+00:00
NCR013,2024-05-06T03:00:00Z,32.85,23.6,985.0,1.46,254.0,0.0,365.4,openmeteo_archive,2026-09-24T16:48:10.443695+00:00
NCR013,2024-05-06T04:00:00Z,35.55,21.3,985.3,1.17,290.0,0.0,489.6,openmeteo_archive,2026-09-24T16:48:10.443695+00:00
NCR013,2024-05-06T05:00:00Z,37.8,18.8,985.1,1.08,326.0,0.0,570.9,openmeteo_archive,2026-09-24T16:48:10.443695+00:00
NCR013,2024-05-06T06:00:00Z,39.4,16.3,984.8,2.02,327.0,0.0,616.0,openmeteo_archive,2026-09-24T16:48:10.443695+00:00
NCR013,2024-05-06T07:00:00Z,40.25,14.5,984.2,3.12,320.0,0.0,512.0,openmeteo_archive,2026-09-24T16:48:10.443695+00:00
NCR013,2024-05-06T08:00:00Z,40.75,13.6,983.4,3.61,314.0,0.0,570.6,openmeteo_archive,2026-09-24T16:48:10.443695+00:00
NCR013,2024-05-06T09:00:00Z,41.05,13.1,982.4,3.04,314.0,0.0,590.3,openmeteo_archive,2026-09-24T16:48:10.443695+00:00
NCR013,2024-05-06T10:00:00Z,41.0,13.4,981.5,2.76,314.0,0.0,492.0,openmeteo_archive,2026-09-24T16:48:10.443695+00:00
NCR013,2024-05-06T11:00:00Z,40.85,13.1,980.9,2.5,323.0,0.0,420.3,openmeteo_archive,2026-09-24T16:48:10.443695+00:00
NCR013,2024-05-06T12:00:00Z,40.1,13.3,980.9,3.28,329.0,0.0,272.4,openmeteo_archive,2026-09-24T16:48:10.443695+00:00
NCR013,2024-05-06T13:00:00Z,36.25,19.6,981.2,2.32,263.0,0.0,97.9,openmeteo_archive,2026-09-24T16:48:10.443695+00:00
NCR013,2024-05-06T14:00:00Z,36.55,14.2,981.8,1.7,242.0,0.0,0.0,openmeteo_archive,2026-09-24T16:48:10.443695+00:00
NCR013,2024-05-06T15:00:00Z,36.1,14.1,982.5,0.81,300.0,0.0,0.0,openmeteo_archive,2026-09-24T16:48:10.443695+00:00
NCR013,2024-05-06T16:00:00Z,33.45,17.4,983.1,1.53,281.0,0.0,0.0,openmeteo_archive,2026-09-24T16:48:10.443695+00:00
NCR013,2024-05-06T17:00:00Z,31.75,19.3,983.3,1.75,283.0,0.0,0.0,openmeteo_archive,2026-09-24T16:48:10.443695+00:00
NCR013,2024-05-06T18:00:00Z,32.8,18.2,983.4,1.12,297.0,0.0,0.0,openmeteo_archive,2026-09-24T16:48:10.443695+00:00
NCR013,2024-05-06T19:00:00Z,28.95,25.5,983.0,1.94,305.0,0.0,0.0,openmeteo_archive,2026-09-24T16:48:10.443695+00:00
NCR013,2024-05-06T20:00:00Z,28.3,26.4,982.6,1.71,291.0,0.0,0.0,openmeteo_archive,2026-09-24T16:48:10.443695+00:00
NCR013,2024-05-06T21:00:00Z,27.3,29.1,982.3,2.34,320.0,0.0,0.0,openmeteo_archive,2026-09-24T16:48:10.443695+00:00
NCR013,2024-05-06T22:00:00Z,27.05,29.9,982.5,1.91,354.0,0.0,0.0,openmeteo_archive,2026-09-24T16:48:10.443695+00:00
NCR013,2024-05-06T23:00:00Z,26.2,32.4,982.8,2.41,5.0,0.0,0.0,openmeteo_archive,2026-09-24T16:48:10.443695+00:00
NCR013,2024-05-07T00:00:00Z,25.65,34.8,983.1,2.4,358.0,0.0,0.0,openmeteo_archive,2026-09-24T16:48:10.443695+00:00
NCR013,2024-05-07T01:00:00Z,27.75,33.5,983.9,1.49,318.0,0.0,35.3,openmeteo_archive,2026-09-24T16:48:10.443695+00:00
NCR013,2024-05-07T02:00:00Z,30.6,28.8,985.0,2.28,345.0,0.0,157.3,openmeteo_archive,2026-09-24T16:48:10.443695+00:00
NCR013,2024-05-07T03:00:00Z,34.0,24.9,985.7,1.26,18.0,0.0,258.6,openmeteo_archive,2026-09-24T16:48:10.443695+00:00
NCR013,2024-05-07T04:00:00Z,37.1,20.0,986.2,0.82,14.0,0.0,298.1,openmeteo_archive,2026-09-24T16:48:10.443695+00:00
NCR013,2024-05-07T05:00:00Z,39.75,16.5,985.9,0.86,126.0,0.0,449.1,openmeteo_archive,2026-09-24T16:48:10.443695+00:00
NCR013,2024-05-07T06:00:00Z,41.3,13.3,985.7,0.32,198.0,0.0,554.3,openmeteo_archive,2026-09-24T16:48:10.443695+00:00
NCR013,2024-05-07T07:00:00Z,41.85,12.4,985.0,1.2,275.0,0.0,478.9,openmeteo_archive,2026-09-24T16:48:10.443695+00:00
NCR013,2024-05-07T08:00:00Z,42.55,11.7,984.0,2.15,292.0,0.0,569.0,openmeteo_archive,2026-09-24T16:48:10.443695+00:00
NCR013,2024-05-07T09:00:00Z,42.85,10.9,983.0,2.55,296.0,0.0,574.1,openmeteo_archive,2026-09-24T16:48:10.443695+00:00
NCR013,2024-05-07T10:00:00Z,42.8,10.7,982.2,2.66,304.0,0.0,532.6,openmeteo_archive,2026-09-24T16:48:10.443695+00:00
NCR013,2024-05-07T11:00:00Z,42.4,10.9,982.1,3.18,314.0,0.0,440.8,openmeteo_archive,2026-09-24T16:48:10.443695+00:00
NCR013,2024-05-07T12:00:00Z,41.5,10.9,982.1,3.54,313.0,0.0,160.0,openmeteo_archive,2026-09-24T16:48:10.443695+00:00
NCR013,2024-05-07T13:00:00Z,37.65,17.6,982.0,2.06,293.0,0.0,86.8,openmeteo_archive,2026-09-24T16:48:10.443695+00:00
NCR013,2024-05-07T14:00:00Z,36.1,20.0,983.3,7.29,61.0,0.0,0.0,openmeteo_archive,2026-09-24T16:48:10.443695+00:00
NCR013,2024-05-07T15:00:00Z,34.2,24.9,983.7,3.31,87.0,0.0,0.0,openmeteo_archive,2026-09-24T16:48:10.443695+00:00
NCR013,2024-05-07T16:00:00Z,32.5,31.0,984.8,3.67,73.0,0.0,0.0,openmeteo_archive,2026-09-24T16:48:10.443695+00:00
NCR013,2024-05-07T17:00:00Z,31.55,34.6,985.1,3.6,90.0,0.0,0.0,openmeteo_archive,2026-09-24T16:48:10.443695+00:00
NCR013,2024-05-07T18:00:00Z,30.5,38.8,985.6,2.72,96.0,0.0,0.0,openmeteo_archive,2026-09-24T16:48:10.443695+00:00
NCR013,2024-05-07T19:00:00Z,29.75,41.3,985.2,2.89,104.0,0.0,0.0,openmeteo_archive,2026-09-24T16:48:10.443695+00:00
NCR013,2024-05-07T20:00:00Z,29.35,41.4,984.5,3.69,123.0,0.0,0.0,openmeteo_archive,2026-09-24T16:48:10.443695+00:00
NCR013,2024-05-07T21:00:00Z,28.9,41.4,984.4,3.89,119.0,0.0,0.0,openmeteo_archive,2026-09-24T16:48:10.443695+00:00
NCR013,2024-05-07T22:00:00Z,28.5,43.4,984.4,3.7,128.0,0.0,0.0,openmeteo_archive,2026-09-24T16:48:10.443695+00:00
NCR013,2024-05-07T23:00:00Z,28.4,45.6,984.4,4.05,130.0,0.0,0.0,openmeteo_archive,2026-09-24T16:48:10.443695+00:00
NCR014,2024-05-01T00:00:00Z,20.1,34.5,975.8,2.83,315.0,0.0,0.0,openmeteo_archive,2026-09-24T16:48:10.640868+00:00
NCR014,2024-05-01T01:00:00Z,21.5,42.1,977.3,4.42,322.0,0.0,37.4,openmeteo_archive,2026-09-24T16:48:10.640868+00:00
NCR014,2024-05-01T02:00:00Z,23.25,38.2,978.1,4.04,318.0,0.0,225.6,openmeteo_archive,2026-09-24T16:48:10.640868+00:00
NCR014,2024-05-01T03:00:00Z,25.45,33.4,978.6,4.75,319.0,0.0,419.6,openmeteo_archive,2026-09-24T16:48:10.640868+00:00
NCR014,2024-05-01T04:00:00Z,27.75,26.1,979.2,4.95,317.0,0.0,549.7,openmeteo_archive,2026-09-24T16:48:10.640868+00:00
NCR014,2024-05-01T05:00:00Z,29.8,18.5,979.2,5.76,309.0,0.0,633.8,openmeteo_archive,2026-09-24T16:48:10.640868+00:00
NCR014,2024-05-01T06:00:00Z,31.0,14.7,979.1,6.27,304.0,0.0,678.9,openmeteo_archive,2026-09-24T16:48:10.640868+00:00
NCR014,2024-05-01T07:00:00Z,31.75,12.8,978.5,6.21,303.0,0.0,697.3,openmeteo_archive,2026-09-24T16:48:10.640868+00:00
NCR014,2024-05-01T08:00:00Z,32.05,13.3,978.0,5.92,300.0,0.0,691.9,openmeteo_archive,2026-09-24T16:48:10.640868+00:00
NCR014,2024-05-01T09:00:00Z,32.2,13.1,977.3,5.82,294.0,0.0,662.4,openmeteo_archive,2026-09-24T16:48:10.640868+00:00
NCR014,2024-05-01T10:00:00Z,32.15,12.9,976.7,5.82,289.0,0.0,605.3,openmeteo_archive,2026-09-24T16:48:10.640868+00:00
NCR014,2024-05-01T11:00:00Z,31.45,13.7,976.6,6.02,285.0,0.0,510.7,openmeteo_archive,2026-09-24T16:48:10.640868+00:00
NCR014,2024-05-01T12:00:00Z,30.5,14.5,976.4,6.12,281.0,0.0,354.1,openmeteo_archive,2026-09-24T16:48:10.640868+00:00
NCR014,2024-05-01T13:00:00Z,29.1,15.7,976.8,4.1,269.0,0.0,154.1,openmeteo_archive,2026-09-24T16:48:10.640868+00:00
NCR014,2024-05-01T14:00:00Z,27.05,19.3,977.7,3.05,293.0,0.0,0.0,openmeteo_archive,2026-09-24T16:48:10.640868+00:00
NCR014,2024-05-01T15:00:00Z,25.7,23.9,978.3,2.89,346.0,0.0,0.0,openmeteo_archive,2026-09-24T16:48:10.640868+00:00
NCR014,2024-05-01T16:00:00Z,24.4,27.9,978.8,2.16,347.0,0.0,0.0,openmeteo_archive,2026-09-24T16:48:10.640868+00:00
NCR014,2024-05-01T17:00:00Z,22.5,32.4,978.8,2.21,342.0,0.0,0.0,openmeteo_archive,2026-09-24T16:48:10.640868+00:00
NCR014,2024-05-01T18:00:00Z,22.1,33.1,978.8,2.25,339.0,0.0,0.0,openmeteo_archive,2026-09-24T16:48:10.640868+00:00
NCR014,2024-05-01T19:00:00Z,21.0,36.0,978.4,1.86,324.0,0.0,0.0,openmeteo_archive,2026-09-24T16:48:10.640868+00:00
NCR014,2024-05-01T20:00:00Z,19.9,39.3,977.8,1.89,302.0,0.0,0.0,openmeteo_archive,2026-09-24T16:48:10.640868+00:00
NCR014,2024-05-01T21:00:00Z,19.3,41.0,977.6,1.89,302.0,0.0,0.0,openmeteo_archive,2026-09-24T16:48:10.640868+00:00
NCR014,2024-05-01T22:00:00Z,18.95,41.9,977.3,2.06,299.0,0.0,0.0,openmeteo_archive,2026-09-24T16:48:10.640868+00:00
NCR014,2024-05-01T23:00:00Z,18.5,42.8,977.2,2.06,309.0,0.0,0.0,openmeteo_archive,2026-09-24T16:48:10.640868+00:00
NCR014,2024-05-02T00:00:00Z,18.05,43.8,977.6,2.02,303.0,0.0,0.0,openmeteo_archive,2026-09-24T16:48:10.640868+00:00
NCR014,2024-05-02T01:00:00Z,20.4,43.9,978.3,2.92,292.0,0.0,46.2,openmeteo_archive,2026-09-24T16:48:10.640868+00:00
NCR014,2024-05-02T02:00:00Z,22.8,39.6,979.3,3.32,291.0,0.0,230.6,openmeteo_archive,2026-09-24T16:48:10.640868+00:00
NCR014,2024-05-02T03:00:00Z,25.9,33.6,979.5,3.49,297.0,0.0,423.8,openmeteo_archive,2026-09-24T16:48:10.640868+00:00
NCR014,2024-05-02T04:00:00Z,28.65,27.1,980.4,4.75,300.0,0.0,552.5,openmeteo_archive,2026-09-24T16:48:10.640868+00:00
NCR014,2024-05-02T05:00:00Z,30.75,21.5,980.4,4.6,312.0,0.0,628.8,openmeteo_archive,2026-09-24T16:48:10.640868+00:00
NCR014,2024-05-02T06:00:00Z,32.5,17.8,980.1,4.67,315.0,0.0,669.2,openmeteo_archive,2026-09-24T16:48:10.640868+00:00
NCR014,2024-05-02T07:00:00Z,33.8,17.0,979.5,5.09,317.0,0.0,683.0,openmeteo_archive,2026-09-24T16:48:10.640868+00:00
NCR014,2024-05-02T08:00:00Z,34.65,16.6,978.7,5.06,322.0,0.0,640.9,openmeteo_archive,2026-09-24T16:48:10.640868+00:00
NCR014,2024-05-02T09:00:00Z,35.3,15.7,977.8,4.99,327.0,0.0,598.5,openmeteo_archive,2026-09-24T16:48:10.640868+00:00
NCR014,2024-05-02T10:00:00Z,35.35,15.4,977.1,4.83,326.0,0.0,587.4,openmeteo_archive,2026-09-24T16:48:10.640868+00:00
NCR014,2024-05-02T11:00:00Z,35.05,15.8,976.6,4.38,325.0,0.0,499.6,openmeteo_archive,2026-09-24T16:48:10.640868+00:00
NCR014,2024-05-02T12:00:00Z,34.25,16.1,976.3,4.06,322.0,0.0,347.9,openmeteo_archive,2026-09-24T16:48:10.640868+00:00
NCR014,2024-05-02T13:00:00Z,31.65,20.1,977.4,2.22,324.0,0.0,147.5,openmeteo_archive,2026-09-24T16:48:10.640868+00:00
NCR014,2024-05-02T14:00:00Z,28.95,22.6,977.9,2.47,291.0,0.0,0.0,openmeteo_archive,2026-09-24T16:48:10.640868+00:00
NCR014,2024-05-02T15:00:00Z,27.75,23.8,978.6,2.56,301.0,0.0,0.0,openmeteo_archive,2026-09-24T16:48:10.640868+00:00
NCR014,2024-05-02T16:00:00Z,26.8,25.1,979.2,2.66,326.0,0.0,0.0,openmeteo_archive,2026-09-24T16:48:10.640868+00:00
NCR014,2024-05-02T17:00:00Z,25.85,26.0,979.2,2.66,326.0,0.0,0.0,openmeteo_archive,2026-09-24T16:48:10.640868+00:00
NCR014,2024-05-02T18:00:00Z,24.85,26.7,979.1,2.44,325.0,0.0,0.0,openmeteo_archive,2026-09-24T16:48:10.640868+00:00
NCR014,2024-05-02T19:00:00Z,23.15,29.4,978.7,2.52,326.0,0.0,0.0,openmeteo_archive,2026-09-24T16:48:10.640868+00:00
NCR014,2024-05-02T20:00:00Z,22.65,29.9,978.2,2.22,324.0,0.0,0.0,openmeteo_archive,2026-09-24T16:48:10.640868+00:00
NCR014,2024-05-02T21:00:00Z,21.65,32.0,978.0,2.22,324.0,0.0,0.0,openmeteo_archive,2026-09-24T16:48:10.640868+00:00
NCR014,2024-05-02T22:00:00Z,21.0,33.6,977.8,2.36,324.0,0.0,0.0,openmeteo_archive,2026-09-24T16:48:10.640868+00:00
NCR014,2024-05-02T23:00:00Z,20.35,35.7,978.0,2.12,289.0,0.0,0.0,openmeteo_archive,2026-09-24T16:48:10.640868+00:00
NCR014,2024-05-03T00:00:00Z,19.45,38.8,978.5,2.25,291.0,0.0,0.0,openmeteo_archive,2026-09-24T16:48:10.640868+00:00
NCR014,2024-05-03T01:00:00Z,22.05,37.3,979.1,2.48,310.0,0.0,45.7,openmeteo_archive,2026-09-24T16:48:10.640868+00:00
NCR014,2024-05-03T02:00:00Z,24.95,33.3,979.7,2.77,296.0,0.0,225.0,openmeteo_archive,2026-09-24T16:48:10.640868+00:00
NCR014,2024-05-03T03:00:00Z,28.55,28.0,980.4,2.72,287.0,0.0,413.7,openmeteo_archive,2026-09-24T16:48:10.640868+00:00
NCR014,2024-05-03T04:00:00Z,32.25,21.5,980.9,3.62,294.0,0.0,543.5,openmeteo_archive,2026-09-24T16:48:10.640868+00:00
NCR014,2024-05-03T05:00:00Z,34.65,16.1,980.9,4.89,301.0,0.0,593.6,openmeteo_archive,2026-09-24T16:48:10.640868+00:00
NCR014,2024-05-03T06:00:00Z,36.05,13.9,980.4,6.0,300.0,0.0,596.7,openmeteo_archive,2026-09-24T16:48:10.640868+00:00
NCR014,2024-05-03T07:00:00Z,37.1,12.7,979.6,6.71,303.0,0.0,669.7,openmeteo_archive,2026-09-24T16:48:10.640868+00:00
NCR014,2024-05-03T08:00:00Z,37.7,12.1,978.8,6.74,305.0,0.0,625.5,openmeteo_archive,2026-09-24T16:48:10.640868+00:00
NCR014,2024-05-03T09:00:00Z,38.05,11.6,978.1,6.05,304.0,0.0,614.6,openmeteo_archive,2026-09-24T16:48:10.640868+00:00
NCR014,2024-05-03T10:00:00Z,38.15,11.0,977.5,5.75,301.0,0.0,460.6,openmeteo_archive,2026-09-24T16:48:10.640868+00:00
NCR014,2024-05-03T11:00:00Z,37.7,10.8,977.5,5.69,301.0,0.0,371.8,openmeteo_archive,2026-09-24T16:48:10.640868+00:00
NCR014,2024-05-03T12:00:00Z,36.7,11.7,977.7,4.72,302.0,0.0,222.9,openmeteo_archive,2026-09-24T16:48:10.640868+00:00
NCR014,2024-05-03T13:00:00Z,34.25,14.2,978.7,3.0,330.0,0.0,0.0,openmeteo_archive,2026-09-24T16:48:10.640868+00:00
NCR014,2024-05-03T14:00:00Z,32.4,15.7,979.3,2.33,301.0,0.0,0.0,openmeteo_archive,2026-09-24T16:48:10.640868+00:00
NCR014,2024-05-03T15:00:00Z,30.85,18.3,979.9,2.47,284.0,0.0,0.0,openmeteo_archive,2026-09-24T16:48:10.640868+00:00
NCR014,2024-05-03T16:00:00Z,28.6,21.5,980.2,2.24,297.0,0.0,0.0,openmeteo_archive,2026-09-24T16:48:10.640868+00:00
NCR014,2024-05-03T17:00:00Z,28.1,22.6,980.3,2.28,308.0,0.0,0.0,openmeteo_archive,2026-09-24T16:48:10.640868+00:00
NCR014,2024-05-03T18:00:00Z,27.6,24.1,979.9,1.78,308.0,0.0,0.0,openmeteo_archive,2026-09-24T16:48:10.640868+00:00
NCR014,2024-05-03T19:00:00Z,26.15,26.9,979.1,2.01,297.0,0.0,0.0,openmeteo_archive,2026-09-24T16:48:10.640868+00:00
NCR014,2024-05-03T20:00:00Z,26.45,27.0,978.8,1.92,298.0,0.0,0.0,openmeteo_archive,2026-09-24T16:48:10.640868+00:00
NCR014,2024-05-03T21:00:00Z,26.25,27.4,978.6,2.0,323.0,0.0,0.0,openmeteo_archive,2026-09-24T16:48:10.640868+00:00
NCR014,2024-05-03T22:00:00Z,26.05,27.7,978.4,2.0,323.0,0.0,0.0,openmeteo_archive,2026-09-24T16:48:10.640868+00:00
NCR014,2024-05-03T23:00:00Z,26.3,26.2,978.5,2.11,329.0,0.0,0.0,openmeteo_archive,2026-09-24T16:48:10.640868+00:00
NCR014,2024-05-04T00:00:00Z,26.85,23.9,978.6,3.01,345.0,0.0,0.0,openmeteo_archive,2026-09-24T16:48:10.640868+00:00
NCR014,2024-05-04T01:00:00Z,26.75,27.6,981.1,3.75,316.0,0.0,9.0,openmeteo_archive,2026-09-24T16:48:10.640868+00:00
NCR014,2024-05-04T02:00:00Z,28.65,27.2,981.3,3.81,346.0,0.0,66.2,openmeteo_archive,2026-09-24T16:48:10.640868+00:00
NCR014,2024-05-04T03:00:00Z,31.75,25.2,981.8,1.93,291.0,0.0,315.0,openmeteo_archive,2026-09-24T16:48:10.640868+00:00
NCR014,2024-05-04T04:00:00Z,34.15,22.1,981.9,3.81,284.0,0.0,506.7,openmeteo_archive,2026-09-24T16:48:10.640868+00:00
NCR014,2024-05-04T05:00:00Z,36.95,16.3,981.8,3.41,310.0,0.0,540.4,openmeteo_archive,2026-09-24T16:48:10.640868+00:00
NCR014,2024-05-04T06:00:00Z,38.65,12.3,981.1,3.47,311.0,0.0,591.5,openmeteo_archive,2026-09-24T16:48:10.640868+00:00
NCR014,2024-05-04T07:00:00Z,39.45,11.3,980.3,3.22,306.0,0.0,560.7,openmeteo_archive,2026-09-24T16:48:10.640868+00:00
NCR014,2024-05-04T08:00:00Z,39.9,11.7,979.8,4.03,277.0,0.0,561.2,openmeteo_archive,2026-09-24T16:48:10.640868+00:00
NCR014,2024-05-04T09:00:00Z,40.05,11.3,978.8,4.72,275.0,0.0,580.2,openmeteo_archive,2026-09-24T16:48:10.640868+00:00
NCR014,2024-05-04T10:00:00Z,40.0,10.6,978.0,4.71,287.0,0.0,566.2,openmeteo_archive,2026-09-24T16:48:10.640868+00:00
NCR014,2024-05-04T11:00:00Z,39.3,10.7,977.4,4.88,298.0,0.0,456.3,openmeteo_archive,2026-09-24T16:48:10.640868+00:00
NCR014,2024-05-04T12:00:00Z,38.0,11.8,977.4,5.03,287.0,0.0,275.1,openmeteo_archive,2026-09-24T16:48:10.640868+00:00
NCR014,2024-05-04T13:00:00Z,35.95,15.3,976.9,2.75,303.0,0.0,134.7,openmeteo_archive,2026-09-24T16:48:10.640868+00:00
NCR014,2024-05-04T14:00:00Z,33.05,17.1,976.9,2.48,320.0,0.0,0.0,openmeteo_archive,2026-09-24T16:48:10.640868+00:00
NCR014,2024-05-04T15:00:00Z,30.5,20.5,976.8,2.71,274.0,0.0,0.0,openmeteo_archive,2026-09-24T16:48:10.640868+00:00
NCR014,2024-05-04T16:00:00Z,29.3,23.3,977.5,2.28,293.0,0.0,0.0,openmeteo_archive,2026-09-24T16:48:10.640868+00:00
NCR014,2024-05-04T17:00:00Z,28.85,24.0,977.7,1.8,273.0,0.0,0.0,openmeteo_archive,2026-09-24T16:48:10.640868+00:00
NCR014,2024-05-04T18:00:00Z,26.8,26.6,977.4,2.25,328.0,0.0,0.0,openmeteo_archive,2026-09-24T16:48:10.640868+00:00
NCR014,2024-05-04T19:00:00Z,26.4,27.0,976.2,2.1,357.0,0.0,0.0,openmeteo_archive,2026-09-24T16:48:10.640868+00:00
NCR014,2024-05-04T20:00:00Z,26.65,26.3,975.7,1.9,3.0,0.0,0.0,openmeteo_archive,2026-09-24T16:48:10.640868+00:00
NCR014,2024-05-04T21:00:00Z,25.45,29.1,975.0,2.16,347.0,0.0,0.0,openmeteo_archive,2026-09-24T16:48:10.640868+00:00
NCR014,2024-05-04T22:00:00Z,24.8,30.6,974.6,2.19,336.0,0.0,0.0,openmeteo_archive,2026-09-24T16:48:10.640868+00:00
NCR014,2024-05-04T23:00:00Z,24.25,31.4,974.7,1.86,306.0,0.0,0.0,openmeteo_archive,2026-09-24T16:48:10.640868+00:00
NCR014,2024-05-05T00:00:00Z,23.75,32.4,975.3,2.38,255.0,0.0,0.0,openmeteo_archive,2026-09-24T16:48:10.640868+00:00
NCR014,2024-05-05T01:00:00Z,25.25,31.9,975.6,2.73,298.0,0.0,44.6,openmeteo_archive,2026-09-24T16:48:10.640868+00:00
NCR014,2024-05-05T02:00:00Z,27.85,29.0,976.5,3.06,308.0,0.0,214.2,openmeteo_archive,2026-09-24T16:48:10.640868+00:00
NCR014,2024-05-05T03:00:00Z,31.15,24.2,977.1,2.61,302.0,0.0,398.1,openmeteo_archive,2026-09-24T16:48:10.640868+00:00
NCR014,2024-05-05T04:00:00Z,34.2,20.3,977.5,2.56,301.0,0.0,520.1,openmeteo_archive,2026-09-24T16:48:10.640868+00:00
NCR014,2024-05-05T05:00:00Z,37.1,17.2,977.3,2.69,318.0,0.0,593.8,openmeteo_archive,2026-09-24T16:48:10.640868+00:00
NCR014,2024-05-05T06:00:00Z,39.65,12.9,976.7,3.81,337.0,0.0,637.1,openmeteo_archive,2026-09-24T16:48:10.640868+00:00
NCR014,2024-05-05T07:00:00Z,40.5,12.4,976.1,4.26,321.0,0.0,655.8,openmeteo_archive,2026-09-24T16:48:10.640868+00:00
NCR014,2024-05-05T08:00:00Z,41.0,11.8,975.3,4.33,304.0,0.0,652.2,openmeteo_archive,2026-09-24T16:48:10.640868+00:00
NCR014,2024-05-05T09:00:00Z,40.75,11.8,974.5,5.74,293.0,0.0,625.4,openmeteo_archive,2026-09-24T16:48:10.640868+00:00
NCR014,2024-05-05T10:00:00Z,40.2,11.9,974.0,5.98,291.0,0.0,570.5,openmeteo_archive,2026-09-24T16:48:10.640868+00:00
NCR014,2024-05-05T11:00:00Z,39.65,12.2,973.6,5.1,296.0,0.0,478.2,openmeteo_archive,2026-09-24T16:48:10.640868+00:00
NCR014,2024-05-05T12:00:00Z,38.9,13.3,973.5,4.19,310.0,0.0,331.8,openmeteo_archive,2026-09-24T16:48:10.640868+00:00
NCR014,2024-05-05T13:00:00Z,36.2,16.1,974.1,2.5,344.0,0.0,138.4,openmeteo_archive,2026-09-24T16:48:10.640868+00:00
NCR014,2024-05-05T14:00:00Z,34.6,16.0,974.7,3.8,333.0,0.0,0.0,openmeteo_archive,2026-09-24T16:48:10.640868+00:00
NCR014,2024-05-05T15:00:00Z,33.05,16.9,975.1,3.0,330.0,0.0,0.0,openmeteo_archive,2026-09-24T16:48:10.640868+00:00
NCR014,2024-05-05T16:00:00Z,31.75,18.6,975.6,3.18,336.0,0.0,0.0,openmeteo_archive,2026-09-24T16:48:10.640868+00:00
NCR014,2024-05-05T17:00:00Z,31.3,19.9,976.0,3.55,338.0,0.0,0.0,openmeteo_archive,2026-09-24T16:48:10.640868+00:00
NCR014,2024-05-05T18:00:00Z,29.95,22.6,976.0,2.64,331.0,0.0,0.0,openmeteo_archive,2026-09-24T16:48:10.640868+00:00
NCR014,2024-05-05T19:00:00Z,28.85,25.0,975.9,2.58,324.0,0.0,0.0,openmeteo_archive,2026-09-24T16:48:10.640868+00:00
NCR014,2024-05-05T20:00:00Z,28.2,27.0,975.5,2.5,323.0,0.0,0.0,openmeteo_archive,2026-09-24T16:48:10.640868+00:00
NCR014,2024-05-05T21:00:00Z,27.2,29.5,975.3,2.2,321.0,0.0,0.0,openmeteo_archive,2026-09-24T16:48:10.640868+00:00
NCR014,2024-05-05T22:00:00Z,26.15,32.4,975.5,2.12,315.0,0.0,0.0,openmeteo_archive,2026-09-24T16:48:10.640868+00:00
NCR014,2024-05-05T23:00:00Z,25.55,34.2,976.0,2.05,313.0,0.0,0.0,openmeteo_archive,2026-09-24T16:48:10.640868+00:00
NCR014,2024-05-06T00:00:00Z,24.5,37.1,976.2,2.55,318.0,0.0,0.0,openmeteo_archive,2026-09-24T16:48:10.640868+00:00
NCR014,2024-05-06T01:00:00Z,27.35,34.4,977.5,2.27,319.0,0.0,44.1,openmeteo_archive,2026-09-24T16:48:10.640868+00:00
NCR014,2024-05-06T02:00:00Z,29.75,31.8,978.4,2.51,299.0,0.0,212.5,openmeteo_archive,2026-09-24T16:48:10.640868+00:00
NCR014,2024-05-06T03:00:00Z,32.6,27.7,979.2,2.51,299.0,0.0,388.5,openmeteo_archive,2026-09-24T16:48:10.640868+00:00
NCR014,2024-05-06T04:00:00Z,35.4,23.7,979.6,2.64,299.0,0.0,511.4,openmeteo_archive,2026-09-24T16:48:10.640868+00:00
NCR014,2024-05-06T05:00:00Z,37.7,19.1,979.7,3.38,304.0,0.0,587.9,openmeteo_archive,2026-09-24T16:48:10.640868+00:00
NCR014,2024-05-06T06:00:00Z,39.1,16.1,979.5,4.43,298.0,0.0,633.1,openmeteo_archive,2026-09-24T16:48:10.640868+00:00
NCR014,2024-05-06T07:00:00Z,39.7,14.7,978.8,5.01,299.0,0.0,608.8,openmeteo_archive,2026-09-24T16:48:10.640868+00:00
NCR014,2024-05-06T08:00:00Z,40.25,14.0,977.9,5.37,297.0,0.0,635.9,openmeteo_archive,2026-09-24T16:48:10.640868+00:00
NCR014,2024-05-06T09:00:00Z,40.35,14.1,977.2,6.02,291.0,0.0,602.3,openmeteo_archive,2026-09-24T16:48:10.640868+00:00
NCR014,2024-05-06T10:00:00Z,40.0,13.9,976.4,6.17,295.0,0.0,517.9,openmeteo_archive,2026-09-24T16:48:10.640868+00:00
NCR014,2024-05-06T11:00:00Z,39.95,13.9,976.0,5.02,301.0,0.0,434.7,openmeteo_archive,2026-09-24T16:48:10.640868+00:00
NCR014,2024-05-06T12:00:00Z,39.2,14.4,975.8,4.97,310.0,0.0,287.4,openmeteo_archive,2026-09-24T16:48:10.640868+00:00
NCR014,2024-05-06T13:00:00Z,36.9,15.9,976.5,3.04,316.0,0.0,83.2,openmeteo_archive,2026-09-24T16:48:10.640868+00:00
NCR014,2024-05-06T14:00:00Z,33.7,19.0,976.7,2.16,304.0,0.0,0.0,openmeteo_archive,2026-09-24T16:48:10.640868+00:00
NCR014,2024-05-06T15:00:00Z,31.45,22.3,977.1,2.19,294.0,0.0,0.0,openmeteo_archive,2026-09-24T16:48:10.640868+00:00
NCR014,2024-05-06T16:00:00Z,30.2,23.9,977.8,2.15,298.0,0.0,0.0,openmeteo_archive,2026-09-24T16:48:10.640868+00:00
NCR014,2024-05-06T17:00:00Z,28.65,26.7,978.0,2.33,301.0,0.0,0.0,openmeteo_archive,2026-09-24T16:48:10.640868+00:00
NCR014,2024-05-06T18:00:00Z,27.25,30.6,978.0,2.84,321.0,0.0,0.0,openmeteo_archive,2026-09-24T16:48:10.640868+00:00
NCR014,2024-05-06T19:00:00Z,26.5,31.6,977.5,2.6,337.0,0.0,0.0,openmeteo_archive,2026-09-24T16:48:10.640868+00:00
NCR014,2024-05-06T20:00:00Z,26.0,31.4,977.0,2.7,2.0,0.0,0.0,openmeteo_archive,2026-09-24T16:48:10.640868+00:00
NCR014,2024-05-06T21:00:00Z,25.45,31.8,976.9,2.92,22.0,0.0,0.0,openmeteo_archive,2026-09-24T16:48:10.640868+00:00
NCR014,2024-05-06T22:00:00Z,27.6,26.2,977.4,1.49,48.0,0.0,0.0,openmeteo_archive,2026-09-24T16:48:10.640868+00:00
NCR014,2024-05-06T23:00:00Z,27.1,27.3,977.8,1.39,120.0,0.0,0.0,openmeteo_archive,2026-09-24T16:48:10.640868+00:00
NCR014,2024-05-07T00:00:00Z,26.55,28.7,978.1,0.7,180.0,0.0,0.0,openmeteo_archive,2026-09-24T16:48:10.640868+00:00
NCR014,2024-05-07T01:00:00Z,26.45,45.1,978.9,0.36,214.0,0.0,43.7,openmeteo_archive,2026-09-24T16:48:10.640868+00:00
NCR014,2024-05-07T02:00:00Z,29.0,35.2,980.0,0.67,297.0,0.0,193.8,openmeteo_archive,2026-09-24T16:48:10.640868+00:00
NCR014,2024-05-07T03:00:00Z,32.05,29.0,981.0,0.6,90.0,0.0,323.1,openmeteo_archive,2026-09-24T16:48:10.640868+00:00
NCR014,2024-05-07T04:00:00Z,35.35,23.6,981.7,2.2,87.0,0.0,492.7,openmeteo_archive,2026-09-24T16:48:10.640868+00:00
NCR014,2024-05-07T05:00:00Z,37.35,21.0,981.5,2.46,117.0,0.0,576.1,openmeteo_archive,2026-09-24T16:48:10.640868+00:00
NCR014,2024-05-07T06:00:00Z,38.95,18.8,981.4,1.57,117.0,0.0,616.1,openmeteo_archive,2026-09-24T16:48:10.640868+00:00
NCR014,2024-05-07T07:00:00Z,39.75,16.1,980.7,0.51,349.0,0.0,508.5,openmeteo_archive,2026-09-24T16:48:10.640868+00:00
NCR014,2024-05-07T08:00:00Z,40.5,14.0,979.8,2.0,307.0,0.0,531.3,openmeteo_archive,2026-09-24T16:48:10.640868+00:00
NCR014,2024-05-07T09:00:00Z,40.85,13.3,978.9,3.26,288.0,0.0,503.2,openmeteo_archive,2026-09-24T16:48:10.640868+00:00
NCR014,2024-05-07T10:00:00Z,40.45,13.7,978.2,2.45,258.0,0.0,540.4,openmeteo_archive,2026-09-24T16:48:10.640868+00:00
NCR014,2024-05-07T11:00:00Z,40.8,12.9,978.0,2.43,261.0,0.0,438.6,openmeteo_archive,2026-09-24T16:48:10.640868+00:00
NCR014,2024-05-07T12:00:00Z,40.0,13.3,977.9,1.58,305.0,0.0,276.8,openmeteo_archive,2026-09-24T16:48:10.640868+00:00
NCR014,2024-05-07T13:00:00Z,35.2,28.1,977.9,1.71,83.0,0.0,126.2,openmeteo_archive,2026-09-24T16:48:10.640868+00:00
NCR014,2024-05-07T14:00:00Z,33.3,23.0,978.0,1.41,82.0,0.0,0.0,openmeteo_archive,2026-09-24T16:48:10.640868+00:00
NCR014,2024-05-07T15:00:00Z,32.65,25.9,979.1,4.41,94.0,0.0,0.0,openmeteo_archive,2026-09-24T16:48:10.640868+00:00
NCR014,2024-05-07T16:00:00Z,30.95,37.1,979.4,3.47,134.0,0.0,0.0,openmeteo_archive,2026-09-24T16:48:10.640868+00:00
NCR014,2024-05-07T17:00:00Z,29.3,41.7,979.8,1.81,96.0,0.0,0.0,openmeteo_archive,2026-09-24T16:48:10.640868+00:00
NCR014,2024-05-07T18:00:00Z,27.7,47.1,980.3,2.75,123.0,0.0,0.0,openmeteo_archive,2026-09-24T16:48:10.640868+00:00
NCR014,2024-05-07T19:00:00Z,27.35,47.6,980.0,2.15,158.0,0.0,0.0,openmeteo_archive,2026-09-24T16:48:10.640868+00:00
NCR014,2024-05-07T20:00:00Z,26.95,48.6,979.4,2.01,153.0,0.0,0.0,openmeteo_archive,2026-09-24T16:48:10.640868+00:00
NCR014,2024-05-07T21:00:00Z,27.15,48.5,979.1,3.07,161.0,0.0,0.0,openmeteo_archive,2026-09-24T16:48:10.640868+00:00
NCR014,2024-05-07T22:00:00Z,26.8,50.8,979.2,2.73,152.0,0.0,0.0,openmeteo_archive,2026-09-24T16:48:10.640868+00:00
NCR014,2024-05-07T23:00:00Z,26.0,54.3,979.6,2.27,131.0,0.0,0.0,openmeteo_archive,2026-09-24T16:48:10.640868+00:00
NCR015,2024-05-01T00:00:00Z,20.0,35.3,977.8,3.4,317.0,0.0,0.0,openmeteo_archive,2026-09-24T16:48:10.840682+00:00
NCR015,2024-05-01T01:00:00Z,21.2,44.1,979.1,3.62,332.0,0.0,29.3,openmeteo_archive,2026-09-24T16:48:10.840682+00:00
NCR015,2024-05-01T02:00:00Z,22.75,41.9,980.0,3.47,327.0,0.0,210.8,openmeteo_archive,2026-09-24T16:48:10.840682+00:00
NCR015,2024-05-01T03:00:00Z,24.7,37.3,980.4,3.89,318.0,0.0,407.5,openmeteo_archive,2026-09-24T16:48:10.840682+00:00
NCR015,2024-05-01T04:00:00Z,27.15,28.9,981.0,4.24,315.0,0.0,542.6,openmeteo_archive,2026-09-24T16:48:10.840682+00:00
NCR015,2024-05-01T05:00:00Z,29.55,19.1,981.0,5.09,313.0,0.0,623.4,openmeteo_archive,2026-09-24T16:48:10.840682+00:00
NCR015,2024-05-01T06:00:00Z,30.9,14.0,980.7,5.74,311.0,0.0,669.4,openmeteo_archive,2026-09-24T16:48:10.840682+00:00
NCR015,2024-05-01T07:00:00Z,31.3,14.5,980.3,5.8,306.0,0.0,687.7,openmeteo_archive,2026-09-24T16:48:10.840682+00:00
NCR015,2024-05-01T08:00:00Z,31.7,14.0,979.7,5.78,300.0,0.0,680.7,openmeteo_archive,2026-09-24T16:48:10.840682+00:00
NCR015,2024-05-01T09:00:00Z,31.85,13.7,979.2,5.89,291.0,0.0,653.5,openmeteo_archive,2026-09-24T16:48:10.840682+00:00
NCR015,2024-05-01T10:00:00Z,31.7,13.9,978.6,5.76,290.0,0.0,598.1,openmeteo_archive,2026-09-24T16:48:10.840682+00:00
NCR015,2024-05-01T11:00:00Z,31.3,14.3,978.3,5.81,297.0,0.0,503.3,openmeteo_archive,2026-09-24T16:48:10.840682+00:00
NCR015,2024-05-01T12:00:00Z,30.5,15.5,978.1,5.58,303.0,0.0,350.3,openmeteo_archive,2026-09-24T16:48:10.840682+00:00
NCR015,2024-05-01T13:00:00Z,29.25,17.8,978.5,3.75,318.0,0.0,148.6,openmeteo_archive,2026-09-24T16:48:10.840682+00:00
NCR015,2024-05-01T14:00:00Z,27.4,20.7,979.2,3.32,314.0,0.0,0.0,openmeteo_archive,2026-09-24T16:48:10.840682+00:00
NCR015,2024-05-01T15:00:00Z,26.7,22.4,979.8,4.47,333.0,0.0,0.0,openmeteo_archive,2026-09-24T16:48:10.840682+00:00
NCR015,2024-05-01T16:00:00Z,24.7,26.6,980.4,2.62,353.0,0.0,0.0,openmeteo_archive,2026-09-24T16:48:10.840682+00:00
NCR015,2024-05-01T17:00:00Z,23.15,30.6,980.7,1.98,319.0,0.0,0.0,openmeteo_archive,2026-09-24T16:48:10.840682+00:00
NCR015,2024-05-01T18:00:00Z,22.4,31.1,980.7,2.28,299.0,0.0,0.0,openmeteo_archive,2026-09-24T16:48:10.840682+00:00
NCR015,2024-05-01T19:00:00Z,21.9,29.6,980.2,2.55,312.0,0.0,0.0,openmeteo_archive,2026-09-24T16:48:10.840682+00:00
NCR015,2024-05-01T20:00:00Z,21.2,31.0,979.6,2.56,321.0,0.0,0.0,openmeteo_archive,2026-09-24T16:48:10.840682+00:00
NCR015,2024-05-01T21:00:00Z,20.5,33.1,979.4,2.61,328.0,0.0,0.0,openmeteo_archive,2026-09-24T16:48:10.840682+00:00
NCR015,2024-05-01T22:00:00Z,19.9,35.0,979.3,2.44,325.0,0.0,0.0,openmeteo_archive,2026-09-24T16:48:10.840682+00:00
NCR015,2024-05-01T23:00:00Z,19.2,37.9,979.2,2.16,304.0,0.0,0.0,openmeteo_archive,2026-09-24T16:48:10.840682+00:00
NCR015,2024-05-02T00:00:00Z,18.55,40.7,979.5,2.25,291.0,0.0,0.0,openmeteo_archive,2026-09-24T16:48:10.840682+00:00
NCR015,2024-05-02T01:00:00Z,20.3,42.8,980.3,2.39,303.0,0.0,38.6,openmeteo_archive,2026-09-24T16:48:10.840682+00:00
NCR015,2024-05-02T02:00:00Z,22.6,39.5,981.2,2.61,302.0,0.0,212.4,openmeteo_archive,2026-09-24T16:48:10.840682+00:00
NCR015,2024-05-02T03:00:00Z,25.95,33.7,981.5,2.77,296.0,0.0,405.6,openmeteo_archive,2026-09-24T16:48:10.840682+00:00
NCR015,2024-05-02T04:00:00Z,28.7,25.6,982.1,4.24,313.0,0.0,529.0,openmeteo_archive,2026-09-24T16:48:10.840682+00:00
NCR015,2024-05-02T05:00:00Z,30.45,21.4,982.1,4.17,316.0,0.0,596.4,openmeteo_archive,2026-09-24T16:48:10.840682+00:00
NCR015,2024-05-02T06:00:00Z,31.9,19.4,981.8,4.39,319.0,0.0,627.0,openmeteo_archive,2026-09-24T16:48:10.840682+00:00
NCR015,2024-05-02T07:00:00Z,33.05,19.1,981.2,4.72,328.0,0.0,595.9,openmeteo_archive,2026-09-24T16:48:10.840682+00:00
NCR015,2024-05-02T08:00:00Z,33.9,18.1,980.7,4.77,327.0,0.0,665.3,openmeteo_archive,2026-09-24T16:48:10.840682+00:00
NCR015,2024-05-02T09:00:00Z,34.25,17.8,979.9,4.64,323.0,0.0,644.9,openmeteo_archive,2026-09-24T16:48:10.840682+00:00
NCR015,2024-05-02T10:00:00Z,34.55,16.9,979.0,4.22,324.0,0.0,588.2,openmeteo_archive,2026-09-24T16:48:10.840682+00:00
NCR015,2024-05-02T11:00:00Z,34.6,15.7,978.4,3.92,322.0,0.0,494.0,openmeteo_archive,2026-09-24T16:48:10.840682+00:00
NCR015,2024-05-02T12:00:00Z,33.9,15.4,978.2,3.55,328.0,0.0,344.2,openmeteo_archive,2026-09-24T16:48:10.840682+00:00
NCR015,2024-05-02T13:00:00Z,31.5,20.8,979.1,2.26,347.0,0.0,147.2,openmeteo_archive,2026-09-24T16:48:10.840682+00:00
NCR015,2024-05-02T14:00:00Z,27.9,26.4,979.5,2.79,345.0,0.0,0.0,openmeteo_archive,2026-09-24T16:48:10.840682+00:00
NCR015,2024-05-02T15:00:00Z,26.65,28.1,980.1,2.01,297.0,0.0,0.0,openmeteo_archive,2026-09-24T16:48:10.840682+00:00
NCR015,2024-05-02T16:00:00Z,26.2,29.5,980.9,2.55,312.0,0.0,0.0,openmeteo_archive,2026-09-24T16:48:10.840682+00:00
NCR015,2024-05-02T17:00:00Z,24.95,31.4,981.0,2.19,313.0,0.0,0.0,openmeteo_archive,2026-09-24T16:48:10.840682+00:00
NCR015,2024-05-02T18:00:00Z,23.75,31.7,980.7,2.05,317.0,0.0,0.0,openmeteo_archive,2026-09-24T16:48:10.840682+00:00
NCR015,2024-05-02T19:00:00Z,22.85,32.0,980.3,2.02,327.0,0.0,0.0,openmeteo_archive,2026-09-24T16:48:10.840682+00:00
NCR015,2024-05-02T20:00:00Z,21.95,33.6,979.6,2.1,335.0,0.0,0.0,openmeteo_archive,2026-09-24T16:48:10.840682+00:00
NCR015,2024-05-02T21:00:00Z,20.85,36.6,979.5,1.98,319.0,0.0,0.0,openmeteo_archive,2026-09-24T16:48:10.840682+00:00
NCR015,2024-05-02T22:00:00Z,20.55,37.0,979.5,2.02,327.0,0.0,0.0,openmeteo_archive,2026-09-24T16:48:10.840682+00:00
NCR015,2024-05-02T23:00:00Z,19.6,39.4,979.6,2.42,330.0,0.0,0.0,openmeteo_archive,2026-09-24T16:48:10.840682+00:00
NCR015,2024-05-03T00:00:00Z,19.0,41.4,980.1,2.56,309.0,0.0,0.0,openmeteo_archive,2026-09-24T16:48:10.840682+00:00
NCR015,2024-05-03T01:00:00Z,21.2,42.2,980.6,1.84,311.0,0.0,38.1,openmeteo_archive,2026-09-24T16:48:10.840682+00:00
NCR015,2024-05-03T02:00:00Z,24.15,37.4,981.5,1.94,282.0,0.0,210.4,openmeteo_archive,2026-09-24T16:48:10.840682+00:00
NCR015,2024-05-03T03:00:00Z,27.7,31.5,982.4,1.71,249.0,0.0,399.6,openmeteo_archive,2026-09-24T16:48:10.840682+00:00
NCR015,2024-05-03T04:00:00Z,31.15,25.4,982.8,2.3,268.0,0.0,524.5,openmeteo_archive,2026-09-24T16:48:10.840682+00:00
NCR015,2024-05-03T05:00:00Z,33.85,19.4,982.8,3.08,283.0,0.0,598.9,openmeteo_archive,2026-09-24T16:48:10.840682+00:00
NCR015,2024-05-03T06:00:00Z,35.6,14.5,982.4,4.11,296.0,0.0,650.0,openmeteo_archive,2026-09-24T16:48:10.840682+00:00
NCR015,2024-05-03T07:00:00Z,36.7,12.9,981.6,5.3,302.0,0.0,661.2,openmeteo_archive,2026-09-24T16:48:10.840682+00:00
NCR015,2024-05-03T08:00:00Z,37.3,12.3,980.8,5.66,306.0,0.0,631.2,openmeteo_archive,2026-09-24T16:48:10.840682+00:00
NCR015,2024-05-03T09:00:00Z,37.4,12.3,979.9,5.24,305.0,0.0,527.8,openmeteo_archive,2026-09-24T16:48:10.840682+00:00
NCR015,2024-05-03T10:00:00Z,37.6,11.7,979.6,5.02,301.0,0.0,510.0,openmeteo_archive,2026-09-24T16:48:10.840682+00:00
NCR015,2024-05-03T11:00:00Z,36.8,12.6,979.5,5.16,302.0,0.0,291.2,openmeteo_archive,2026-09-24T16:48:10.840682+00:00
NCR015,2024-05-03T12:00:00Z,35.6,14.4,979.5,3.13,297.0,0.0,23.8,openmeteo_archive,2026-09-24T16:48:10.840682+00:00
NCR015,2024-05-03T13:00:00Z,33.25,16.7,980.6,2.98,310.0,0.0,0.0,openmeteo_archive,2026-09-24T16:48:10.840682+00:00
NCR015,2024-05-03T14:00:00Z,32.15,16.7,980.9,2.97,318.0,0.0,0.0,openmeteo_archive,2026-09-24T16:48:10.840682+00:00
NCR015,2024-05-03T15:00:00Z,31.15,16.8,981.3,2.97,312.0,0.0,0.0,openmeteo_archive,2026-09-24T16:48:10.840682+00:00
NCR015,2024-05-03T16:00:00Z,30.05,17.8,981.8,3.22,324.0,0.0,0.0,openmeteo_archive,2026-09-24T16:48:10.840682+00:00
NCR015,2024-05-03T17:00:00Z,28.65,21.0,981.8,3.1,345.0,0.0,0.0,openmeteo_archive,2026-09-24T16:48:10.840682+00:00
NCR015,2024-05-03T18:00:00Z,26.95,24.9,981.4,2.14,349.0,0.0,0.0,openmeteo_archive,2026-09-24T16:48:10.840682+00:00
NCR015,2024-05-03T19:00:00Z,27.2,25.6,980.9,1.8,357.0,0.0,0.0,openmeteo_archive,2026-09-24T16:48:10.840682+00:00
NCR015,2024-05-03T20:00:00Z,26.95,26.5,980.2,1.73,10.0,0.0,0.0,openmeteo_archive,2026-09-24T16:48:10.840682+00:00
NCR015,2024-05-03T21:00:00Z,27.05,26.4,980.1,2.1,357.0,0.0,0.0,openmeteo_archive,2026-09-24T16:48:10.840682+00:00
NCR015,2024-05-03T22:00:00Z,27.05,26.4,979.8,2.86,12.0,0.0,0.0,openmeteo_archive,2026-09-24T16:48:10.840682+00:00
NCR015,2024-05-03T23:00:00Z,28.0,24.4,980.2,0.71,225.0,0.0,0.0,openmeteo_archive,2026-09-24T16:48:10.840682+00:00
NCR015,2024-05-04T00:00:00Z,26.45,27.3,981.4,3.2,256.0,0.0,0.0,openmeteo_archive,2026-09-24T16:48:10.840682+00:00
NCR015,2024-05-04T01:00:00Z,26.6,30.2,982.8,2.53,279.0,0.0,0.0,openmeteo_archive,2026-09-24T16:48:10.840682+00:00
NCR015,2024-05-04T02:00:00Z,27.6,30.1,983.3,3.36,293.0,0.0,14.4,openmeteo_archive,2026-09-24T16:48:10.840682+00:00
NCR015,2024-05-04T03:00:00Z,30.6,26.3,983.5,1.78,308.0,0.0,305.6,openmeteo_archive,2026-09-24T16:48:10.840682+00:00
NCR015,2024-05-04T04:00:00Z,33.6,23.0,983.7,2.06,321.0,0.0,490.4,openmeteo_archive,2026-09-24T16:48:10.840682+00:00
NCR015,2024-05-04T05:00:00Z,36.15,17.9,983.4,2.28,322.0,0.0,543.0,openmeteo_archive,2026-09-24T16:48:10.840682+00:00
NCR015,2024-05-04T06:00:00Z,38.05,13.5,982.6,2.05,313.0,0.0,625.2,openmeteo_archive,2026-09-24T16:48:10.840682+00:00
NCR015,2024-05-04T07:00:00Z,39.1,11.7,982.1,2.4,272.0,0.0,650.1,openmeteo_archive,2026-09-24T16:48:10.840682+00:00
NCR015,2024-05-04T08:00:00Z,39.7,11.3,981.4,3.51,267.0,0.0,649.2,openmeteo_archive,2026-09-24T16:48:10.840682+00:00
NCR015,2024-05-04T09:00:00Z,39.7,10.7,980.3,3.91,274.0,0.0,598.6,openmeteo_archive,2026-09-24T16:48:10.840682+00:00
NCR015,2024-05-04T10:00:00Z,39.65,10.5,979.7,3.86,291.0,0.0,559.4,openmeteo_archive,2026-09-24T16:48:10.840682+00:00
NCR015,2024-05-04T11:00:00Z,38.8,10.9,978.8,3.69,311.0,0.0,285.7,openmeteo_archive,2026-09-24T16:48:10.840682+00:00
NCR015,2024-05-04T12:00:00Z,37.4,13.4,978.0,5.91,356.0,0.0,232.5,openmeteo_archive,2026-09-24T16:48:10.840682+00:00
NCR015,2024-05-04T13:00:00Z,34.85,17.5,978.0,2.0,357.0,0.0,130.1,openmeteo_archive,2026-09-24T16:48:10.840682+00:00
NCR015,2024-05-04T14:00:00Z,31.0,22.7,978.5,2.78,330.0,0.0,14.2,openmeteo_archive,2026-09-24T16:48:10.840682+00:00
NCR015,2024-05-04T15:00:00Z,29.7,23.5,978.7,2.7,309.0,0.0,0.0,openmeteo_archive,2026-09-24T16:48:10.840682+00:00
NCR015,2024-05-04T16:00:00Z,29.2,24.5,978.9,2.47,284.0,0.0,0.0,openmeteo_archive,2026-09-24T16:48:10.840682+00:00
NCR015,2024-05-04T17:00:00Z,28.9,24.8,978.7,2.64,295.0,0.0,0.0,openmeteo_archive,2026-09-24T16:48:10.840682+00:00
NCR015,2024-05-04T18:00:00Z,27.6,27.7,978.3,2.31,252.0,0.0,0.0,openmeteo_archive,2026-09-24T16:48:10.840682+00:00
NCR015,2024-05-04T19:00:00Z,27.3,26.9,977.8,2.35,12.0,0.0,0.0,openmeteo_archive,2026-09-24T16:48:10.840682+00:00
NCR015,2024-05-04T20:00:00Z,28.15,24.1,977.5,1.65,76.0,0.0,0.0,openmeteo_archive,2026-09-24T16:48:10.840682+00:00
NCR015,2024-05-04T21:00:00Z,28.0,24.5,977.1,0.32,252.0,0.0,0.0,openmeteo_archive,2026-09-24T16:48:10.840682+00:00
NCR015,2024-05-04T22:00:00Z,24.45,32.6,976.7,1.8,267.0,0.0,0.0,openmeteo_archive,2026-09-24T16:48:10.840682+00:00
NCR015,2024-05-04T23:00:00Z,23.65,35.3,976.6,1.89,302.0,0.0,0.0,openmeteo_archive,2026-09-24T16:48:10.840682+00:00
NCR015,2024-05-05T00:00:00Z,23.15,36.5,976.8,1.84,315.0,0.0,0.0,openmeteo_archive,2026-09-24T16:48:10.840682+00:00
NCR015,2024-05-05T01:00:00Z,25.15,35.3,977.5,2.47,302.0,0.0,37.2,openmeteo_archive,2026-09-24T16:48:10.840682+00:00
NCR015,2024-05-05T02:00:00Z,27.65,30.7,978.2,2.88,304.0,0.0,196.0,openmeteo_archive,2026-09-24T16:48:10.840682+00:00
NCR015,2024-05-05T03:00:00Z,30.8,25.6,978.9,2.76,314.0,0.0,379.8,openmeteo_archive,2026-09-24T16:48:10.840682+00:00
NCR015,2024-05-05T04:00:00Z,33.95,21.9,979.3,2.92,322.0,0.0,506.9,openmeteo_archive,2026-09-24T16:48:10.840682+00:00
NCR015,2024-05-05T05:00:00Z,36.6,17.5,979.0,3.09,331.0,0.0,585.8,openmeteo_archive,2026-09-24T16:48:10.840682+00:00
NCR015,2024-05-05T06:00:00Z,38.5,15.1,978.6,3.23,338.0,0.0,630.8,openmeteo_archive,2026-09-24T16:48:10.840682+00:00
NCR015,2024-05-05T07:00:00Z,39.85,12.9,977.9,3.68,338.0,0.0,649.4,openmeteo_archive,2026-09-24T16:48:10.840682+00:00
NCR015,2024-05-05T08:00:00Z,40.2,12.9,977.2,3.97,319.0,0.0,645.4,openmeteo_archive,2026-09-24T16:48:10.840682+00:00
NCR015,2024-05-05T09:00:00Z,40.25,12.8,976.4,4.16,305.0,0.0,616.9,openmeteo_archive,2026-09-24T16:48:10.840682+00:00
NCR015,2024-05-05T10:00:00Z,40.2,12.8,975.7,4.3,288.0,0.0,562.4,openmeteo_archive,2026-09-24T16:48:10.840682+00:00
NCR015,2024-05-05T11:00:00Z,39.5,13.1,975.3,5.34,283.0,0.0,469.7,openmeteo_archive,2026-09-24T16:48:10.840682+00:00
NCR015,2024-05-05T12:00:00Z,38.35,13.1,975.4,5.35,291.0,0.0,326.1,openmeteo_archive,2026-09-24T16:48:10.840682+00:00
NCR015,2024-05-05T13:00:00Z,36.3,16.4,975.9,3.34,279.0,0.0,133.7,openmeteo_archive,2026-09-24T16:48:10.840682+00:00
NCR015,2024-05-05T14:00:00Z,33.4,19.3,976.2,2.52,304.0,0.0,14.0,openmeteo_archive,2026-09-24T16:48:10.840682+00:00
NCR015,2024-05-05T15:00:00Z,32.85,20.1,976.6,3.62,336.0,0.0,0.0,openmeteo_archive,2026-09-24T16:48:10.840682+00:00
NCR015,2024-05-05T16:00:00Z,31.95,21.9,977.2,3.73,340.0,0.0,0.0,openmeteo_archive,2026-09-24T16:48:10.840682+00:00
NCR015,2024-05-05T17:00:00Z,30.85,23.6,977.5,3.52,345.0,0.0,0.0,openmeteo_archive,2026-09-24T16:48:10.840682+00:00
NCR015,2024-05-05T18:00:00Z,30.15,24.5,977.7,4.08,349.0,0.0,0.0,openmeteo_archive,2026-09-24T16:48:10.840682+00:00
NCR015,2024-05-05T19:00:00Z,29.7,25.2,977.4,3.67,343.0,0.0,0.0,openmeteo_archive,2026-09-24T16:48:10.840682+00:00
NCR015,2024-05-05T20:00:00Z,28.9,26.9,977.3,3.22,334.0,0.0,0.0,openmeteo_archive,2026-09-24T16:48:10.840682+00:00
NCR015,2024-05-05T21:00:00Z,27.4,29.7,977.3,2.48,317.0,0.0,0.0,openmeteo_archive,2026-09-24T16:48:10.840682+00:00
NCR015,2024-05-05T22:00:00Z,25.85,33.2,977.3,1.98,311.0,0.0,0.0,openmeteo_archive,2026-09-24T16:48:10.840682+00:00
NCR015,2024-05-05T23:00:00Z,25.25,34.5,977.6,1.89,302.0,0.0,0.0,openmeteo_archive,2026-09-24T16:48:10.840682+00:00
NCR015,2024-05-06T00:00:00Z,24.2,38.4,977.8,2.64,299.0,0.0,0.0,openmeteo_archive,2026-09-24T16:48:10.840682+00:00
NCR015,2024-05-06T01:00:00Z,26.3,36.9,979.3,1.7,298.0,0.0,36.8,openmeteo_archive,2026-09-24T16:48:10.840682+00:00
NCR015,2024-05-06T02:00:00Z,28.7,33.5,980.2,1.66,295.0,0.0,190.9,openmeteo_archive,2026-09-24T16:48:10.840682+00:00
NCR015,2024-05-06T03:00:00Z,31.7,28.6,980.9,1.33,283.0,0.0,370.1,openmeteo_archive,2026-09-24T16:48:10.840682+00:00
NCR015,2024-05-06T04:00:00Z,34.4,25.0,981.3,1.41,278.0,0.0,495.3,openmeteo_archive,2026-09-24T16:48:10.840682+00:00
NCR015,2024-05-06T05:00:00Z,36.55,21.9,981.5,1.92,298.0,0.0,573.8,openmeteo_archive,2026-09-24T16:48:10.840682+00:00
NCR015,2024-05-06T06:00:00Z,38.25,18.9,981.3,2.76,314.0,0.0,618.1,openmeteo_archive,2026-09-24T16:48:10.840682+00:00
NCR015,2024-05-06T07:00:00Z,39.4,16.3,980.6,4.67,313.0,0.0,588.0,openmeteo_archive,2026-09-24T16:48:10.840682+00:00
NCR015,2024-05-06T08:00:00Z,39.8,15.7,979.8,5.72,306.0,0.0,584.5,openmeteo_archive,2026-09-24T16:48:10.840682+00:00
NCR015,2024-05-06T09:00:00Z,39.75,15.9,979.1,5.82,305.0,0.0,546.0,openmeteo_archive,2026-09-24T16:48:10.840682+00:00
NCR015,2024-05-06T10:00:00Z,39.7,14.4,978.3,6.13,298.0,0.0,459.0,openmeteo_archive,2026-09-24T16:48:10.840682+00:00
NCR015,2024-05-06T11:00:00Z,38.8,14.6,978.0,6.76,299.0,0.0,265.1,openmeteo_archive,2026-09-24T16:48:10.840682+00:00
NCR015,2024-05-06T12:00:00Z,38.15,15.9,978.0,5.66,306.0,0.0,256.6,openmeteo_archive,2026-09-24T16:48:10.840682+00:00
NCR015,2024-05-06T13:00:00Z,36.5,16.6,978.2,4.1,317.0,0.0,127.8,openmeteo_archive,2026-09-24T16:48:10.840682+00:00
NCR015,2024-05-06T14:00:00Z,35.0,17.8,978.5,3.94,306.0,0.0,13.8,openmeteo_archive,2026-09-24T16:48:10.840682+00:00
NCR015,2024-05-06T15:00:00Z,34.2,18.8,978.9,3.36,300.0,0.0,0.0,openmeteo_archive,2026-09-24T16:48:10.840682+00:00
NCR015,2024-05-06T16:00:00Z,32.1,21.8,979.4,2.77,334.0,0.0,0.0,openmeteo_archive,2026-09-24T16:48:10.840682+00:00
NCR015,2024-05-06T17:00:00Z,30.7,24.5,979.3,2.4,2.0,0.0,0.0,openmeteo_archive,2026-09-24T16:48:10.840682+00:00
NCR015,2024-05-06T18:00:00Z,30.2,25.0,979.4,2.82,27.0,0.0,0.0,openmeteo_archive,2026-09-24T16:48:10.840682+00:00
NCR015,2024-05-06T19:00:00Z,28.7,28.5,979.2,2.28,337.0,0.0,0.0,openmeteo_archive,2026-09-24T16:48:10.840682+00:00
NCR015,2024-05-06T20:00:00Z,26.9,31.3,978.8,1.49,250.0,0.0,0.0,openmeteo_archive,2026-09-24T16:48:10.840682+00:00
NCR015,2024-05-06T21:00:00Z,28.15,28.8,978.6,0.4,270.0,0.0,0.0,openmeteo_archive,2026-09-24T16:48:10.840682+00:00
NCR015,2024-05-06T22:00:00Z,28.3,28.2,978.7,1.12,10.0,0.0,0.0,openmeteo_archive,2026-09-24T16:48:10.840682+00:00
NCR015,2024-05-06T23:00:00Z,25.8,33.5,979.1,1.8,19.0,0.0,0.0,openmeteo_archive,2026-09-24T16:48:10.840682+00:00
NCR015,2024-05-07T00:00:00Z,24.65,37.5,979.3,2.08,35.0,0.0,0.0,openmeteo_archive,2026-09-24T16:48:10.840682+00:00
NCR015,2024-05-07T01:00:00Z,28.15,32.2,980.3,0.61,351.0,0.0,36.4,openmeteo_archive,2026-09-24T16:48:10.840682+00:00
NCR015,2024-05-07T02:00:00Z,29.5,33.1,981.4,0.51,259.0,0.0,168.3,openmeteo_archive,2026-09-24T16:48:10.840682+00:00
NCR015,2024-05-07T03:00:00Z,31.95,27.8,982.3,0.81,330.0,0.0,275.5,openmeteo_archive,2026-09-24T16:48:10.840682+00:00
NCR015,2024-05-07T04:00:00Z,33.75,25.1,982.9,0.63,18.0,0.0,134.2,openmeteo_archive,2026-09-24T16:48:10.840682+00:00
NCR015,2024-05-07T05:00:00Z,36.1,22.2,982.8,1.08,56.0,0.0,192.6,openmeteo_archive,2026-09-24T16:48:10.840682+00:00
NCR015,2024-05-07T06:00:00Z,39.15,16.8,982.6,1.34,63.0,0.0,590.4,openmeteo_archive,2026-09-24T16:48:10.840682+00:00
NCR015,2024-05-07T07:00:00Z,40.3,14.4,982.0,0.81,30.0,0.0,572.0,openmeteo_archive,2026-09-24T16:48:10.840682+00:00
NCR015,2024-05-07T08:00:00Z,40.7,13.8,981.0,1.41,315.0,0.0,527.9,openmeteo_archive,2026-09-24T16:48:10.840682+00:00
NCR015,2024-05-07T09:00:00Z,41.05,13.4,980.2,2.34,290.0,0.0,556.5,openmeteo_archive,2026-09-24T16:48:10.840682+00:00
NCR015,2024-05-07T10:00:00Z,41.0,12.9,979.3,2.82,287.0,0.0,535.2,openmeteo_archive,2026-09-24T16:48:10.840682+00:00
NCR015,2024-05-07T11:00:00Z,40.8,12.3,979.3,3.35,297.0,0.0,453.2,openmeteo_archive,2026-09-24T16:48:10.840682+00:00
NCR015,2024-05-07T12:00:00Z,39.8,13.3,979.3,2.76,314.0,0.0,314.3,openmeteo_archive,2026-09-24T16:48:10.840682+00:00
NCR015,2024-05-07T13:00:00Z,36.75,21.8,978.9,1.56,50.0,0.0,126.7,openmeteo_archive,2026-09-24T16:48:10.840682+00:00
NCR015,2024-05-07T14:00:00Z,34.85,22.2,979.2,3.28,52.0,0.0,13.6,openmeteo_archive,2026-09-24T16:48:10.840682+00:00
NCR015,2024-05-07T15:00:00Z,33.0,23.8,979.9,2.14,53.0,0.0,0.0,openmeteo_archive,2026-09-24T16:48:10.840682+00:00
NCR015,2024-05-07T16:00:00Z,30.75,27.5,980.6,2.4,107.0,0.0,0.0,openmeteo_archive,2026-09-24T16:48:10.840682+00:00
NCR015,2024-05-07T17:00:00Z,31.4,30.9,981.2,3.91,130.0,0.0,0.0,openmeteo_archive,2026-09-24T16:48:10.840682+00:00
NCR015,2024-05-07T18:00:00Z,30.35,36.7,981.5,2.76,134.0,0.0,0.0,openmeteo_archive,2026-09-24T16:48:10.840682+00:00
NCR015,2024-05-07T19:00:00Z,28.55,42.6,981.3,1.63,79.0,0.0,0.0,openmeteo_archive,2026-09-24T16:48:10.840682+00:00
NCR015,2024-05-07T20:00:00Z,27.85,45.5,981.0,2.02,99.0,0.0,0.0,openmeteo_archive,2026-09-24T16:48:10.840682+00:00
NCR015,2024-05-07T21:00:00Z,28.05,45.4,980.4,3.06,142.0,0.0,0.0,openmeteo_archive,2026-09-24T16:48:10.840682+00:00
NCR015,2024-05-07T22:00:00Z,28.05,46.4,980.3,3.74,146.0,0.0,0.0,openmeteo_archive,2026-09-24T16:48:10.840682+00:00
NCR015,2024-05-07T23:00:00Z,27.45,48.3,980.7,3.13,153.0,0.0,0.0,openmeteo_archive,2026-09-24T16:48:10.840682+00:00
